GeneSymbol_Mouse,GeneSymbol_Human,Source,Daneman_Filter,In_Walchli_EC,In_Yang_EC,In_Winkler_EC,Human_BBB_Datasets_N,HumanEnsembl,MouseEnsembl,Mouse_OrthoType,Mouse_PercId,MacaqueEnsembl,Macaque_OrthoType,Macaque_PercId,Human_Biotype,Mouse_Biotype,Macaque_Biotype,Human_NonCoding,Mouse_NonCoding,Macaque_NonCoding,Any_NonCoding
Abca1,ABCA1,Daneman,lung_only,TRUE,FALSE,FALSE,1,ENSG00000165029,ENSMUSG00000015243,ortholog_one2one,95.3118,ENSMMUG00000020608,ortholog_one2one,98.4962,protein_coding,protein_coding,protein_coding,FALSE,FALSE,FALSE,FALSE
Abca5,ABCA5,Daneman,liver_only,TRUE,FALSE,FALSE,1,ENSG00000154265,ENSMUSG00000018800,ortholog_one2one,90.0731,ENSMMUG00000018608,ortholog_one2one,98.4775,protein_coding,protein_coding,protein_coding,FALSE,FALSE,FALSE,FALSE
Abca9,ABCA9,Daneman,liver_and_lung,TRUE,FALSE,FALSE,1,ENSG00000154258,ENSMUSG00000041797,ortholog_one2one,78.5714,ENSMMUG00000044129,ortholog_one2one,96.2438,protein_coding,protein_coding,protein_coding,FALSE,FALSE,FALSE,FALSE
Abcb1a,ABCB1,Both,liver_only,TRUE,FALSE,TRUE,2,ENSG00000085563,ENSMUSG00000040584,ortholog_one2many,87.2656,NA,NA,NA,protein_coding,protein_coding,NA,FALSE,FALSE,FALSE,FALSE
Abcb1a,ABCB1,Both,liver_only,TRUE,FALSE,TRUE,2,ENSG00000085563,ENSMUSG00000028970,ortholog_one2many,80.5469,NA,NA,NA,protein_coding,protein_coding,NA,FALSE,FALSE,FALSE,FALSE
Abcc4,ABCC4,Both,liver_only,TRUE,TRUE,TRUE,3,ENSG00000125257,ENSMUSG00000032849,ortholog_one2one,87.0943,ENSMMUG00000021807,ortholog_one2one,97.434,protein_coding,protein_coding,protein_coding,FALSE,FALSE,FALSE,FALSE
Abcc6,ABCC6,Munji,NA,TRUE,FALSE,FALSE,1,ENSG00000275331,NA,NA,NA,NA,NA,NA,protein_coding,NA,NA,FALSE,FALSE,FALSE,FALSE
Abcc9,ABCC9,Daneman,liver_and_lung,TRUE,FALSE,FALSE,1,ENSG00000069431,ENSMUSG00000030249,ortholog_one2one,95.2227,ENSMMUG00000020806,ortholog_one2one,98.0633,protein_coding,protein_coding,protein_coding,FALSE,FALSE,FALSE,FALSE
Abcg1,ABCG1,Daneman,lung_only,TRUE,FALSE,TRUE,2,ENSG00000160179,ENSMUSG00000024030,ortholog_one2one,96.8468,ENSMMUG00000018058,ortholog_one2one,98.1982,protein_coding,protein_coding,protein_coding,FALSE,FALSE,FALSE,FALSE
Abcg2,ABCG2,Munji,NA,TRUE,TRUE,TRUE,3,ENSG00000118777,ENSMUSG00000029299,ortholog_one2one,54.5038,NA,NA,NA,protein_coding,protein_coding,NA,FALSE,FALSE,FALSE,FALSE
Abhd2,ABHD2,Munji,NA,TRUE,FALSE,FALSE,1,ENSG00000140526,ENSMUSG00000039202,ortholog_one2one,98.8235,ENSMMUG00000014414,ortholog_one2one,99.7647,protein_coding,protein_coding,protein_coding,FALSE,FALSE,FALSE,FALSE
Abl2,ABL2,Daneman,lung_only,TRUE,TRUE,FALSE,2,ENSG00000143322,ENSMUSG00000026596,ortholog_one2one,94.7547,ENSMMUG00000006262,ortholog_one2one,99.2386,protein_coding,protein_coding,protein_coding,FALSE,FALSE,FALSE,FALSE
Ablim1,ABLIM1,Both,liver_only,TRUE,FALSE,TRUE,2,ENSG00000099204,ENSMUSG00000025085,ortholog_one2one,86.1183,ENSMMUG00000022524,ortholog_one2one,90.3599,protein_coding,protein_coding,protein_coding,FALSE,FALSE,FALSE,FALSE
Acaa2,ACAA2,Daneman,lung_only,TRUE,FALSE,FALSE,1,ENSG00000167315,ENSMUSG00000036880,ortholog_one2one,87.9093,ENSMMUG00000003040,ortholog_one2one,97.733,protein_coding,protein_coding,protein_coding,FALSE,FALSE,FALSE,FALSE
Acacb,ACACB,Munji,NA,TRUE,FALSE,TRUE,2,ENSG00000076555,ENSMUSG00000042010,ortholog_one2one,88.4459,ENSMMUG00000022698,ortholog_one2one,98.1286,protein_coding,protein_coding,protein_coding,FALSE,FALSE,FALSE,FALSE
Acadl,ACADL,Daneman,lung_only,TRUE,FALSE,FALSE,1,ENSG00000115361,ENSMUSG00000026003,ortholog_one2one,86.2791,NA,NA,NA,protein_coding,protein_coding,NA,FALSE,FALSE,FALSE,FALSE
Acat2,ACAT2,Munji,NA,TRUE,FALSE,FALSE,1,ENSG00000120437,ENSMUSG00000062480,ortholog_one2many,85.8942,ENSMMUG00000030261,ortholog_one2many,90.4282,protein_coding,protein_coding,protein_coding,FALSE,FALSE,FALSE,FALSE
Acat2,ACAT2,Munji,NA,TRUE,FALSE,FALSE,1,ENSG00000120437,ENSMUSG00000062480,ortholog_one2many,85.8942,ENSMMUG00000012843,ortholog_one2many,95.7179,protein_coding,protein_coding,protein_coding,FALSE,FALSE,FALSE,FALSE
Acat2,ACAT2,Munji,NA,TRUE,FALSE,FALSE,1,ENSG00000120437,ENSMUSG00000023832,ortholog_one2many,87.6574,ENSMMUG00000030261,ortholog_one2many,90.4282,protein_coding,protein_coding,protein_coding,FALSE,FALSE,FALSE,FALSE
Acat2,ACAT2,Munji,NA,TRUE,FALSE,FALSE,1,ENSG00000120437,ENSMUSG00000023832,ortholog_one2many,87.6574,ENSMMUG00000012843,ortholog_one2many,95.7179,protein_coding,protein_coding,protein_coding,FALSE,FALSE,FALSE,FALSE
Acbd5,ACBD5,Daneman,liver_only,TRUE,FALSE,FALSE,1,ENSG00000107897,ENSMUSG00000026781,ortholog_one2one,80.381,ENSMMUG00000016410,ortholog_one2one,97.5238,protein_coding,protein_coding,protein_coding,FALSE,FALSE,FALSE,FALSE
Ace,ACE,Daneman,liver_only,TRUE,FALSE,FALSE,1,ENSG00000159640,ENSMUSG00000020681,ortholog_one2one,83.3078,ENSMMUG00000012608,ortholog_one2one,97.7795,protein_coding,protein_coding,protein_coding,FALSE,FALSE,FALSE,FALSE
Ace2,ACE2,Daneman,liver_and_lung,FALSE,FALSE,FALSE,0,ENSG00000130234,ENSMUSG00000015405,ortholog_one2one,82.1118,ENSMMUG00000014048,ortholog_one2one,95.1553,protein_coding,protein_coding,protein_coding,FALSE,FALSE,FALSE,FALSE
Acot2,ACOT2,Munji,NA,TRUE,FALSE,FALSE,1,ENSG00000119673,ENSMUSG00000042540,ortholog_many2many,64.3892,NA,NA,NA,protein_coding,protein_coding,NA,FALSE,FALSE,FALSE,FALSE
Acot2,ACOT2,Munji,NA,TRUE,FALSE,FALSE,1,ENSG00000119673,ENSMUSG00000021226,ortholog_many2many,70.1863,NA,NA,NA,protein_coding,protein_coding,NA,FALSE,FALSE,FALSE,FALSE
Acot2,ACOT2,Munji,NA,TRUE,FALSE,FALSE,1,ENSG00000119673,ENSMUSG00000072949,ortholog_many2many,66.4596,NA,NA,NA,protein_coding,protein_coding,NA,FALSE,FALSE,FALSE,FALSE
Acot2,ACOT2,Munji,NA,TRUE,FALSE,FALSE,1,ENSG00000119673,ENSMUSG00000021228,ortholog_many2many,66.4596,NA,NA,NA,protein_coding,protein_coding,NA,FALSE,FALSE,FALSE,FALSE
Acot7,ACOT7,Daneman,lung_only,TRUE,FALSE,FALSE,1,ENSG00000097021,ENSMUSG00000028937,ortholog_one2one,84.8649,ENSMMUG00000004094,ortholog_one2one,80.8108,protein_coding,protein_coding,protein_coding,FALSE,FALSE,FALSE,FALSE
Acsl3,ACSL3,Munji,NA,TRUE,FALSE,FALSE,1,ENSG00000123983,ENSMUSG00000032883,ortholog_one2one,92.9167,ENSMMUG00000005393,ortholog_one2one,98.6111,protein_coding,protein_coding,protein_coding,FALSE,FALSE,FALSE,FALSE
Acsl6,ACSL6,Daneman,liver_only,TRUE,FALSE,FALSE,1,ENSG00000164398,ENSMUSG00000020333,ortholog_one2one,91.6898,ENSMMUG00000016909,ortholog_one2one,96.2604,protein_coding,protein_coding,protein_coding,FALSE,FALSE,FALSE,FALSE
Actl6a,ACTL6A,Daneman,lung_only,TRUE,FALSE,FALSE,1,ENSG00000136518,ENSMUSG00000027671,ortholog_one2one,98.8345,ENSMMUG00000009742,ortholog_one2one,100,protein_coding,protein_coding,protein_coding,FALSE,FALSE,FALSE,FALSE
Acvrl1,ACVRL1,Daneman,liver_only,TRUE,FALSE,TRUE,2,ENSG00000139567,ENSMUSG00000000530,ortholog_one2one,88.668,ENSMMUG00000004982,ortholog_one2one,98.6084,protein_coding,protein_coding,protein_coding,FALSE,FALSE,FALSE,FALSE
Adamts4,ADAMTS4,Daneman,lung_only,TRUE,FALSE,FALSE,1,ENSG00000158859,ENSMUSG00000006403,ortholog_one2one,90.4421,ENSMMUG00000050419,ortholog_one2one,99.0442,protein_coding,protein_coding,protein_coding,FALSE,FALSE,FALSE,FALSE
Adamts9,ADAMTS9,Daneman,lung_only,TRUE,TRUE,FALSE,2,ENSG00000163638,ENSMUSG00000030022,ortholog_one2one,88.9406,ENSMMUG00000000265,ortholog_one2one,99.1214,protein_coding,protein_coding,protein_coding,FALSE,FALSE,FALSE,FALSE
Adamtsl2,ADAMTSL2,Daneman,lung_only,TRUE,FALSE,FALSE,1,ENSG00000197859,ENSMUSG00000036040,ortholog_one2one,88.5384,ENSMMUG00000017203,ortholog_one2one,98.0021,protein_coding,protein_coding,protein_coding,FALSE,FALSE,FALSE,FALSE
Adcy9,ADCY9,Both,liver_only,TRUE,FALSE,FALSE,1,ENSG00000162104,ENSMUSG00000005580,ortholog_one2one,92.1656,ENSMMUG00000039943,ortholog_one2one,98.7435,protein_coding,protein_coding,protein_coding,FALSE,FALSE,FALSE,FALSE
Adh1,ADH1C,Daneman,lung_only,TRUE,FALSE,FALSE,1,ENSG00000248144,ENSMUSG00000074207,ortholog_one2many,85.0667,NA,NA,NA,protein_coding,protein_coding,NA,FALSE,FALSE,FALSE,FALSE
Adipor1,ADIPOR1,Daneman,lung_only,TRUE,FALSE,FALSE,1,ENSG00000159346,ENSMUSG00000026457,ortholog_one2one,96.8,ENSMMUG00000007046,ortholog_one2one,99.2,protein_coding,protein_coding,protein_coding,FALSE,FALSE,FALSE,FALSE
Adipor2,ADIPOR2,Daneman,liver_only,TRUE,FALSE,TRUE,2,ENSG00000285070,NA,NA,NA,NA,NA,NA,protein_coding,NA,NA,FALSE,FALSE,FALSE,FALSE
Adk,ADK,Daneman,liver_only,TRUE,FALSE,FALSE,1,ENSG00000156110,ENSMUSG00000039197,ortholog_one2one,91.4365,ENSMMUG00000022237,ortholog_one2one,97.2376,protein_coding,protein_coding,protein_coding,FALSE,FALSE,FALSE,FALSE
Adm,ADM,Daneman,lung_only,TRUE,FALSE,FALSE,1,ENSG00000148926,ENSMUSG00000030790,ortholog_one2one,65.9459,ENSMMUG00000016387,ortholog_one2one,82.1622,protein_coding,protein_coding,protein_coding,FALSE,FALSE,FALSE,FALSE
Adrbk2,ADRBK2,Daneman,liver_and_lung,FALSE,FALSE,FALSE,0,NA,NA,NA,NA,NA,NA,NA,NA,NA,NA,FALSE,FALSE,FALSE,FALSE
Agpat5,AGPAT5,Daneman,lung_only,TRUE,FALSE,FALSE,1,ENSG00000284980,NA,NA,NA,NA,NA,NA,protein_coding,NA,NA,FALSE,FALSE,FALSE,FALSE
Agr2,AGR2,Munji,NA,FALSE,FALSE,FALSE,0,ENSG00000106541,ENSMUSG00000020581,ortholog_one2one,91.4286,ENSMMUG00000017050,ortholog_one2one,98.8571,protein_coding,protein_coding,protein_coding,FALSE,FALSE,FALSE,FALSE
Agrn,AGRN,Munji,NA,TRUE,FALSE,TRUE,2,ENSG00000188157,ENSMUSG00000041936,ortholog_one2one,81.6137,ENSMMUG00000000838,ortholog_one2one,96.0391,protein_coding,protein_coding,protein_coding,FALSE,FALSE,FALSE,FALSE
Ahnak,AHNAK,Daneman,liver_only,TRUE,FALSE,FALSE,1,ENSG00000124942,ENSMUSG00000069833,ortholog_one2one,78.3362,ENSMMUG00000022301,ortholog_one2one,93.1918,protein_coding,protein_coding,protein_coding,FALSE,FALSE,FALSE,FALSE
Akr1b3,AKR1B1,Daneman,liver_and_lung,TRUE,FALSE,FALSE,1,ENSG00000085662,ENSMUSG00000001642,ortholog_one2one,85.443,ENSMMUG00000000917,ortholog_one2one,93.038,protein_coding,protein_coding,protein_coding,FALSE,FALSE,FALSE,FALSE
Alas1,ALAS1,Munji,NA,TRUE,FALSE,FALSE,1,ENSG00000023330,ENSMUSG00000032786,ortholog_one2one,91.7188,ENSMMUG00000005596,ortholog_one2one,99.2188,protein_coding,protein_coding,protein_coding,FALSE,FALSE,FALSE,FALSE
Alas2,ALAS2,Munji,NA,TRUE,FALSE,FALSE,1,ENSG00000158578,ENSMUSG00000025270,ortholog_one2one,90.1192,ENSMMUG00000008429,ortholog_one2one,98.1261,protein_coding,protein_coding,protein_coding,FALSE,FALSE,FALSE,FALSE
Aldh1a1,ALDH1A1,Daneman,liver_only,TRUE,FALSE,FALSE,1,ENSG00000165092,ENSMUSG00000053279,ortholog_one2many,87.0259,ENSMMUG00000013303,ortholog_one2one,95.8084,protein_coding,protein_coding,protein_coding,FALSE,FALSE,FALSE,FALSE
Aldh1a1,ALDH1A1,Daneman,liver_only,TRUE,FALSE,FALSE,1,ENSG00000165092,ENSMUSG00000024747,ortholog_one2many,84.4311,ENSMMUG00000013303,ortholog_one2one,95.8084,protein_coding,protein_coding,protein_coding,FALSE,FALSE,FALSE,FALSE
Aldh2,ALDH2,Daneman,liver_only,TRUE,FALSE,FALSE,1,ENSG00000111275,ENSMUSG00000029455,ortholog_one2one,94.7776,NA,NA,NA,protein_coding,protein_coding,NA,FALSE,FALSE,FALSE,FALSE
Aldh4a1,ALDH4A1,Munji,NA,TRUE,FALSE,FALSE,1,ENSG00000159423,ENSMUSG00000028737,ortholog_one2one,91.8295,ENSMMUG00000004751,ortholog_one2one,97.6909,protein_coding,protein_coding,protein_coding,FALSE,FALSE,FALSE,FALSE
Aldh5a1,ALDH5A1,Munji,NA,TRUE,FALSE,FALSE,1,ENSG00000112294,ENSMUSG00000035936,ortholog_one2one,83.7383,ENSMMUG00000019368,ortholog_one2one,96.4486,protein_coding,protein_coding,protein_coding,FALSE,FALSE,FALSE,FALSE
Aldh6a1,ALDH6A1,Daneman,liver_only,TRUE,FALSE,FALSE,1,ENSG00000119711,ENSMUSG00000021238,ortholog_one2one,94.7664,ENSMMUG00000012684,ortholog_one2one,97.757,protein_coding,protein_coding,protein_coding,FALSE,FALSE,FALSE,FALSE
Alg6,ALG6,Munji,NA,TRUE,FALSE,FALSE,1,ENSG00000088035,ENSMUSG00000073792,ortholog_one2one,84.4181,ENSMMUG00000020046,ortholog_one2one,97.4359,protein_coding,protein_coding,protein_coding,FALSE,FALSE,FALSE,FALSE
Alox12,ALOX12,Daneman,liver_only,FALSE,FALSE,FALSE,0,ENSG00000108839,ENSMUSG00000000320,ortholog_one2one,85.5204,ENSMMUG00000016264,ortholog_one2one,96.0784,protein_coding,protein_coding,protein_coding,FALSE,FALSE,FALSE,FALSE
Als2cl,ALS2CL,Daneman,liver_only,TRUE,FALSE,FALSE,1,ENSG00000178038,ENSMUSG00000044037,ortholog_one2one,81.2172,ENSMMUG00000021247,ortholog_one2one,96.957,protein_coding,protein_coding,protein_coding,FALSE,FALSE,FALSE,FALSE
Amd1,AMD1,Daneman,liver_only,TRUE,FALSE,FALSE,1,ENSG00000123505,ENSMUSG00000075232,ortholog_one2many,98.2036,ENSMMUG00000000535,ortholog_one2one,99.4012,protein_coding,protein_coding,protein_coding,FALSE,FALSE,FALSE,FALSE
Amd1,AMD1,Daneman,liver_only,TRUE,FALSE,FALSE,1,ENSG00000123505,ENSMUSG00000063953,ortholog_one2many,97.9042,ENSMMUG00000000535,ortholog_one2one,99.4012,protein_coding,protein_coding,protein_coding,FALSE,FALSE,FALSE,FALSE
Amot,AMOT,Both,liver_only,TRUE,FALSE,FALSE,1,ENSG00000126016,ENSMUSG00000041688,ortholog_one2one,87.2694,ENSMMUG00000007688,ortholog_one2one,97.786,protein_coding,protein_coding,protein_coding,FALSE,FALSE,FALSE,FALSE
Ampd3,AMPD3,Daneman,liver_only,TRUE,FALSE,FALSE,1,ENSG00000133805,ENSMUSG00000005686,ortholog_one2one,94.3937,ENSMMUG00000015785,ortholog_one2one,98.5658,protein_coding,protein_coding,protein_coding,FALSE,FALSE,FALSE,FALSE
Angpt2,ANGPT2,Daneman,lung_only,TRUE,FALSE,FALSE,1,ENSG00000091879,ENSMUSG00000031465,ortholog_one2one,85.4545,ENSMMUG00000010139,ortholog_one2one,98.9899,protein_coding,protein_coding,protein_coding,FALSE,FALSE,FALSE,FALSE
Angptl4,ANGPTL4,Daneman,lung_only,TRUE,FALSE,FALSE,1,ENSG00000167772,ENSMUSG00000002289,ortholog_one2one,75.3695,ENSMMUG00000000698,ortholog_one2one,95.0739,protein_coding,protein_coding,protein_coding,FALSE,FALSE,FALSE,FALSE
Ankrd12,ANKRD12,Daneman,liver_only,TRUE,FALSE,FALSE,1,ENSG00000101745,ENSMUSG00000034647,ortholog_one2one,81.3288,ENSMMUG00000049523,ortholog_one2one,97.9146,protein_coding,protein_coding,protein_coding,FALSE,FALSE,FALSE,FALSE
Ankrd46,ANKRD46,Daneman,liver_only,TRUE,FALSE,FALSE,1,ENSG00000186106,ENSMUSG00000048307,ortholog_one2one,97.807,ENSMMUG00000009958,ortholog_one2one,93.8596,protein_coding,protein_coding,protein_coding,FALSE,FALSE,FALSE,FALSE
Ankrd6,ANKRD6,Both,liver_only,TRUE,FALSE,FALSE,1,ENSG00000135299,ENSMUSG00000040183,ortholog_one2one,83.2187,ENSMMUG00000003462,ortholog_one2one,94.2228,protein_coding,protein_coding,protein_coding,FALSE,FALSE,FALSE,FALSE
Anks1,ANKS1A,Daneman,liver_only,TRUE,FALSE,TRUE,2,ENSG00000064999,ENSMUSG00000024219,ortholog_one2one,87.7425,ENSMMUG00000021718,ortholog_one2one,98.1481,protein_coding,protein_coding,protein_coding,FALSE,FALSE,FALSE,FALSE
Anln,ANLN,Daneman,lung_only,TRUE,FALSE,FALSE,1,ENSG00000011426,ENSMUSG00000036777,ortholog_one2one,80.1601,ENSMMUG00000021186,ortholog_one2one,97.242,protein_coding,protein_coding,protein_coding,FALSE,FALSE,FALSE,FALSE
Antxr2,ANTXR2,Daneman,lung_only,TRUE,FALSE,FALSE,1,ENSG00000163297,ENSMUSG00000029338,ortholog_one2one,82.7869,ENSMMUG00000003333,ortholog_one2one,96.7213,protein_coding,protein_coding,protein_coding,FALSE,FALSE,FALSE,FALSE
Anxa6,ANXA6,Daneman,lung_only,TRUE,FALSE,TRUE,2,ENSG00000197043,ENSMUSG00000018340,ortholog_one2one,94.3536,ENSMMUG00000021053,ortholog_one2one,98.9599,protein_coding,protein_coding,protein_coding,FALSE,FALSE,FALSE,FALSE
Anxa9,ANXA9,Munji,NA,TRUE,FALSE,FALSE,1,ENSG00000143412,ENSMUSG00000015702,ortholog_one2one,77.6812,ENSMMUG00000023231,ortholog_one2one,94.2029,protein_coding,protein_coding,protein_coding,FALSE,FALSE,FALSE,FALSE
Aox1,AOX1,Daneman,liver_only,FALSE,FALSE,FALSE,0,ENSG00000138356,ENSMUSG00000063558,ortholog_one2one,83.0344,ENSMMUG00000021931,ortholog_one2one,95.8147,protein_coding,protein_coding,protein_coding,FALSE,FALSE,FALSE,FALSE
Ap1s1,AP1S1,Daneman,lung_only,TRUE,FALSE,FALSE,1,ENSG00000106367,ENSMUSG00000004849,ortholog_one2one,100,ENSMMUG00000010162,ortholog_one2one,100,protein_coding,protein_coding,protein_coding,FALSE,FALSE,FALSE,FALSE
Ap2s1,AP2S1,Daneman,lung_only,TRUE,FALSE,FALSE,1,ENSG00000042753,ENSMUSG00000008036,ortholog_one2one,100,ENSMMUG00000000833,ortholog_one2one,93.662,protein_coding,protein_coding,protein_coding,FALSE,FALSE,FALSE,FALSE
Ap3m1,AP3M1,Daneman,liver_only,TRUE,FALSE,FALSE,1,ENSG00000185009,ENSMUSG00000021824,ortholog_one2one,99.5215,ENSMMUG00000020825,ortholog_one2one,99.7608,protein_coding,protein_coding,protein_coding,FALSE,FALSE,FALSE,FALSE
Apcdd1,APCDD1,Both,lung_only,TRUE,FALSE,TRUE,2,ENSG00000154856,ENSMUSG00000071847,ortholog_one2one,91.8288,ENSMMUG00000056891,ortholog_one2one,99.2218,protein_coding,protein_coding,protein_coding,FALSE,FALSE,FALSE,FALSE
Apex1,APEX1,Daneman,lung_only,TRUE,FALSE,FALSE,1,ENSG00000291796,NA,NA,NA,NA,NA,NA,protein_coding,NA,NA,FALSE,FALSE,FALSE,FALSE
Aph1a,APH1A,Both,lung_only,TRUE,FALSE,FALSE,1,ENSG00000117362,ENSMUSG00000015750,ortholog_one2one,99.2453,ENSMMUG00000021386,ortholog_one2one,80.7547,protein_coding,protein_coding,protein_coding,FALSE,FALSE,FALSE,FALSE
Apln,APLN,Daneman,lung_only,TRUE,FALSE,FALSE,1,ENSG00000171388,ENSMUSG00000037010,ortholog_one2one,83.1169,NA,NA,NA,protein_coding,protein_coding,NA,FALSE,FALSE,FALSE,FALSE
Apod,APOD,Both,lung_only,TRUE,FALSE,TRUE,2,ENSG00000189058,ENSMUSG00000022548,ortholog_one2one,71.9577,ENSMMUG00000063008,ortholog_one2one,87.3016,protein_coding,protein_coding,protein_coding,FALSE,FALSE,FALSE,FALSE
App,APP,Daneman,liver_only,TRUE,FALSE,TRUE,2,ENSG00000142192,ENSMUSG00000022892,ortholog_one2one,94.8052,ENSMMUG00000014384,ortholog_one2one,97.2727,protein_coding,protein_coding,protein_coding,FALSE,FALSE,FALSE,FALSE
Aprt,APRT,Daneman,lung_only,TRUE,FALSE,FALSE,1,ENSG00000198931,ENSMUSG00000006589,ortholog_one2one,82.7778,NA,NA,NA,protein_coding,protein_coding,NA,FALSE,FALSE,FALSE,FALSE
Aqp11,AQP11,Both,liver_only,TRUE,FALSE,FALSE,1,ENSG00000178301,ENSMUSG00000042797,ortholog_one2one,83.0258,ENSMMUG00000018944,ortholog_one2one,97.786,protein_coding,protein_coding,protein_coding,FALSE,FALSE,FALSE,FALSE
Arf4,ARF4,Daneman,lung_only,TRUE,FALSE,FALSE,1,ENSG00000168374,ENSMUSG00000021877,ortholog_one2one,94.4444,ENSMMUG00000018617,ortholog_one2many,100,protein_coding,protein_coding,protein_coding,FALSE,FALSE,FALSE,FALSE
Arf4,ARF4,Daneman,lung_only,TRUE,FALSE,FALSE,1,ENSG00000168374,ENSMUSG00000021877,ortholog_one2one,94.4444,ENSMMUG00000019688,ortholog_one2many,84.4444,protein_coding,protein_coding,protein_coding,FALSE,FALSE,FALSE,FALSE
Arfgap3,ARFGAP3,Daneman,liver_only,TRUE,FALSE,FALSE,1,ENSG00000242247,ENSMUSG00000054277,ortholog_one2one,81.3953,ENSMMUG00000002229,ortholog_one2one,95.7364,protein_coding,protein_coding,protein_coding,FALSE,FALSE,FALSE,FALSE
Arhgap12,ARHGAP12,Daneman,liver_only,TRUE,FALSE,FALSE,1,ENSG00000165322,ENSMUSG00000041225,ortholog_one2one,91.0165,ENSMMUG00000004778,ortholog_one2one,98.6998,protein_coding,protein_coding,protein_coding,FALSE,FALSE,FALSE,FALSE
Arhgap18,ARHGAP18,Daneman,lung_only,TRUE,FALSE,FALSE,1,ENSG00000146376,ENSMUSG00000039031,ortholog_one2one,84.7662,ENSMMUG00000020365,ortholog_one2one,96.9834,protein_coding,protein_coding,protein_coding,FALSE,FALSE,FALSE,FALSE
Arhgap26,ARHGAP26,Daneman,liver_only,TRUE,FALSE,TRUE,2,ENSG00000145819,ENSMUSG00000036452,ortholog_one2one,96.9697,ENSMMUG00000000419,ortholog_one2one,98.8142,protein_coding,protein_coding,protein_coding,FALSE,FALSE,FALSE,FALSE
Arhgap6,ARHGAP6,Daneman,liver_only,TRUE,FALSE,TRUE,2,ENSG00000047648,ENSMUSG00000031355,ortholog_one2one,85.9343,ENSMMUG00000003896,ortholog_one2one,97.5359,protein_coding,protein_coding,protein_coding,FALSE,FALSE,FALSE,FALSE
Arhgef15,ARHGEF15,Daneman,liver_only,TRUE,FALSE,FALSE,1,ENSG00000198844,ENSMUSG00000052921,ortholog_one2one,85.1367,ENSMMUG00000008749,ortholog_one2one,97.2652,protein_coding,protein_coding,protein_coding,FALSE,FALSE,FALSE,FALSE
Arhgef3,ARHGEF3,Daneman,liver_only,TRUE,FALSE,TRUE,2,ENSG00000163947,ENSMUSG00000021895,ortholog_one2one,91.635,ENSMMUG00000010163,ortholog_one2one,94.6768,protein_coding,protein_coding,protein_coding,FALSE,FALSE,FALSE,FALSE
Arhgef7,ARHGEF7,Daneman,lung_only,TRUE,FALSE,FALSE,1,ENSG00000102606,ENSMUSG00000031511,ortholog_one2one,84.6868,ENSMMUG00000013138,ortholog_one2one,99.652,protein_coding,protein_coding,protein_coding,FALSE,FALSE,FALSE,FALSE
Arhgef9,ARHGEF9,Munji,NA,TRUE,FALSE,FALSE,1,ENSG00000131089,ENSMUSG00000025656,ortholog_one2one,98.6616,ENSMMUG00000016233,ortholog_one2one,99.044,protein_coding,protein_coding,protein_coding,FALSE,FALSE,FALSE,FALSE
Arid4a,ARID4A,Daneman,liver_only,TRUE,FALSE,FALSE,1,ENSG00000032219,ENSMUSG00000048118,ortholog_one2one,85.8393,ENSMMUG00000003514,ortholog_one2one,98.9658,protein_coding,protein_coding,protein_coding,FALSE,FALSE,FALSE,FALSE
Arid5b,ARID5B,Daneman,liver_only,TRUE,FALSE,TRUE,2,ENSG00000150347,ENSMUSG00000019947,ortholog_one2one,88.0471,ENSMMUG00000000424,ortholog_one2one,98.3165,protein_coding,protein_coding,protein_coding,FALSE,FALSE,FALSE,FALSE
Arl4a,ARL4A,Munji,NA,TRUE,FALSE,TRUE,2,ENSG00000122644,ENSMUSG00000047446,ortholog_one2one,99.5,ENSMMUG00000010846,ortholog_one2one,99.5,protein_coding,protein_coding,protein_coding,FALSE,FALSE,FALSE,FALSE
Armcx2,ARMCX2,Daneman,lung_only,TRUE,FALSE,FALSE,1,ENSG00000184867,ENSMUSG00000033436,ortholog_one2one,78.7975,ENSMMUG00000015656,ortholog_one2one,98.1013,protein_coding,protein_coding,protein_coding,FALSE,FALSE,FALSE,FALSE
Arntl,ARNTL,Daneman,liver_only,TRUE,FALSE,FALSE,1,NA,NA,NA,NA,NA,NA,NA,NA,NA,NA,FALSE,FALSE,FALSE,FALSE
Art3,ART3,Daneman,liver_and_lung,TRUE,FALSE,FALSE,1,ENSG00000156219,ENSMUSG00000034842,ortholog_one2one,52.9563,ENSMMUG00000020907,ortholog_one2one,93.0591,protein_coding,protein_coding,protein_coding,FALSE,FALSE,FALSE,FALSE
Asb13,ASB13,Daneman,liver_only,TRUE,FALSE,FALSE,1,ENSG00000196372,ENSMUSG00000033781,ortholog_one2one,97.8417,ENSMMUG00000001290,ortholog_one2one,98.9209,protein_coding,protein_coding,protein_coding,FALSE,FALSE,FALSE,FALSE
Ash1l,ASH1L,Daneman,liver_only,TRUE,FALSE,FALSE,1,ENSG00000116539,ENSMUSG00000028053,ortholog_one2one,92.0378,ENSMMUG00000023146,ortholog_one2one,98.8192,protein_coding,protein_coding,protein_coding,FALSE,FALSE,FALSE,FALSE
Aspn,ASPN,Daneman,liver_and_lung,TRUE,FALSE,TRUE,2,ENSG00000292224,NA,NA,NA,NA,NA,NA,protein_coding,NA,NA,FALSE,FALSE,FALSE,FALSE
Atf2,ATF2,Daneman,liver_only,TRUE,FALSE,FALSE,1,ENSG00000115966,ENSMUSG00000027104,ortholog_one2one,95.6436,ENSMMUG00000003947,ortholog_one2one,100,protein_coding,protein_coding,protein_coding,FALSE,FALSE,FALSE,FALSE
Atf4,ATF4,Daneman,liver_only,TRUE,FALSE,TRUE,2,ENSG00000128272,ENSMUSG00000042406,ortholog_one2one,86.6097,ENSMMUG00000055780,ortholog_one2one,98.0057,protein_coding,protein_coding,protein_coding,FALSE,FALSE,FALSE,FALSE
Atf7ip,ATF7IP,Daneman,liver_only,TRUE,FALSE,FALSE,1,ENSG00000171681,ENSMUSG00000030213,ortholog_one2one,75.2756,ENSMMUG00000003664,ortholog_one2one,97.2441,protein_coding,protein_coding,protein_coding,FALSE,FALSE,FALSE,FALSE
Atp10a,ATP10A,Both,liver_only,TRUE,FALSE,TRUE,2,ENSG00000206190,ENSMUSG00000025324,ortholog_one2one,80.9873,ENSMMUG00000054546,ortholog_one2one,94.5297,protein_coding,protein_coding,protein_coding,FALSE,FALSE,FALSE,FALSE
Atp11a,ATP11A,Daneman,liver_only,TRUE,TRUE,TRUE,3,ENSG00000068650,ENSMUSG00000031441,ortholog_one2one,91.9753,ENSMMUG00000013625,ortholog_one2one,97.7954,protein_coding,protein_coding,protein_coding,FALSE,FALSE,FALSE,FALSE
Atp13a2,ATP13A2,Daneman,lung_only,TRUE,FALSE,FALSE,1,ENSG00000159363,ENSMUSG00000036622,ortholog_one2one,85.4237,ENSMMUG00000001610,ortholog_one2one,91.3559,protein_coding,protein_coding,protein_coding,FALSE,FALSE,FALSE,FALSE
Atp13a5,ATP13A5,Daneman,liver_and_lung,FALSE,FALSE,FALSE,0,ENSG00000187527,ENSMUSG00000048939,ortholog_one2one,82.9228,ENSMMUG00000009760,ortholog_one2one,95.4023,protein_coding,protein_coding,protein_coding,FALSE,FALSE,FALSE,FALSE
Atp1a2,ATP1A2,Daneman,liver_and_lung,TRUE,FALSE,FALSE,1,ENSG00000018625,ENSMUSG00000007097,ortholog_one2one,99.1176,NA,NA,NA,protein_coding,protein_coding,NA,FALSE,FALSE,FALSE,FALSE
Atp1b1,ATP1B1,Daneman,lung_only,TRUE,FALSE,TRUE,2,ENSG00000143153,ENSMUSG00000026576,ortholog_one2one,94.0594,ENSMMUG00000021078,ortholog_one2one,98.0198,protein_coding,protein_coding,protein_coding,FALSE,FALSE,FALSE,FALSE
Atp1b2,ATP1B2,Daneman,liver_and_lung,TRUE,FALSE,FALSE,1,ENSG00000129244,ENSMUSG00000041329,ortholog_one2one,97.2414,ENSMMUG00000044486,ortholog_one2one,99.3103,protein_coding,protein_coding,protein_coding,FALSE,FALSE,FALSE,FALSE
Atp2a3,ATP2A3,Daneman,liver_and_lung,TRUE,FALSE,FALSE,1,ENSG00000074370,ENSMUSG00000020788,ortholog_one2one,94.6947,ENSMMUG00000008263,ortholog_one2one,84.6847,protein_coding,protein_coding,protein_coding,FALSE,FALSE,FALSE,FALSE
Atp2c1,ATP2C1,Daneman,liver_only,TRUE,FALSE,FALSE,1,ENSG00000017260,ENSMUSG00000032570,ortholog_one2one,96.7356,ENSMMUG00000005137,ortholog_one2one,99.1295,protein_coding,protein_coding,protein_coding,FALSE,FALSE,FALSE,FALSE
Atp5a1,ATP5A1,Daneman,lung_only,TRUE,FALSE,FALSE,1,NA,NA,NA,NA,NA,NA,NA,NA,NA,NA,FALSE,FALSE,FALSE,FALSE
Atp5d,ATP5D,Daneman,lung_only,TRUE,FALSE,FALSE,1,NA,NA,NA,NA,NA,NA,NA,NA,NA,NA,FALSE,FALSE,FALSE,FALSE
Atp5f1,ATP5F1,Daneman,lung_only,TRUE,FALSE,FALSE,1,NA,NA,NA,NA,NA,NA,NA,NA,NA,NA,FALSE,FALSE,FALSE,FALSE
Atp5g1,ATP5G1,Daneman,lung_only,TRUE,FALSE,FALSE,1,NA,NA,NA,NA,NA,NA,NA,NA,NA,NA,FALSE,FALSE,FALSE,FALSE
Atp5g2,ATP5G2,Daneman,lung_only,TRUE,FALSE,FALSE,1,NA,NA,NA,NA,NA,NA,NA,NA,NA,NA,FALSE,FALSE,FALSE,FALSE
Atp5o,ATP5O,Daneman,lung_only,TRUE,FALSE,FALSE,1,NA,NA,NA,NA,NA,NA,NA,NA,NA,NA,FALSE,FALSE,FALSE,FALSE
Atp6v0d1,ATP6V0D1,Daneman,lung_only,TRUE,FALSE,FALSE,1,ENSG00000159720,ENSMUSG00000013160,ortholog_one2one,99.7151,ENSMMUG00000029105,ortholog_one2one,100,protein_coding,protein_coding,protein_coding,FALSE,FALSE,FALSE,FALSE
Atp8a1,ATP8A1,Daneman,liver_only,TRUE,FALSE,FALSE,1,ENSG00000124406,ENSMUSG00000037685,ortholog_one2one,98.11,ENSMMUG00000017733,ortholog_one2one,98.7972,protein_coding,protein_coding,protein_coding,FALSE,FALSE,FALSE,FALSE
Atp9a,ATP9A,Daneman,lung_only,TRUE,FALSE,TRUE,2,ENSG00000054793,ENSMUSG00000027546,ortholog_one2one,97.9943,ENSMMUG00000000918,ortholog_one2one,99.9045,protein_coding,protein_coding,protein_coding,FALSE,FALSE,FALSE,FALSE
Atpif1,ATPIF1,Daneman,lung_only,TRUE,FALSE,FALSE,1,NA,NA,NA,NA,NA,NA,NA,NA,NA,NA,FALSE,FALSE,FALSE,FALSE
Axin2,AXIN2,Both,liver_only,TRUE,FALSE,FALSE,1,ENSG00000168646,ENSMUSG00000000142,ortholog_one2one,90.0356,ENSMMUG00000060015,ortholog_one2one,98.4579,protein_coding,protein_coding,protein_coding,FALSE,FALSE,FALSE,FALSE
B2m,B2M,Daneman,liver_only,TRUE,FALSE,TRUE,2,ENSG00000273686,NA,NA,NA,NA,NA,NA,protein_coding,NA,NA,FALSE,FALSE,FALSE,FALSE
B3gnt1,B3GNT1,Daneman,liver_only,FALSE,FALSE,FALSE,0,NA,NA,NA,NA,NA,NA,NA,NA,NA,NA,FALSE,FALSE,FALSE,FALSE
B4galt4,B4GALT4,Munji,NA,TRUE,FALSE,FALSE,1,ENSG00000121578,ENSMUSG00000022793,ortholog_one2one,83.4302,ENSMMUG00000062606,ortholog_one2many,24.7093,protein_coding,protein_coding,protein_coding,FALSE,FALSE,FALSE,FALSE
B4galt4,B4GALT4,Munji,NA,TRUE,FALSE,FALSE,1,ENSG00000121578,ENSMUSG00000022793,ortholog_one2one,83.4302,ENSMMUG00000003592,ortholog_one2many,88.6628,protein_coding,protein_coding,protein_coding,FALSE,FALSE,FALSE,FALSE
Baiap2l1,BAIAP2L1,Munji,NA,TRUE,FALSE,FALSE,1,ENSG00000006453,ENSMUSG00000038859,ortholog_one2one,88.454,ENSMMUG00000013276,ortholog_one2one,95.8904,protein_coding,protein_coding,protein_coding,FALSE,FALSE,FALSE,FALSE
Bambi,BAMBI,Daneman,lung_only,TRUE,FALSE,FALSE,1,ENSG00000095739,ENSMUSG00000024232,ortholog_one2one,93.0769,ENSMMUG00000058108,ortholog_one2one,98.8462,protein_coding,protein_coding,protein_coding,FALSE,FALSE,FALSE,FALSE
Banf1,BANF1,Daneman,lung_only,TRUE,FALSE,FALSE,1,ENSG00000175334,ENSMUSG00000024844,ortholog_one2one,96.6292,NA,NA,NA,protein_coding,protein_coding,NA,FALSE,FALSE,FALSE,FALSE
Basp1,BASP1,Daneman,lung_only,TRUE,FALSE,FALSE,1,ENSG00000176788,ENSMUSG00000045763,ortholog_one2one,72.2467,ENSMMUG00000061751,ortholog_one2one,98.6784,protein_coding,protein_coding,protein_coding,FALSE,FALSE,FALSE,FALSE
Baz1a,BAZ1A,Daneman,lung_only,TRUE,FALSE,TRUE,2,ENSG00000198604,ENSMUSG00000035021,ortholog_one2one,87.1465,ENSMMUG00000058073,ortholog_one2one,98.5861,protein_coding,protein_coding,protein_coding,FALSE,FALSE,FALSE,FALSE
Bche,BCHE,Both,liver_only,TRUE,FALSE,FALSE,1,ENSG00000114200,ENSMUSG00000027792,ortholog_one2one,79.5681,ENSMMUG00000003742,ortholog_one2one,95.8472,protein_coding,protein_coding,protein_coding,FALSE,FALSE,FALSE,FALSE
Bcl10,BCL10,Daneman,lung_only,TRUE,FALSE,FALSE,1,ENSG00000142867,ENSMUSG00000028191,ortholog_one2one,90.5579,ENSMMUG00000005720,ortholog_one2one,99.1416,protein_coding,protein_coding,protein_coding,FALSE,FALSE,FALSE,FALSE
Bcl2l1,BCL2L1,Daneman,liver_only,TRUE,FALSE,FALSE,1,ENSG00000171552,ENSMUSG00000007659,ortholog_one2one,97.8541,ENSMMUG00000005985,ortholog_one2one,99.5708,protein_coding,protein_coding,protein_coding,FALSE,FALSE,FALSE,FALSE
Bcl6,BCL6,Daneman,liver_only,TRUE,FALSE,TRUE,2,ENSG00000113916,ENSMUSG00000022508,ortholog_one2one,94.7592,ENSMMUG00000009198,ortholog_one2one,97.5921,protein_coding,protein_coding,protein_coding,FALSE,FALSE,FALSE,FALSE
Bcl6b,BCL6B,Daneman,lung_only,TRUE,FALSE,FALSE,1,ENSG00000161940,ENSMUSG00000000317,ortholog_one2one,89.1441,ENSMMUG00000016268,ortholog_one2one,90.6054,protein_coding,protein_coding,protein_coding,FALSE,FALSE,FALSE,FALSE
Bcr,BCR,Daneman,lung_only,TRUE,TRUE,TRUE,3,ENSG00000186716,ENSMUSG00000009681,ortholog_one2one,93.9418,ENSMMUG00000023622,ortholog_one2one,98.7411,protein_coding,protein_coding,protein_coding,FALSE,FALSE,FALSE,FALSE
Bend5,BEND5,Munji,NA,TRUE,FALSE,FALSE,1,ENSG00000162373,ENSMUSG00000028545,ortholog_one2one,98.5748,NA,NA,NA,protein_coding,protein_coding,NA,FALSE,FALSE,FALSE,FALSE
Bgn,BGN,Daneman,liver_and_lung,TRUE,FALSE,FALSE,1,ENSG00000182492,ENSMUSG00000031375,ortholog_one2one,95.9239,ENSMMUG00000012743,ortholog_one2one,99.1848,protein_coding,protein_coding,protein_coding,FALSE,FALSE,FALSE,FALSE
Bin1,BIN1,Daneman,lung_only,TRUE,FALSE,FALSE,1,ENSG00000136717,ENSMUSG00000024381,ortholog_one2one,77.2344,ENSMMUG00000000376,ortholog_one2one,85.8347,protein_coding,protein_coding,protein_coding,FALSE,FALSE,FALSE,FALSE
Bmp1,BMP1,Daneman,lung_only,TRUE,FALSE,FALSE,1,ENSG00000168487,ENSMUSG00000022098,ortholog_one2one,96.0446,ENSMMUG00000013031,ortholog_one2one,99.4929,protein_coding,protein_coding,protein_coding,FALSE,FALSE,FALSE,FALSE
Bmp2,BMP2,Daneman,lung_only,TRUE,FALSE,FALSE,1,ENSG00000125845,ENSMUSG00000027358,ortholog_one2one,91.1616,ENSMMUG00000064170,ortholog_one2one,98.7374,protein_coding,protein_coding,protein_coding,FALSE,FALSE,FALSE,FALSE
Bmp2k,BMP2K,Daneman,lung_only,TRUE,FALSE,FALSE,1,ENSG00000138756,ENSMUSG00000034663,ortholog_one2one,82.3428,ENSMMUG00000011639,ortholog_one2one,97.2438,protein_coding,protein_coding,protein_coding,FALSE,FALSE,FALSE,FALSE
Bmpr1a,BMPR1A,Daneman,liver_and_lung,TRUE,FALSE,TRUE,2,ENSG00000107779,ENSMUSG00000021796,ortholog_one2one,97.9323,ENSMMUG00000011852,ortholog_one2one,99.6241,protein_coding,protein_coding,protein_coding,FALSE,FALSE,FALSE,FALSE
Bmpr2,BMPR2,Daneman,liver_only,TRUE,FALSE,TRUE,2,ENSG00000204217,ENSMUSG00000067336,ortholog_one2one,96.6281,ENSMMUG00000009009,ortholog_one2one,99.1329,protein_coding,protein_coding,protein_coding,FALSE,FALSE,FALSE,FALSE
Bnip1,BNIP1,Munji,NA,TRUE,FALSE,FALSE,1,ENSG00000113734,ENSMUSG00000024191,ortholog_one2one,93.8596,ENSMMUG00000014607,ortholog_one2one,99.5614,protein_coding,protein_coding,protein_coding,FALSE,FALSE,FALSE,FALSE
Bnip3,BNIP3,Daneman,liver_only,TRUE,FALSE,FALSE,1,ENSG00000176171,ENSMUSG00000078566,ortholog_one2one,90.2062,ENSMMUG00000058508,ortholog_one2many,99.4845,protein_coding,protein_coding,protein_coding,FALSE,FALSE,FALSE,FALSE
Bnip3,BNIP3,Daneman,liver_only,TRUE,FALSE,FALSE,1,ENSG00000176171,ENSMUSG00000078566,ortholog_one2one,90.2062,ENSMMUG00000022445,ortholog_one2many,99.4845,protein_coding,protein_coding,protein_coding,FALSE,FALSE,FALSE,FALSE
Bop1,BOP1,Daneman,lung_only,TRUE,FALSE,FALSE,1,ENSG00000261236,ENSMUSG00000022557,ortholog_one2one,82.9759,ENSMMUG00000014724,ortholog_one2one,93.4316,protein_coding,protein_coding,protein_coding,FALSE,FALSE,FALSE,FALSE
Bpgm,BPGM,Daneman,lung_only,TRUE,FALSE,FALSE,1,ENSG00000172331,ENSMUSG00000038871,ortholog_one2one,92.278,ENSMMUG00000004598,ortholog_one2one,98.8417,protein_coding,protein_coding,protein_coding,FALSE,FALSE,FALSE,FALSE
Bsg,BSG,Munji,NA,TRUE,TRUE,TRUE,3,ENSG00000172270,ENSMUSG00000023175,ortholog_one2one,65.4545,ENSMMUG00000018740,ortholog_one2one,54.026,protein_coding,protein_coding,protein_coding,FALSE,FALSE,FALSE,FALSE
Bspry,BSPRY,Munji,NA,FALSE,FALSE,FALSE,0,ENSG00000119411,ENSMUSG00000028392,ortholog_one2one,78.8557,ENSMMUG00000005851,ortholog_one2one,96.5174,protein_coding,protein_coding,protein_coding,FALSE,FALSE,FALSE,FALSE
Btbd11,BTBD11,Daneman,lung_only,FALSE,FALSE,FALSE,0,NA,NA,NA,NA,NA,NA,NA,NA,NA,NA,FALSE,FALSE,FALSE,FALSE
Btf3,BTF3,Daneman,lung_only,TRUE,FALSE,TRUE,2,ENSG00000145741,ENSMUSG00000021660,ortholog_one2one,78.6408,ENSMMUG00000002246,ortholog_one2one,59.2233,protein_coding,protein_coding,protein_coding,FALSE,FALSE,FALSE,FALSE
Btf3l4,BTF3L4,Daneman,lung_only,TRUE,FALSE,FALSE,1,ENSG00000134717,ENSMUSG00000114133,ortholog_one2one,100,ENSMMUG00000003636,ortholog_one2one,100,protein_coding,protein_coding,protein_coding,FALSE,FALSE,FALSE,FALSE
Btg2,BTG2,Daneman,liver_only,TRUE,FALSE,FALSE,1,ENSG00000159388,ENSMUSG00000020423,ortholog_one2one,93.6709,ENSMMUG00000053426,ortholog_one2one,99.3671,protein_coding,protein_coding,protein_coding,FALSE,FALSE,FALSE,FALSE
Bzw1,BZW1,Daneman,lung_only,TRUE,FALSE,FALSE,1,ENSG00000082153,ENSMUSG00000051223,ortholog_one2one,100,ENSMMUG00000022202,ortholog_one2one,99.7613,protein_coding,protein_coding,protein_coding,FALSE,FALSE,FALSE,FALSE
8430408G22Rik,C10ORF10,Daneman,liver_only,FALSE,FALSE,FALSE,0,NA,NA,NA,NA,NA,NA,NA,NA,NA,NA,FALSE,FALSE,FALSE,FALSE
2700094K13Rik,C11ORF31,Daneman,lung_only,FALSE,FALSE,FALSE,0,NA,NA,NA,NA,NA,NA,NA,NA,NA,NA,FALSE,FALSE,FALSE,FALSE
AI462493,C11ORF83,Daneman,lung_only,FALSE,FALSE,FALSE,0,NA,NA,NA,NA,NA,NA,NA,NA,NA,NA,FALSE,FALSE,FALSE,FALSE
Grcc10,C12ORF57,Daneman,lung_only,FALSE,FALSE,FALSE,0,NA,NA,NA,NA,NA,NA,NA,NA,NA,NA,FALSE,FALSE,FALSE,FALSE
2010107E04Rik,C14ORF2,Daneman,lung_only,FALSE,FALSE,FALSE,0,NA,NA,NA,NA,NA,NA,NA,NA,NA,NA,FALSE,FALSE,FALSE,FALSE
BC030336,C16ORF52,Daneman,liver_only,FALSE,FALSE,FALSE,0,NA,NA,NA,NA,NA,NA,NA,NA,NA,NA,FALSE,FALSE,FALSE,FALSE
AI467606,C16ORF54,Daneman,liver_and_lung,FALSE,FALSE,FALSE,0,NA,NA,NA,NA,NA,NA,NA,NA,NA,NA,FALSE,FALSE,FALSE,FALSE
AU021092,C16ORF89,Daneman,lung_only,FALSE,FALSE,FALSE,0,NA,NA,NA,NA,NA,NA,NA,NA,NA,NA,FALSE,FALSE,FALSE,FALSE
0610010K14Rik,C17ORF49,Daneman,lung_only,FALSE,FALSE,FALSE,0,NA,NA,NA,NA,NA,NA,NA,NA,NA,NA,FALSE,FALSE,FALSE,FALSE
2410015M20Rik,C19ORF70,Daneman,lung_only,FALSE,FALSE,FALSE,0,NA,NA,NA,NA,NA,NA,NA,NA,NA,NA,FALSE,FALSE,FALSE,FALSE
C130074G19Rik,C1ORF115,Munji,NA,FALSE,FALSE,FALSE,0,NA,NA,NA,NA,NA,NA,NA,NA,NA,NA,FALSE,FALSE,FALSE,FALSE
2810004N23Rik,C1ORF131,Munji,NA,FALSE,FALSE,FALSE,0,NA,NA,NA,NA,NA,NA,NA,NA,NA,NA,FALSE,FALSE,FALSE,FALSE
2310022B05Rik,C1ORF198,Munji,NA,FALSE,FALSE,FALSE,0,NA,NA,NA,NA,NA,NA,NA,NA,NA,NA,FALSE,FALSE,FALSE,FALSE
Gm694,C1ORF64,Munji,NA,FALSE,FALSE,FALSE,0,NA,NA,NA,NA,NA,NA,NA,NA,NA,NA,FALSE,FALSE,FALSE,FALSE
A130010J15Rik,C1ORF74,Munji,NA,FALSE,FALSE,FALSE,0,NA,NA,NA,NA,NA,NA,NA,NA,NA,NA,FALSE,FALSE,FALSE,FALSE
C1qbp,C1QBP,Daneman,lung_only,TRUE,FALSE,FALSE,1,ENSG00000108561,ENSMUSG00000018446,ortholog_one2one,85.8156,ENSMMUG00000006592,ortholog_one2one,94.3262,protein_coding,protein_coding,protein_coding,FALSE,FALSE,FALSE,FALSE
3010026O09Rik,C5ORF45,Daneman,liver_only,FALSE,FALSE,FALSE,0,NA,NA,NA,NA,NA,NA,NA,NA,NA,NA,FALSE,FALSE,FALSE,FALSE
3110082I17Rik,C7ORF50,Daneman,lung_only,FALSE,FALSE,FALSE,0,NA,NA,NA,NA,NA,NA,NA,NA,NA,NA,FALSE,FALSE,FALSE,FALSE
1810011O10Rik,C8ORF4,Daneman,liver_only,FALSE,FALSE,FALSE,0,NA,NA,NA,NA,NA,NA,NA,NA,NA,NA,FALSE,FALSE,FALSE,FALSE
Car2,CA2,Daneman,lung_only,TRUE,FALSE,FALSE,1,ENSG00000104267,ENSMUSG00000027562,ortholog_one2one,81.1538,ENSMMUG00000014891,ortholog_one2one,97.6923,protein_coding,protein_coding,protein_coding,FALSE,FALSE,FALSE,FALSE
Cab39l,CAB39L,Daneman,liver_only,TRUE,FALSE,FALSE,1,ENSG00000102547,ENSMUSG00000021981,ortholog_one2one,98.5163,ENSMMUG00000013472,ortholog_one2one,98.5163,protein_coding,protein_coding,protein_coding,FALSE,FALSE,FALSE,FALSE
Cables1,CABLES1,Daneman,liver_only,TRUE,FALSE,FALSE,1,ENSG00000134508,ENSMUSG00000040957,ortholog_one2one,80.7267,ENSMMUG00000005125,ortholog_one2one,97.3144,protein_coding,protein_coding,protein_coding,FALSE,FALSE,FALSE,FALSE
Cabyr,CABYR,Munji,NA,TRUE,FALSE,FALSE,1,ENSG00000154040,ENSMUSG00000024430,ortholog_one2one,75.1979,ENSMMUG00000004346,ortholog_one2one,47.2296,protein_coding,protein_coding,protein_coding,FALSE,FALSE,FALSE,FALSE
Cachd1,CACHD1,Both,lung_only,TRUE,FALSE,TRUE,2,ENSG00000158966,ENSMUSG00000028532,ortholog_one2one,96.9388,ENSMMUG00000007577,ortholog_one2one,99.2936,protein_coding,protein_coding,protein_coding,FALSE,FALSE,FALSE,FALSE
Capn2,CAPN2,Daneman,liver_only,TRUE,FALSE,FALSE,1,ENSG00000162909,ENSMUSG00000026509,ortholog_one2one,93.8571,ENSMMUG00000011142,ortholog_one2one,99.4286,protein_coding,protein_coding,protein_coding,FALSE,FALSE,FALSE,FALSE
Capzb,CAPZB,Daneman,lung_only,TRUE,FALSE,FALSE,1,ENSG00000077549,ENSMUSG00000028745,ortholog_one2one,99.6324,ENSMMUG00000006894,ortholog_one2one,99.2647,protein_coding,protein_coding,protein_coding,FALSE,FALSE,FALSE,FALSE
Card10,CARD10,Daneman,liver_only,TRUE,FALSE,FALSE,1,ENSG00000100065,ENSMUSG00000033170,ortholog_one2one,90.6008,ENSMMUG00000003007,ortholog_one2one,98.3527,protein_coding,protein_coding,protein_coding,FALSE,FALSE,FALSE,FALSE
Caskin2,CASKIN2,Daneman,liver_only,TRUE,FALSE,FALSE,1,ENSG00000177303,ENSMUSG00000034471,ortholog_one2one,89.4343,ENSMMUG00000022121,ortholog_one2one,98.2529,protein_coding,protein_coding,protein_coding,FALSE,FALSE,FALSE,FALSE
Casp3,CASP3,Daneman,lung_only,TRUE,FALSE,FALSE,1,ENSG00000164305,ENSMUSG00000031628,ortholog_one2one,86.6426,ENSMMUG00000012053,ortholog_one2one,95.6679,protein_coding,protein_coding,protein_coding,FALSE,FALSE,FALSE,FALSE
Casp6,CASP6,Daneman,lung_only,TRUE,FALSE,FALSE,1,ENSG00000138794,ENSMUSG00000027997,ortholog_one2one,84.6416,ENSMMUG00000008174,ortholog_one2one,96.587,protein_coding,protein_coding,protein_coding,FALSE,FALSE,FALSE,FALSE
Casp7,CASP7,Daneman,lung_only,TRUE,FALSE,FALSE,1,ENSG00000165806,ENSMUSG00000025076,ortholog_one2one,82.1782,ENSMMUG00000001217,ortholog_one2one,75.9076,protein_coding,protein_coding,protein_coding,FALSE,FALSE,FALSE,FALSE
Casp8,CASP8,Daneman,lung_only,TRUE,FALSE,FALSE,1,ENSG00000064012,ENSMUSG00000026029,ortholog_one2one,67.0146,ENSMMUG00000031296,ortholog_one2one,94.3633,protein_coding,protein_coding,protein_coding,FALSE,FALSE,FALSE,FALSE
Casp8ap2,CASP8AP2,Daneman,liver_only,TRUE,FALSE,FALSE,1,ENSG00000288475,NA,NA,NA,NA,NA,NA,protein_coding,NA,NA,FALSE,FALSE,FALSE,FALSE
Casq2,CASQ2,Daneman,liver_and_lung,TRUE,FALSE,TRUE,2,ENSG00000118729,ENSMUSG00000027861,ortholog_one2one,90.2256,ENSMMUG00000008970,ortholog_one2one,97.2431,protein_coding,protein_coding,protein_coding,FALSE,FALSE,FALSE,FALSE
Cast,CAST,Daneman,liver_only,TRUE,FALSE,FALSE,1,ENSG00000153113,NA,NA,NA,NA,NA,NA,NA,NA,NA,FALSE,FALSE,FALSE,FALSE
Cat,CAT,Daneman,lung_only,TRUE,FALSE,FALSE,1,ENSG00000121691,ENSMUSG00000027187,ortholog_one2one,89.3738,ENSMMUG00000002429,ortholog_one2one,94.3074,protein_coding,protein_coding,protein_coding,FALSE,FALSE,FALSE,FALSE
Cav2,CAV2,Daneman,liver_only,TRUE,FALSE,FALSE,1,ENSG00000105971,ENSMUSG00000000058,ortholog_one2one,90.1235,ENSMMUG00000061706,ortholog_one2one,98.1481,protein_coding,protein_coding,protein_coding,FALSE,FALSE,FALSE,FALSE
Cbr3,CBR3,Daneman,liver_only,TRUE,FALSE,FALSE,1,ENSG00000159231,ENSMUSG00000022947,ortholog_one2one,85.1986,ENSMMUG00000020565,ortholog_one2one,92.0578,protein_coding,protein_coding,protein_coding,FALSE,FALSE,FALSE,FALSE
Ccdc106,CCDC106,Munji,NA,TRUE,FALSE,FALSE,1,ENSG00000173581,ENSMUSG00000035228,ortholog_one2one,89.6429,ENSMMUG00000004808,ortholog_one2one,98.2143,protein_coding,protein_coding,protein_coding,FALSE,FALSE,FALSE,FALSE
Ccdc141,CCDC141,Munji,NA,TRUE,FALSE,FALSE,1,ENSG00000163492,ENSMUSG00000044033,ortholog_one2one,73.0065,ENSMMUG00000019689,ortholog_one2one,40.1307,protein_coding,protein_coding,protein_coding,FALSE,FALSE,FALSE,FALSE
Ccdc23,CCDC23,Daneman,lung_only,FALSE,FALSE,FALSE,0,NA,NA,NA,NA,NA,NA,NA,NA,NA,NA,FALSE,FALSE,FALSE,FALSE
Ccdc28a,CCDC28A,Daneman,liver_only,TRUE,FALSE,FALSE,1,ENSG00000024862,ENSMUSG00000059554,ortholog_one2one,93.4783,ENSMMUG00000017643,ortholog_one2one,100,protein_coding,protein_coding,protein_coding,FALSE,FALSE,FALSE,FALSE
Ccdc28b,CCDC28B,Daneman,lung_only,TRUE,FALSE,FALSE,1,ENSG00000160050,ENSMUSG00000028795,ortholog_one2one,96.5,ENSMMUG00000015066,ortholog_one2one,99.5,protein_coding,protein_coding,protein_coding,FALSE,FALSE,FALSE,FALSE
Ccdc61,CCDC61,Munji,NA,TRUE,FALSE,FALSE,1,ENSG00000104983,ENSMUSG00000074358,ortholog_one2one,85.3516,ENSMMUG00000008741,ortholog_one2one,96.6797,protein_coding,protein_coding,protein_coding,FALSE,FALSE,FALSE,FALSE
Ccdc85c,CCDC85C,Munji,NA,TRUE,FALSE,FALSE,1,ENSG00000205476,ENSMUSG00000084883,ortholog_one2one,93.5561,ENSMMUG00000046816,ortholog_one2one,98.3294,protein_coding,protein_coding,protein_coding,FALSE,FALSE,FALSE,FALSE
Ccdc92,CCDC92,Munji,NA,TRUE,FALSE,FALSE,1,ENSG00000275035,NA,NA,NA,NA,NA,NA,protein_coding,NA,NA,FALSE,FALSE,FALSE,FALSE
Ccnd1,CCND1,Daneman,lung_only,TRUE,FALSE,FALSE,1,ENSG00000110092,ENSMUSG00000070348,ortholog_one2one,93.8983,ENSMMUG00000002368,ortholog_one2one,81.3559,protein_coding,protein_coding,protein_coding,FALSE,FALSE,FALSE,FALSE
Ccnd2,CCND2,Daneman,lung_only,TRUE,FALSE,FALSE,1,ENSG00000118971,ENSMUSG00000000184,ortholog_one2one,92.0415,NA,NA,NA,protein_coding,protein_coding,NA,FALSE,FALSE,FALSE,FALSE
Ccng2,CCNG2,Munji,NA,TRUE,FALSE,FALSE,1,ENSG00000138764,ENSMUSG00000029385,ortholog_one2one,88.9535,ENSMMUG00000000914,ortholog_one2one,99.1279,protein_coding,protein_coding,protein_coding,FALSE,FALSE,FALSE,FALSE
Cct2,CCT2,Daneman,lung_only,TRUE,FALSE,FALSE,1,ENSG00000166226,ENSMUSG00000034024,ortholog_one2one,97.5701,ENSMMUG00000010820,ortholog_one2one,100,protein_coding,protein_coding,protein_coding,FALSE,FALSE,FALSE,FALSE
Cd1d1,CD1D,Daneman,lung_only,TRUE,FALSE,FALSE,1,ENSG00000158473,ENSMUSG00000041750,ortholog_one2many,46.8657,ENSMMUG00000020156,ortholog_one2one,93.1343,protein_coding,protein_coding,protein_coding,FALSE,FALSE,FALSE,FALSE
Cd1d1,CD1D,Daneman,lung_only,TRUE,FALSE,FALSE,1,ENSG00000158473,ENSMUSG00000028076,ortholog_one2many,61.194,ENSMMUG00000020156,ortholog_one2one,93.1343,protein_coding,protein_coding,protein_coding,FALSE,FALSE,FALSE,FALSE
Cd200,CD200,Daneman,liver_only,TRUE,FALSE,FALSE,1,ENSG00000091972,ENSMUSG00000022661,ortholog_one2one,76.5799,ENSMMUG00000016076,ortholog_one2one,95.1673,protein_coding,protein_coding,protein_coding,FALSE,FALSE,FALSE,FALSE
Cd248,CD248,Daneman,liver_and_lung,TRUE,FALSE,FALSE,1,ENSG00000174807,ENSMUSG00000056481,ortholog_one2one,78.4676,ENSMMUG00000015986,ortholog_one2one,96.6975,protein_coding,protein_coding,protein_coding,FALSE,FALSE,FALSE,FALSE
Cd2ap,CD2AP,Daneman,liver_only,TRUE,FALSE,TRUE,2,ENSG00000198087,ENSMUSG00000061665,ortholog_one2one,86.2285,ENSMMUG00000017952,ortholog_one2one,96.2441,protein_coding,protein_coding,protein_coding,FALSE,FALSE,FALSE,FALSE
Cd302,CD302,Daneman,liver_and_lung,TRUE,FALSE,FALSE,1,ENSG00000241399,ENSMUSG00000060703,ortholog_one2one,73.7069,ENSMMUG00000020721,ortholog_one2one,93.9655,protein_coding,protein_coding,protein_coding,FALSE,FALSE,FALSE,FALSE
Cd320,CD320,Both,lung_only,TRUE,FALSE,TRUE,2,ENSG00000167775,ENSMUSG00000002308,ortholog_one2one,56.0284,ENSMMUG00000016695,ortholog_one2one,82.9787,protein_coding,protein_coding,protein_coding,FALSE,FALSE,FALSE,FALSE
Cd38,CD38,Daneman,lung_only,TRUE,FALSE,FALSE,1,ENSG00000004468,ENSMUSG00000029084,ortholog_one2one,58,ENSMMUG00000015298,ortholog_one2one,92.3333,protein_coding,protein_coding,protein_coding,FALSE,FALSE,FALSE,FALSE
Cd3eap,CD3EAP,Munji,NA,TRUE,FALSE,FALSE,1,NA,NA,NA,NA,NA,NA,NA,NA,NA,NA,FALSE,FALSE,FALSE,FALSE
Cd40,CD40,Daneman,lung_only,TRUE,FALSE,FALSE,1,ENSG00000101017,ENSMUSG00000017652,ortholog_one2one,62.0939,ENSMMUG00000003683,ortholog_one2one,93.8628,protein_coding,protein_coding,protein_coding,FALSE,FALSE,FALSE,FALSE
Cd47,CD47,Daneman,liver_only,TRUE,FALSE,FALSE,1,ENSG00000196776,ENSMUSG00000055447,ortholog_one2one,72.1362,ENSMMUG00000008791,ortholog_one2one,91.6409,protein_coding,protein_coding,protein_coding,FALSE,FALSE,FALSE,FALSE
Cd82,CD82,Daneman,lung_only,TRUE,FALSE,FALSE,1,ENSG00000085117,ENSMUSG00000027215,ortholog_one2one,76.4045,ENSMMUG00000019268,ortholog_one2one,72.2846,protein_coding,protein_coding,protein_coding,FALSE,FALSE,FALSE,FALSE
Cdc14a,CDC14A,Daneman,liver_only,TRUE,FALSE,TRUE,2,ENSG00000079335,ENSMUSG00000033502,ortholog_one2one,86.3636,ENSMMUG00000019106,ortholog_one2one,97.138,protein_coding,protein_coding,protein_coding,FALSE,FALSE,FALSE,FALSE
Cdc20,CDC20,Daneman,lung_only,TRUE,FALSE,FALSE,1,ENSG00000117399,ENSMUSG00000006398,ortholog_one2one,94.7896,ENSMMUG00000003149,ortholog_one2one,99.5992,protein_coding,protein_coding,protein_coding,FALSE,FALSE,FALSE,FALSE
Cdc23,CDC23,Daneman,liver_and_lung,TRUE,FALSE,FALSE,1,ENSG00000094880,ENSMUSG00000024370,ortholog_one2one,95.4774,ENSMMUG00000001515,ortholog_one2one,99.1625,protein_coding,protein_coding,protein_coding,FALSE,FALSE,FALSE,FALSE
Cdc37l1,CDC37L1,Daneman,liver_only,TRUE,FALSE,FALSE,1,ENSG00000106993,ENSMUSG00000024780,ortholog_one2one,88.724,ENSMMUG00000000141,ortholog_one2one,98.5163,protein_coding,protein_coding,protein_coding,FALSE,FALSE,FALSE,FALSE
Cdc42ep3,CDC42EP3,Munji,NA,TRUE,FALSE,FALSE,1,ENSG00000163171,ENSMUSG00000036533,ortholog_one2one,92.5197,ENSMMUG00000052788,ortholog_one2one,99.2126,protein_coding,protein_coding,protein_coding,FALSE,FALSE,FALSE,FALSE
Cdc42se1,CDC42SE1,Munji,NA,TRUE,FALSE,FALSE,1,ENSG00000197622,ENSMUSG00000046722,ortholog_one2one,98.7342,ENSMMUG00000010074,ortholog_one2one,100,protein_coding,protein_coding,protein_coding,FALSE,FALSE,FALSE,FALSE
Cdca4,CDCA4,Daneman,lung_only,TRUE,FALSE,FALSE,1,ENSG00000170779,ENSMUSG00000047832,ortholog_one2one,73.029,ENSMMUG00000007516,ortholog_one2one,97.0954,protein_coding,protein_coding,protein_coding,FALSE,FALSE,FALSE,FALSE
Cdca8,CDCA8,Daneman,lung_only,TRUE,FALSE,FALSE,1,ENSG00000134690,ENSMUSG00000028873,ortholog_one2one,78.9286,ENSMMUG00000014340,ortholog_one2one,97.1429,protein_coding,protein_coding,protein_coding,FALSE,FALSE,FALSE,FALSE
Cdh11,CDH11,Daneman,liver_and_lung,TRUE,FALSE,TRUE,2,ENSG00000140937,ENSMUSG00000031673,ortholog_one2one,97.3618,ENSMMUG00000005520,ortholog_one2one,99.3719,protein_coding,protein_coding,protein_coding,FALSE,FALSE,FALSE,FALSE
Cdh2,CDH2,Both,lung_only,TRUE,FALSE,TRUE,2,ENSG00000170558,ENSMUSG00000024304,ortholog_one2one,96.7991,ENSMMUG00000015178,ortholog_one2one,99.2274,protein_coding,protein_coding,protein_coding,FALSE,FALSE,FALSE,FALSE
Cdipt,CDIPT,Daneman,lung_only,TRUE,FALSE,FALSE,1,ENSG00000103502,ENSMUSG00000030682,ortholog_one2one,96.2441,ENSMMUG00000018985,ortholog_one2one,99.061,protein_coding,protein_coding,protein_coding,FALSE,FALSE,FALSE,FALSE
Cdk4,CDK4,Daneman,lung_only,TRUE,FALSE,FALSE,1,ENSG00000135446,ENSMUSG00000006728,ortholog_one2one,94.7195,ENSMMUG00000023694,ortholog_one2one,99.67,protein_coding,protein_coding,protein_coding,FALSE,FALSE,FALSE,FALSE
Cdk5rap3,CDK5RAP3,Daneman,lung_only,TRUE,FALSE,FALSE,1,ENSG00000108465,ENSMUSG00000018669,ortholog_one2one,88.1423,ENSMMUG00000004760,ortholog_one2one,97.8261,protein_coding,protein_coding,protein_coding,FALSE,FALSE,FALSE,FALSE
Cdr2,CDR2,Daneman,lung_only,TRUE,FALSE,FALSE,1,ENSG00000140743,ENSMUSG00000030878,ortholog_one2one,88.9868,ENSMMUG00000022035,ortholog_one2one,98.2379,protein_coding,protein_coding,protein_coding,FALSE,FALSE,FALSE,FALSE
Cds2,CDS2,Daneman,liver_only,TRUE,FALSE,FALSE,1,ENSG00000101290,ENSMUSG00000058793,ortholog_one2one,96.1798,ENSMMUG00000013261,ortholog_one2one,99.5506,protein_coding,protein_coding,protein_coding,FALSE,FALSE,FALSE,FALSE
Cdv3,CDV3,Daneman,lung_only,TRUE,FALSE,FALSE,1,ENSG00000091527,ENSMUSG00000032803,ortholog_one2one,84.1085,ENSMMUG00000000058,ortholog_one2one,80.2326,protein_coding,protein_coding,protein_coding,FALSE,FALSE,FALSE,FALSE
Ceacam2,CEACAM1,Both,liver_only,TRUE,FALSE,FALSE,1,ENSG00000079385,NA,NA,NA,NA,NA,NA,protein_coding,NA,NA,FALSE,FALSE,FALSE,FALSE
Cebpg,CEBPG,Daneman,liver_only,TRUE,FALSE,FALSE,1,ENSG00000153879,ENSMUSG00000056216,ortholog_one2one,91.3333,ENSMMUG00000062413,ortholog_one2one,99.3333,protein_coding,protein_coding,protein_coding,FALSE,FALSE,FALSE,FALSE
Cenpa,CENPA,Daneman,lung_only,TRUE,FALSE,FALSE,1,ENSG00000115163,ENSMUSG00000029177,ortholog_one2one,69.2857,ENSMMUG00000015934,ortholog_one2one,92.8571,protein_coding,protein_coding,protein_coding,FALSE,FALSE,FALSE,FALSE
Cep164,CEP164,Munji,NA,TRUE,FALSE,FALSE,1,ENSG00000110274,ENSMUSG00000043987,ortholog_one2one,67.0548,ENSMMUG00000007791,ortholog_one2one,84.6575,protein_coding,protein_coding,protein_coding,FALSE,FALSE,FALSE,FALSE
Cep97,CEP97,Munji,NA,TRUE,FALSE,FALSE,1,ENSG00000182504,ENSMUSG00000022604,ortholog_one2one,76.5318,ENSMMUG00000015062,ortholog_one2one,94.3353,protein_coding,protein_coding,protein_coding,FALSE,FALSE,FALSE,FALSE
Cept1,CEPT1,Daneman,liver_only,TRUE,FALSE,FALSE,1,ENSG00000134255,ENSMUSG00000040774,ortholog_one2one,98.5577,ENSMMUG00000002461,ortholog_one2one,99.7596,protein_coding,protein_coding,protein_coding,FALSE,FALSE,FALSE,FALSE
Cerk,CERK,Daneman,lung_only,TRUE,FALSE,FALSE,1,ENSG00000100422,ENSMUSG00000035891,ortholog_one2one,83.6127,ENSMMUG00000020950,ortholog_one2one,98.324,protein_coding,protein_coding,protein_coding,FALSE,FALSE,FALSE,FALSE
Cfh,CFH,Daneman,liver_only,TRUE,TRUE,TRUE,3,ENSG00000000971,NA,NA,NA,ENSMMUG00000045497,ortholog_one2one,87.9773,protein_coding,NA,protein_coding,FALSE,FALSE,FALSE,FALSE
Cflar,CFLAR,Daneman,liver_only,TRUE,FALSE,TRUE,2,ENSG00000003402,ENSMUSG00000026031,ortholog_one2one,65.8333,ENSMMUG00000012310,ortholog_one2one,95.8333,protein_coding,protein_coding,protein_coding,FALSE,FALSE,FALSE,FALSE
Cggbp1,CGGBP1,Daneman,lung_only,TRUE,FALSE,FALSE,1,ENSG00000163320,ENSMUSG00000054604,ortholog_one2one,98.2036,ENSMMUG00000047994,ortholog_one2one,99.4012,protein_coding,protein_coding,protein_coding,FALSE,FALSE,FALSE,FALSE
Ch25h,CH25H,Daneman,liver_only,TRUE,FALSE,TRUE,2,ENSG00000138135,ENSMUSG00000050370,ortholog_one2one,77.9412,ENSMMUG00000055047,ortholog_one2one,94.8529,protein_coding,protein_coding,protein_coding,FALSE,FALSE,FALSE,FALSE
Chd6,CHD6,Daneman,liver_only,TRUE,FALSE,FALSE,1,ENSG00000124177,ENSMUSG00000057133,ortholog_one2one,88.582,ENSMMUG00000020458,ortholog_one2one,98.3057,protein_coding,protein_coding,protein_coding,FALSE,FALSE,FALSE,FALSE
Chmp6,CHMP6,Daneman,lung_only,TRUE,FALSE,FALSE,1,ENSG00000176108,ENSMUSG00000025371,ortholog_one2one,92.5373,ENSMMUG00000060324,ortholog_one2one,92.0398,protein_coding,protein_coding,protein_coding,FALSE,FALSE,FALSE,FALSE
Chn2,CHN2,Daneman,liver_only,TRUE,FALSE,FALSE,1,ENSG00000106069,ENSMUSG00000004633,ortholog_one2one,97.6496,ENSMMUG00000008329,ortholog_one2one,99.1453,protein_coding,protein_coding,protein_coding,FALSE,FALSE,FALSE,FALSE
Chst1,CHST1,Daneman,lung_only,TRUE,FALSE,FALSE,1,ENSG00000175264,ENSMUSG00000027221,ortholog_one2one,94.1606,ENSMMUG00000000874,ortholog_one2one,97.8102,protein_coding,protein_coding,protein_coding,FALSE,FALSE,FALSE,FALSE
Chst7,CHST7,Daneman,lung_only,TRUE,FALSE,FALSE,1,ENSG00000147119,ENSMUSG00000037347,ortholog_one2one,87.4486,ENSMMUG00000019663,ortholog_one2one,98.1481,protein_coding,protein_coding,protein_coding,FALSE,FALSE,FALSE,FALSE
Ckap4,CKAP4,Daneman,lung_only,TRUE,FALSE,FALSE,1,ENSG00000136026,ENSMUSG00000046841,ortholog_one2one,80.0664,ENSMMUG00000055446,ortholog_one2one,97.1761,protein_coding,protein_coding,protein_coding,FALSE,FALSE,FALSE,FALSE
Cklf,CKLF,Daneman,lung_only,TRUE,FALSE,FALSE,1,ENSG00000217555,ENSMUSG00000054400,ortholog_one2one,57.8947,NA,NA,NA,protein_coding,protein_coding,NA,FALSE,FALSE,FALSE,FALSE
Cks1b,CKS1B,Daneman,lung_only,TRUE,FALSE,FALSE,1,ENSG00000173207,ENSMUSG00000062687,ortholog_one2many,93.6709,ENSMMUG00000056894,ortholog_one2one,100,protein_coding,protein_coding,protein_coding,FALSE,FALSE,FALSE,FALSE
Cks1b,CKS1B,Daneman,lung_only,TRUE,FALSE,FALSE,1,ENSG00000173207,ENSMUSG00000028044,ortholog_one2many,100,ENSMMUG00000056894,ortholog_one2one,100,protein_coding,protein_coding,protein_coding,FALSE,FALSE,FALSE,FALSE
Cks2,CKS2,Daneman,lung_only,TRUE,FALSE,FALSE,1,ENSG00000123975,ENSMUSG00000062248,ortholog_one2one,98.7342,ENSMMUG00000064761,ortholog_one2one,100,protein_coding,protein_coding,protein_coding,FALSE,FALSE,FALSE,FALSE
Clcc1,CLCC1,Daneman,liver_only,TRUE,FALSE,FALSE,1,ENSG00000121940,ENSMUSG00000027884,ortholog_one2one,72.7768,ENSMMUG00000000390,ortholog_one2one,96.1888,protein_coding,protein_coding,protein_coding,FALSE,FALSE,FALSE,FALSE
Cldn6,CLDN6,Munji,NA,TRUE,FALSE,FALSE,1,ENSG00000184697,ENSMUSG00000023906,ortholog_one2one,87.7273,ENSMMUG00000041201,ortholog_one2one,99.5455,protein_coding,protein_coding,protein_coding,FALSE,FALSE,FALSE,FALSE
Clec14a,CLEC14A,Daneman,lung_only,TRUE,FALSE,TRUE,2,ENSG00000176435,ENSMUSG00000045930,ortholog_one2one,63.2653,ENSMMUG00000051249,ortholog_one2one,93.8775,protein_coding,protein_coding,protein_coding,FALSE,FALSE,FALSE,FALSE
Clec1a,CLEC1A,Daneman,lung_only,TRUE,FALSE,TRUE,2,ENSG00000150048,ENSMUSG00000033082,ortholog_one2one,67.1429,ENSMMUG00000005832,ortholog_one2one,90,protein_coding,protein_coding,protein_coding,FALSE,FALSE,FALSE,FALSE
Clic4,CLIC4,Daneman,liver_only,TRUE,FALSE,FALSE,1,ENSG00000169504,ENSMUSG00000037242,ortholog_one2one,98.8142,ENSMMUG00000002416,ortholog_one2one,99.6047,protein_coding,protein_coding,protein_coding,FALSE,FALSE,FALSE,FALSE
Clic5,CLIC5,Daneman,liver_only,TRUE,FALSE,FALSE,1,ENSG00000112782,ENSMUSG00000023959,ortholog_one2one,92.8287,ENSMMUG00000003511,ortholog_one2one,96.0159,protein_coding,protein_coding,protein_coding,FALSE,FALSE,FALSE,FALSE
Clock,CLOCK,Daneman,liver_only,TRUE,FALSE,FALSE,1,ENSG00000134852,ENSMUSG00000029238,ortholog_one2one,96.0993,ENSMMUG00000001919,ortholog_one2one,98.5816,protein_coding,protein_coding,protein_coding,FALSE,FALSE,FALSE,FALSE
Clstn1,CLSTN1,Daneman,liver_only,TRUE,FALSE,FALSE,1,ENSG00000171603,ENSMUSG00000039953,ortholog_one2one,92.4567,ENSMMUG00000006225,ortholog_one2one,90.8257,protein_coding,protein_coding,protein_coding,FALSE,FALSE,FALSE,FALSE
Clta,CLTA,Daneman,lung_only,TRUE,FALSE,FALSE,1,ENSG00000122705,ENSMUSG00000028478,ortholog_one2one,99.0826,ENSMMUG00000006132,ortholog_one2one,100,protein_coding,protein_coding,protein_coding,FALSE,FALSE,FALSE,FALSE
Cnih4,CNIH4,Daneman,liver_only,TRUE,FALSE,FALSE,1,ENSG00000143771,ENSMUSG00000062169,ortholog_one2one,95.6835,ENSMMUG00000063959,ortholog_one2one,98.5611,protein_coding,protein_coding,protein_coding,FALSE,FALSE,FALSE,FALSE
Cnn3,CNN3,Daneman,lung_only,TRUE,FALSE,FALSE,1,ENSG00000117519,ENSMUSG00000053931,ortholog_one2one,97.8723,ENSMMUG00000001690,ortholog_one2one,95.4407,protein_coding,protein_coding,protein_coding,FALSE,FALSE,FALSE,FALSE
Cnnm2,CNNM2,Munji,NA,TRUE,FALSE,FALSE,1,ENSG00000148842,ENSMUSG00000064105,ortholog_one2one,97.8286,ENSMMUG00000003747,ortholog_one2one,93.0286,protein_coding,protein_coding,protein_coding,FALSE,FALSE,FALSE,FALSE
Cnot6l,CNOT6L,Munji,NA,TRUE,FALSE,TRUE,2,ENSG00000138767,ENSMUSG00000034724,ortholog_one2one,97.1171,ENSMMUG00000045609,ortholog_one2one,99.8198,protein_coding,protein_coding,protein_coding,FALSE,FALSE,FALSE,FALSE
Cnot8,CNOT8,Daneman,lung_only,TRUE,FALSE,TRUE,2,ENSG00000155508,ENSMUSG00000020515,ortholog_one2one,99.3151,ENSMMUG00000008318,ortholog_one2one,100,protein_coding,protein_coding,protein_coding,FALSE,FALSE,FALSE,FALSE
Cnr2,CNR2,Daneman,lung_only,TRUE,FALSE,FALSE,1,ENSG00000188822,ENSMUSG00000062585,ortholog_one2one,79.7222,ENSMMUG00000004217,ortholog_one2one,96.3889,protein_coding,protein_coding,protein_coding,FALSE,FALSE,FALSE,FALSE
Cntrob,CNTROB,Munji,NA,TRUE,FALSE,FALSE,1,ENSG00000170037,ENSMUSG00000032782,ortholog_one2one,83.8317,ENSMMUG00000022225,ortholog_one2one,97.1207,protein_coding,protein_coding,protein_coding,FALSE,FALSE,FALSE,FALSE
Cobll1,COBLL1,Munji,NA,TRUE,TRUE,TRUE,3,ENSG00000082438,ENSMUSG00000034903,ortholog_one2one,68.7943,ENSMMUG00000009400,ortholog_one2one,94.8582,protein_coding,protein_coding,protein_coding,FALSE,FALSE,FALSE,FALSE
Col14a1,COL14A1,Daneman,liver_only,TRUE,FALSE,TRUE,2,ENSG00000187955,ENSMUSG00000022371,ortholog_one2one,89.8107,ENSMMUG00000002595,ortholog_one2one,98.1069,protein_coding,protein_coding,protein_coding,FALSE,FALSE,FALSE,FALSE
Col18a1,COL18A1,Daneman,lung_only,TRUE,FALSE,TRUE,2,ENSG00000182871,ENSMUSG00000001435,ortholog_one2one,77.2965,ENSMMUG00000004472,ortholog_one2one,93.2786,protein_coding,protein_coding,protein_coding,FALSE,FALSE,FALSE,FALSE
Col1a2,COL1A2,Daneman,liver_and_lung,TRUE,FALSE,TRUE,2,ENSG00000164692,ENSMUSG00000029661,ortholog_one2one,89.8975,ENSMMUG00000039654,ortholog_one2one,92.2401,protein_coding,protein_coding,protein_coding,FALSE,FALSE,FALSE,FALSE
Col3a1,COL3A1,Daneman,liver_and_lung,TRUE,FALSE,TRUE,2,ENSG00000291748,NA,NA,NA,NA,NA,NA,protein_coding,NA,NA,FALSE,FALSE,FALSE,FALSE
Col4a2,COL4A2,Daneman,lung_only,TRUE,FALSE,TRUE,2,ENSG00000134871,ENSMUSG00000031503,ortholog_one2one,83.6449,ENSMMUG00000022282,ortholog_one2one,96.1449,protein_coding,protein_coding,protein_coding,FALSE,FALSE,FALSE,FALSE
Col4a3bp,COL4A3BP,Both,liver_only,TRUE,FALSE,FALSE,1,NA,NA,NA,NA,NA,NA,NA,NA,NA,NA,FALSE,FALSE,FALSE,FALSE
Col5a2,COL5A2,Daneman,liver_and_lung,TRUE,FALSE,FALSE,1,ENSG00000204262,ENSMUSG00000026042,ortholog_one2one,94.7298,ENSMMUG00000021290,ortholog_one2one,99.4663,protein_coding,protein_coding,protein_coding,FALSE,FALSE,FALSE,FALSE
Gm684,COLCA2,Munji,NA,TRUE,FALSE,FALSE,1,NA,NA,NA,NA,NA,NA,NA,NA,NA,NA,FALSE,FALSE,FALSE,FALSE
Commd3,COMMD3,Daneman,lung_only,TRUE,FALSE,FALSE,1,ENSG00000148444,ENSMUSG00000051154,ortholog_one2one,89.2308,NA,NA,NA,protein_coding,protein_coding,NA,FALSE,FALSE,FALSE,FALSE
Commd4,COMMD4,Daneman,lung_only,TRUE,FALSE,FALSE,1,ENSG00000140365,ENSMUSG00000032299,ortholog_one2one,90.4523,ENSMMUG00000047011,ortholog_one2one,96.9849,protein_coding,protein_coding,protein_coding,FALSE,FALSE,FALSE,FALSE
Commd8,COMMD8,Daneman,lung_only,TRUE,FALSE,FALSE,1,ENSG00000169019,ENSMUSG00000029213,ortholog_one2one,76.5027,ENSMMUG00000021777,ortholog_one2one,95.6284,protein_coding,protein_coding,protein_coding,FALSE,FALSE,FALSE,FALSE
Cops4,COPS4,Daneman,lung_only,TRUE,FALSE,FALSE,1,ENSG00000138663,ENSMUSG00000035297,ortholog_one2one,99.5074,ENSMMUG00000022312,ortholog_one2one,90.3941,protein_coding,protein_coding,protein_coding,FALSE,FALSE,FALSE,FALSE
Cops5,COPS5,Daneman,lung_only,TRUE,FALSE,FALSE,1,ENSG00000121022,ENSMUSG00000025917,ortholog_one2one,99.4012,ENSMMUG00000006281,ortholog_one2one,100,protein_coding,protein_coding,protein_coding,FALSE,FALSE,FALSE,FALSE
Cops6,COPS6,Daneman,lung_only,TRUE,FALSE,FALSE,1,ENSG00000168090,ENSMUSG00000019494,ortholog_one2one,90.2141,ENSMMUG00000013440,ortholog_one2one,70.3364,protein_coding,protein_coding,protein_coding,FALSE,FALSE,FALSE,FALSE
Copz2,COPZ2,Daneman,liver_only,TRUE,FALSE,FALSE,1,ENSG00000005243,ENSMUSG00000018672,ortholog_one2one,89.0476,ENSMMUG00000021934,ortholog_one2one,100,protein_coding,protein_coding,protein_coding,FALSE,FALSE,FALSE,FALSE
Coq7,COQ7,Daneman,lung_only,TRUE,FALSE,FALSE,1,ENSG00000167186,ENSMUSG00000030652,ortholog_one2one,79.7235,ENSMMUG00000011613,ortholog_one2one,81.106,protein_coding,protein_coding,protein_coding,FALSE,FALSE,FALSE,FALSE
Coro1a,CORO1A,Daneman,lung_only,TRUE,FALSE,FALSE,1,ENSG00000102879,ENSMUSG00000030707,ortholog_one2one,94.577,ENSMMUG00000007329,ortholog_one2one,99.1323,protein_coding,protein_coding,protein_coding,FALSE,FALSE,FALSE,FALSE
Coro1c,CORO1C,Daneman,lung_only,TRUE,FALSE,FALSE,1,ENSG00000110880,ENSMUSG00000004530,ortholog_one2one,97.4684,ENSMMUG00000000512,ortholog_one2one,99.5781,protein_coding,protein_coding,protein_coding,FALSE,FALSE,FALSE,FALSE
Cotl1,COTL1,Daneman,lung_only,TRUE,FALSE,FALSE,1,ENSG00000103187,ENSMUSG00000031827,ortholog_one2one,95.0704,ENSMMUG00000053589,ortholog_one2one,99.2958,protein_coding,protein_coding,protein_coding,FALSE,FALSE,FALSE,FALSE
Cp,CP,Daneman,liver_only,TRUE,TRUE,TRUE,3,ENSG00000047457,ENSMUSG00000003617,ortholog_one2one,82.6291,ENSMMUG00000005529,ortholog_one2one,96.4319,protein_coding,protein_coding,protein_coding,FALSE,FALSE,FALSE,FALSE
Cpd,CPD,Daneman,liver_only,TRUE,FALSE,TRUE,2,ENSG00000108582,ENSMUSG00000020841,ortholog_one2one,91.1594,ENSMMUG00000037644,ortholog_one2one,98.1159,protein_coding,protein_coding,protein_coding,FALSE,FALSE,FALSE,FALSE
Cpe,CPE,Daneman,lung_only,TRUE,FALSE,TRUE,2,ENSG00000109472,ENSMUSG00000037852,ortholog_one2one,96.6387,ENSMMUG00000023400,ortholog_one2one,99.3698,protein_coding,protein_coding,protein_coding,FALSE,FALSE,FALSE,FALSE
Cpm,CPM,Daneman,liver_and_lung,TRUE,FALSE,FALSE,1,ENSG00000135678,ENSMUSG00000020183,ortholog_one2one,84.8758,ENSMMUG00000000946,ortholog_one2one,96.614,protein_coding,protein_coding,protein_coding,FALSE,FALSE,FALSE,FALSE
Crem,CREM,Daneman,lung_only,TRUE,FALSE,TRUE,2,ENSG00000095794,ENSMUSG00000063889,ortholog_one2one,86.9565,ENSMMUG00000022508,ortholog_one2one,93.311,protein_coding,protein_coding,protein_coding,FALSE,FALSE,FALSE,FALSE
Crim1,CRIM1,Daneman,liver_only,TRUE,FALSE,TRUE,2,ENSG00000277354,NA,NA,NA,NA,NA,NA,protein_coding,NA,NA,FALSE,FALSE,FALSE,FALSE
Crip1,CRIP1,Daneman,liver_only,TRUE,FALSE,TRUE,2,ENSG00000213145,ENSMUSG00000006360,ortholog_one2one,97.4026,ENSMMUG00000056589,ortholog_one2one,100,protein_coding,protein_coding,protein_coding,FALSE,FALSE,FALSE,FALSE
Crispld1,CRISPLD1,Daneman,liver_only,TRUE,FALSE,FALSE,1,ENSG00000121005,ENSMUSG00000025776,ortholog_one2one,94.6,ENSMMUG00000011040,ortholog_one2one,98,protein_coding,protein_coding,protein_coding,FALSE,FALSE,FALSE,FALSE
Crispld2,CRISPLD2,Daneman,liver_and_lung,TRUE,FALSE,TRUE,2,ENSG00000103196,ENSMUSG00000031825,ortholog_one2one,77.4648,ENSMMUG00000011245,ortholog_one2one,97.5855,protein_coding,protein_coding,protein_coding,FALSE,FALSE,FALSE,FALSE
Crk,CRK,Daneman,lung_only,TRUE,FALSE,FALSE,1,ENSG00000167193,ENSMUSG00000017776,ortholog_one2one,99.6711,ENSMMUG00000040390,ortholog_one2one,100,protein_coding,protein_coding,protein_coding,FALSE,FALSE,FALSE,FALSE
Crmp1,CRMP1,Daneman,lung_only,TRUE,FALSE,FALSE,1,ENSG00000072832,ENSMUSG00000029121,ortholog_one2one,79.3003,ENSMMUG00000019563,ortholog_one2one,95.3353,protein_coding,protein_coding,protein_coding,FALSE,FALSE,FALSE,FALSE
Csf1,CSF1,Daneman,lung_only,TRUE,FALSE,FALSE,1,ENSG00000184371,ENSMUSG00000014599,ortholog_one2one,70.0361,ENSMMUG00000002680,ortholog_one2one,95.8484,protein_coding,protein_coding,protein_coding,FALSE,FALSE,FALSE,FALSE
Csnk1a1,CSNK1A1,Daneman,liver_only,TRUE,FALSE,FALSE,1,ENSG00000113712,ENSMUSG00000024576,ortholog_one2one,98.5163,ENSMMUG00000001758,ortholog_one2one,100,protein_coding,protein_coding,protein_coding,FALSE,FALSE,FALSE,FALSE
Csnk1d,CSNK1D,Daneman,lung_only,TRUE,FALSE,FALSE,1,ENSG00000141551,ENSMUSG00000025162,ortholog_one2one,97.3494,ENSMMUG00000018329,ortholog_one2one,97.5904,protein_coding,protein_coding,protein_coding,FALSE,FALSE,FALSE,FALSE
Csnk1g2,CSNK1G2,Daneman,lung_only,TRUE,FALSE,FALSE,1,ENSG00000133275,ENSMUSG00000003345,ortholog_one2one,95.1807,ENSMMUG00000006620,ortholog_one2one,88.9157,protein_coding,protein_coding,protein_coding,FALSE,FALSE,FALSE,FALSE
Csnk2b,CSNK2B,Daneman,lung_only,TRUE,FALSE,FALSE,1,ENSG00000204435,ENSMUSG00000024387,ortholog_one2one,100,NA,NA,NA,protein_coding,protein_coding,NA,FALSE,FALSE,FALSE,FALSE
Cspg4,CSPG4,Daneman,liver_and_lung,TRUE,FALSE,FALSE,1,ENSG00000173546,ENSMUSG00000032911,ortholog_one2one,83.4625,ENSMMUG00000016104,ortholog_one2one,96.6839,protein_coding,protein_coding,protein_coding,FALSE,FALSE,FALSE,FALSE
Csrp1,CSRP1,Daneman,lung_only,TRUE,FALSE,TRUE,2,ENSG00000159176,ENSMUSG00000026421,ortholog_one2one,99.4819,ENSMMUG00000020772,ortholog_one2one,91.1917,protein_coding,protein_coding,protein_coding,FALSE,FALSE,FALSE,FALSE
Csrp2,CSRP2,Daneman,lung_only,TRUE,FALSE,TRUE,2,ENSG00000175183,ENSMUSG00000020186,ortholog_one2one,99.4819,ENSMMUG00000018257,ortholog_one2one,100,protein_coding,protein_coding,protein_coding,FALSE,FALSE,FALSE,FALSE
Cstf2t,CSTF2T,Daneman,liver_only,TRUE,FALSE,FALSE,1,ENSG00000177613,ENSMUSG00000053536,ortholog_one2one,91.0714,ENSMMUG00000058901,ortholog_one2one,97.8896,protein_coding,protein_coding,protein_coding,FALSE,FALSE,FALSE,FALSE
Ctdspl,CTDSPL,Daneman,liver_and_lung,TRUE,FALSE,FALSE,1,ENSG00000144677,ENSMUSG00000047409,ortholog_one2one,96.3768,ENSMMUG00000002907,ortholog_one2one,78.2609,protein_coding,protein_coding,protein_coding,FALSE,FALSE,FALSE,FALSE
Ctgf,CTGF,Daneman,liver_only,TRUE,FALSE,FALSE,1,NA,NA,NA,NA,NA,NA,NA,NA,NA,NA,FALSE,FALSE,FALSE,FALSE
Ctnnbl1,CTNNBL1,Daneman,lung_only,TRUE,FALSE,FALSE,1,ENSG00000132792,ENSMUSG00000027649,ortholog_one2one,96.0924,ENSMMUG00000017224,ortholog_one2one,95.3819,protein_coding,protein_coding,protein_coding,FALSE,FALSE,FALSE,FALSE
Ctnnd2,CTNND2,Daneman,liver_only,TRUE,FALSE,FALSE,1,ENSG00000169862,ENSMUSG00000022240,ortholog_one2one,96.7347,ENSMMUG00000023419,ortholog_one2one,99.5918,protein_coding,protein_coding,protein_coding,FALSE,FALSE,FALSE,FALSE
Ctsk,CTSK,Daneman,lung_only,TRUE,FALSE,FALSE,1,ENSG00000143387,ENSMUSG00000028111,ortholog_one2one,86.0182,NA,NA,NA,protein_coding,protein_coding,NA,FALSE,FALSE,FALSE,FALSE
Ctsw,CTSW,Daneman,lung_only,TRUE,FALSE,FALSE,1,ENSG00000172543,ENSMUSG00000024910,ortholog_one2one,68.0851,ENSMMUG00000008649,ortholog_one2one,94.4149,protein_coding,protein_coding,protein_coding,FALSE,FALSE,FALSE,FALSE
Cuedc1,CUEDC1,Daneman,liver_only,TRUE,FALSE,FALSE,1,ENSG00000180891,ENSMUSG00000018378,ortholog_one2one,87.3057,ENSMMUG00000009228,ortholog_one2one,96.8912,protein_coding,protein_coding,protein_coding,FALSE,FALSE,FALSE,FALSE
Cwf19l2,CWF19L2,Daneman,liver_only,TRUE,FALSE,FALSE,1,ENSG00000152404,ENSMUSG00000025898,ortholog_one2one,73.4899,ENSMMUG00000013724,ortholog_one2one,95.8613,protein_coding,protein_coding,protein_coding,FALSE,FALSE,FALSE,FALSE
Cx3cl1,CX3CL1,Daneman,liver_only,TRUE,FALSE,FALSE,1,ENSG00000006210,ENSMUSG00000031778,ortholog_one2one,64.9874,ENSMMUG00000059578,ortholog_one2one,93.7028,protein_coding,protein_coding,protein_coding,FALSE,FALSE,FALSE,FALSE
Cxcl12,CXCL12,Both,liver_only,TRUE,FALSE,TRUE,2,ENSG00000107562,ENSMUSG00000061353,ortholog_one2one,93.2584,ENSMMUG00000012181,ortholog_one2one,96.6292,protein_coding,protein_coding,protein_coding,FALSE,FALSE,FALSE,FALSE
Cxcl1,CXCL2,Daneman,lung_only,TRUE,FALSE,TRUE,2,ENSG00000081041,NA,NA,NA,NA,NA,NA,protein_coding,NA,NA,FALSE,FALSE,FALSE,FALSE
Cxcl2,CXCL3,Daneman,lung_only,TRUE,FALSE,FALSE,1,ENSG00000163734,ENSMUSG00000029380,ortholog_one2many,52.3364,ENSMMUG00000051444,ortholog_one2one,66.3551,protein_coding,protein_coding,protein_coding,FALSE,FALSE,FALSE,FALSE
Cxcl2,CXCL3,Daneman,lung_only,TRUE,FALSE,FALSE,1,ENSG00000163734,ENSMUSG00000029379,ortholog_one2many,50.4673,ENSMMUG00000051444,ortholog_one2one,66.3551,protein_coding,protein_coding,protein_coding,FALSE,FALSE,FALSE,FALSE
Cxcl2,CXCL3,Daneman,lung_only,TRUE,FALSE,FALSE,1,ENSG00000163734,ENSMUSG00000058427,ortholog_one2many,57.9439,ENSMMUG00000051444,ortholog_one2one,66.3551,protein_coding,protein_coding,protein_coding,FALSE,FALSE,FALSE,FALSE
Cxcr4,CXCR4,Daneman,lung_only,TRUE,FALSE,TRUE,2,ENSG00000121966,ENSMUSG00000045382,ortholog_one2one,91.1932,ENSMMUG00000011918,ortholog_one2one,97.1591,protein_coding,protein_coding,protein_coding,FALSE,FALSE,FALSE,FALSE
Cxxc5,CXXC5,Daneman,lung_only,TRUE,FALSE,FALSE,1,ENSG00000171604,ENSMUSG00000046668,ortholog_one2one,93.1677,ENSMMUG00000001941,ortholog_one2one,97.8261,protein_coding,protein_coding,protein_coding,FALSE,FALSE,FALSE,FALSE
Cyb561,CYB561,Daneman,liver_only,TRUE,FALSE,FALSE,1,ENSG00000008283,ENSMUSG00000019590,ortholog_one2one,88.0478,ENSMMUG00000013412,ortholog_one2one,80.8765,protein_coding,protein_coding,protein_coding,FALSE,FALSE,FALSE,FALSE
Cyba,CYBA,Daneman,lung_only,TRUE,FALSE,FALSE,1,ENSG00000051523,ENSMUSG00000006519,ortholog_one2one,86.6667,ENSMMUG00000053929,ortholog_one2one,66.1538,protein_coding,protein_coding,protein_coding,FALSE,FALSE,FALSE,FALSE
Cyp26b1,CYP26B1,Daneman,liver_only,TRUE,FALSE,FALSE,1,ENSG00000003137,ENSMUSG00000063415,ortholog_one2one,96.2891,ENSMMUG00000012141,ortholog_one2one,99.0234,protein_coding,protein_coding,protein_coding,FALSE,FALSE,FALSE,FALSE
Cyp4v3,CYP4V2,Daneman,liver_only,TRUE,FALSE,FALSE,1,ENSG00000145476,ENSMUSG00000079057,ortholog_one2one,81.9048,ENSMMUG00000011632,ortholog_one2one,88.381,protein_coding,protein_coding,protein_coding,FALSE,FALSE,FALSE,FALSE
Cyr61,CYR61,Both,liver_only,TRUE,FALSE,FALSE,1,NA,NA,NA,NA,NA,NA,NA,NA,NA,NA,FALSE,FALSE,FALSE,FALSE
Daam1,DAAM1,Daneman,liver_and_lung,TRUE,FALSE,FALSE,1,ENSG00000100592,ENSMUSG00000034574,ortholog_one2one,97.2846,ENSMMUG00000021070,ortholog_one2one,99.2509,protein_coding,protein_coding,protein_coding,FALSE,FALSE,FALSE,FALSE
Daam2,DAAM2,Daneman,liver_and_lung,TRUE,FALSE,FALSE,1,ENSG00000146122,ENSMUSG00000040260,ortholog_one2one,91.9476,ENSMMUG00000019072,ortholog_one2one,99.3446,protein_coding,protein_coding,protein_coding,FALSE,FALSE,FALSE,FALSE
Dab2,DAB2,Daneman,lung_only,TRUE,FALSE,FALSE,1,ENSG00000153071,ENSMUSG00000022150,ortholog_one2one,83.5065,ENSMMUG00000019879,ortholog_one2one,97.4026,protein_coding,protein_coding,protein_coding,FALSE,FALSE,FALSE,FALSE
Dab2ip,DAB2IP,Daneman,liver_only,TRUE,FALSE,TRUE,2,ENSG00000136848,ENSMUSG00000026883,ortholog_one2one,97.3928,ENSMMUG00000004639,ortholog_one2one,81.9176,protein_coding,protein_coding,protein_coding,FALSE,FALSE,FALSE,FALSE
Dad1,DAD1,Daneman,lung_only,TRUE,FALSE,FALSE,1,ENSG00000129562,ENSMUSG00000022174,ortholog_one2one,100,ENSMMUG00000000830,ortholog_one2one,100,protein_coding,protein_coding,protein_coding,FALSE,FALSE,FALSE,FALSE
Dagla,DAGLA,Munji,NA,TRUE,FALSE,FALSE,1,ENSG00000134780,ENSMUSG00000035735,ortholog_one2one,97.5048,ENSMMUG00000049301,ortholog_one2one,99.6161,protein_coding,protein_coding,protein_coding,FALSE,FALSE,FALSE,FALSE
Dars,DARS,Daneman,lung_only,TRUE,FALSE,FALSE,1,NA,NA,NA,NA,NA,NA,NA,NA,NA,NA,FALSE,FALSE,FALSE,FALSE
Dbp,DBP,Daneman,liver_only,TRUE,FALSE,FALSE,1,ENSG00000105516,ENSMUSG00000059824,ortholog_one2one,92.6154,ENSMMUG00000022160,ortholog_one2one,88.3077,protein_coding,protein_coding,protein_coding,FALSE,FALSE,FALSE,FALSE
Dcbld1,DCBLD1,Daneman,lung_only,TRUE,FALSE,FALSE,1,ENSG00000164465,ENSMUSG00000019891,ortholog_one2one,54.5455,ENSMMUG00000017558,ortholog_one2one,97.0629,protein_coding,protein_coding,protein_coding,FALSE,FALSE,FALSE,FALSE
Dcbld2,DCBLD2,Daneman,liver_only,TRUE,FALSE,FALSE,1,ENSG00000057019,ENSMUSG00000035107,ortholog_one2one,84.129,ENSMMUG00000017438,ortholog_one2one,98.1936,protein_coding,protein_coding,protein_coding,FALSE,FALSE,FALSE,FALSE
Dck,DCK,Daneman,lung_only,TRUE,FALSE,FALSE,1,ENSG00000156136,ENSMUSG00000029366,ortholog_one2one,93.4615,ENSMMUG00000030280,ortholog_one2one,90.7692,protein_coding,protein_coding,protein_coding,FALSE,FALSE,FALSE,FALSE
Dcun1d3,DCUN1D3,Both,liver_only,TRUE,FALSE,FALSE,1,ENSG00000188215,ENSMUSG00000048787,ortholog_one2one,97.6974,ENSMMUG00000051397,ortholog_one2one,99.6711,protein_coding,protein_coding,protein_coding,FALSE,FALSE,FALSE,FALSE
Ddah2,DDAH2,Daneman,lung_only,TRUE,FALSE,FALSE,1,ENSG00000227317,NA,NA,NA,NA,NA,NA,protein_coding,NA,NA,FALSE,FALSE,FALSE,FALSE
Ddc,DDC,Both,liver_only,TRUE,FALSE,FALSE,1,ENSG00000132437,ENSMUSG00000020182,ortholog_one2one,89.1667,ENSMMUG00000019991,ortholog_one2one,96.6667,protein_coding,protein_coding,protein_coding,FALSE,FALSE,FALSE,FALSE
Ddi1,DDI1,Munji,NA,FALSE,FALSE,FALSE,0,ENSG00000170967,ENSMUSG00000047619,ortholog_one2one,81.3131,ENSMMUG00000042509,ortholog_one2one,96.2121,protein_coding,protein_coding,protein_coding,FALSE,FALSE,FALSE,FALSE
Ddx1,DDX1,Daneman,lung_only,TRUE,FALSE,FALSE,1,ENSG00000079785,ENSMUSG00000037149,ortholog_one2one,97.5676,ENSMMUG00000023437,ortholog_one2one,99.5946,protein_coding,protein_coding,protein_coding,FALSE,FALSE,FALSE,FALSE
Ddx19a,DDX19A,Daneman,lung_only,TRUE,FALSE,FALSE,1,ENSG00000168872,ENSMUSG00000015023,ortholog_one2one,97.4895,ENSMMUG00000020316,ortholog_one2one,81.59,protein_coding,protein_coding,protein_coding,FALSE,FALSE,FALSE,FALSE
Ddx39,DDX39A,Daneman,lung_only,TRUE,FALSE,FALSE,1,ENSG00000123136,ENSMUSG00000005481,ortholog_one2one,97.1897,ENSMMUG00000005723,ortholog_one2one,100,protein_coding,protein_coding,protein_coding,FALSE,FALSE,FALSE,FALSE
Def6,DEF6,Munji,NA,TRUE,FALSE,FALSE,1,ENSG00000023892,ENSMUSG00000002257,ortholog_one2one,92.393,ENSMMUG00000023560,ortholog_one2one,98.8906,protein_coding,protein_coding,protein_coding,FALSE,FALSE,FALSE,FALSE
Degs1,DEGS1,Daneman,lung_only,TRUE,FALSE,FALSE,1,ENSG00000143753,ENSMUSG00000038768,ortholog_one2many,73.065,ENSMMUG00000002400,ortholog_one2one,97.5232,protein_coding,protein_coding,protein_coding,FALSE,FALSE,FALSE,FALSE
Degs1,DEGS1,Daneman,lung_only,TRUE,FALSE,FALSE,1,ENSG00000143753,ENSMUSG00000038633,ortholog_one2many,85.4489,ENSMMUG00000002400,ortholog_one2one,97.5232,protein_coding,protein_coding,protein_coding,FALSE,FALSE,FALSE,FALSE
Degs2,DEGS2,Both,liver_only,TRUE,FALSE,TRUE,2,ENSG00000168350,ENSMUSG00000021263,ortholog_one2one,86.3777,ENSMMUG00000062581,ortholog_one2one,96.904,protein_coding,protein_coding,protein_coding,FALSE,FALSE,FALSE,FALSE
Dennd2a,DENND2A,Daneman,liver_and_lung,TRUE,FALSE,FALSE,1,ENSG00000146966,ENSMUSG00000038456,ortholog_one2one,82.2597,ENSMMUG00000042299,ortholog_one2one,96.0357,protein_coding,protein_coding,protein_coding,FALSE,FALSE,FALSE,FALSE
Dera,DERA,Daneman,lung_only,TRUE,FALSE,FALSE,1,ENSG00000023697,ENSMUSG00000030225,ortholog_one2one,92.1384,ENSMMUG00000013309,ortholog_one2one,99.0566,protein_coding,protein_coding,protein_coding,FALSE,FALSE,FALSE,FALSE
Dhcr7,DHCR7,Munji,NA,TRUE,FALSE,FALSE,1,ENSG00000172893,ENSMUSG00000058454,ortholog_one2one,88,ENSMMUG00000011976,ortholog_one2one,97.2632,protein_coding,protein_coding,protein_coding,FALSE,FALSE,FALSE,FALSE
Diap1,DIAPH1,Daneman,liver_only,TRUE,FALSE,FALSE,1,ENSG00000131504,ENSMUSG00000024456,ortholog_one2one,90.0157,ENSMMUG00000021964,ortholog_one2one,94.0252,protein_coding,protein_coding,protein_coding,FALSE,FALSE,FALSE,FALSE
Dixdc1,DIXDC1,Both,liver_only,TRUE,FALSE,FALSE,1,ENSG00000150764,ENSMUSG00000032064,ortholog_one2one,91.508,ENSMMUG00000017565,ortholog_one2one,98.3895,protein_coding,protein_coding,protein_coding,FALSE,FALSE,FALSE,FALSE
Dll1,DLL1,Daneman,liver_only,TRUE,FALSE,FALSE,1,ENSG00000275555,NA,NA,NA,NA,NA,NA,protein_coding,NA,NA,FALSE,FALSE,FALSE,FALSE
Dll4,DLL4,Daneman,lung_only,TRUE,FALSE,TRUE,2,ENSG00000128917,ENSMUSG00000027314,ortholog_one2one,86.4234,ENSMMUG00000014541,ortholog_one2one,99.1241,protein_coding,protein_coding,protein_coding,FALSE,FALSE,FALSE,FALSE
Dmd,DMD,Daneman,liver_and_lung,TRUE,FALSE,TRUE,2,ENSG00000198947,ENSMUSG00000045103,ortholog_one2one,91.0991,ENSMMUG00000019345,ortholog_one2one,98.3718,protein_coding,protein_coding,protein_coding,FALSE,FALSE,FALSE,FALSE
Dmxl2,DMXL2,Daneman,liver_only,TRUE,FALSE,FALSE,1,ENSG00000104093,ENSMUSG00000041268,ortholog_one2one,92.7731,ENSMMUG00000000754,ortholog_one2one,98.7901,protein_coding,protein_coding,protein_coding,FALSE,FALSE,FALSE,FALSE
Dnaja4,DNAJA4,Daneman,liver_only,TRUE,FALSE,FALSE,1,ENSG00000140403,ENSMUSG00000032285,ortholog_one2one,93.199,ENSMMUG00000014204,ortholog_one2one,98.4887,protein_coding,protein_coding,protein_coding,FALSE,FALSE,FALSE,FALSE
Dnajb1,DNAJB1,Daneman,liver_only,TRUE,FALSE,TRUE,2,ENSG00000132002,ENSMUSG00000005483,ortholog_one2one,94.7059,ENSMMUG00000017906,ortholog_one2one,98.5294,protein_coding,protein_coding,protein_coding,FALSE,FALSE,FALSE,FALSE
Dnajc14,DNAJC14,Munji,NA,TRUE,FALSE,FALSE,1,ENSG00000135392,ENSMUSG00000025354,ortholog_one2one,85.755,ENSMMUG00000062702,ortholog_one2many,31.6239,protein_coding,protein_coding,protein_coding,FALSE,FALSE,FALSE,FALSE
Dnajc14,DNAJC14,Munji,NA,TRUE,FALSE,FALSE,1,ENSG00000135392,ENSMUSG00000025354,ortholog_one2one,85.755,ENSMMUG00000006293,ortholog_one2many,97.8633,protein_coding,protein_coding,protein_coding,FALSE,FALSE,FALSE,FALSE
Dnmt3b,DNMT3B,Daneman,lung_only,TRUE,FALSE,FALSE,1,ENSG00000088305,ENSMUSG00000082079,ortholog_one2many,67.7608,ENSMMUG00000019474,ortholog_one2one,96.8347,protein_coding,protein_coding,protein_coding,FALSE,FALSE,FALSE,FALSE
Dnmt3b,DNMT3B,Daneman,lung_only,TRUE,FALSE,FALSE,1,ENSG00000088305,ENSMUSG00000027478,ortholog_one2many,83.939,ENSMMUG00000019474,ortholog_one2one,96.8347,protein_coding,protein_coding,protein_coding,FALSE,FALSE,FALSE,FALSE
Dock10,DOCK10,Daneman,liver_and_lung,TRUE,FALSE,TRUE,2,ENSG00000135905,ENSMUSG00000038608,ortholog_one2one,92.9552,ENSMMUG00000018139,ortholog_one2one,97.6212,protein_coding,protein_coding,protein_coding,FALSE,FALSE,FALSE,FALSE
Dock11,DOCK11,Daneman,lung_only,TRUE,FALSE,FALSE,1,ENSG00000147251,ENSMUSG00000031093,ortholog_one2one,96.6233,ENSMMUG00000011498,ortholog_one2one,99.6623,protein_coding,protein_coding,protein_coding,FALSE,FALSE,FALSE,FALSE
Dok4,DOK4,Daneman,lung_only,TRUE,FALSE,FALSE,1,ENSG00000125170,ENSMUSG00000040631,ortholog_one2one,98.1595,ENSMMUG00000020475,ortholog_one2one,100,protein_coding,protein_coding,protein_coding,FALSE,FALSE,FALSE,FALSE
Dsp,DSP,Daneman,liver_only,TRUE,FALSE,FALSE,1,ENSG00000096696,ENSMUSG00000054889,ortholog_one2one,95.0192,ENSMMUG00000014784,ortholog_one2one,98.7809,protein_coding,protein_coding,protein_coding,FALSE,FALSE,FALSE,FALSE
Dusp2,DUSP2,Daneman,lung_only,TRUE,FALSE,TRUE,2,ENSG00000158050,ENSMUSG00000027368,ortholog_one2one,87.5796,ENSMMUG00000049314,ortholog_one2one,96.4968,protein_coding,protein_coding,protein_coding,FALSE,FALSE,FALSE,FALSE
Dusp4,DUSP4,Daneman,lung_only,TRUE,FALSE,FALSE,1,ENSG00000120875,ENSMUSG00000031530,ortholog_one2one,96.9543,ENSMMUG00000049727,ortholog_one2one,99.2386,protein_coding,protein_coding,protein_coding,FALSE,FALSE,FALSE,FALSE
Dusp6,DUSP6,Munji,NA,TRUE,FALSE,FALSE,1,ENSG00000139318,ENSMUSG00000019960,ortholog_one2one,98.1627,ENSMMUG00000054968,ortholog_one2one,99.7375,protein_coding,protein_coding,protein_coding,FALSE,FALSE,FALSE,FALSE
Dut,DUT,Daneman,lung_only,TRUE,FALSE,FALSE,1,ENSG00000128951,ENSMUSG00000027203,ortholog_one2one,54.7619,ENSMMUG00000059727,ortholog_one2many,61.5079,protein_coding,protein_coding,protein_coding,FALSE,FALSE,FALSE,FALSE
Dut,DUT,Daneman,lung_only,TRUE,FALSE,FALSE,1,ENSG00000128951,ENSMUSG00000027203,ortholog_one2one,54.7619,ENSMMUG00000016898,ortholog_one2many,93.254,protein_coding,protein_coding,protein_coding,FALSE,FALSE,FALSE,FALSE
Dvl1,DVL1,Daneman,liver_only,TRUE,FALSE,FALSE,1,ENSG00000107404,ENSMUSG00000029071,ortholog_one2one,94.964,ENSMMUG00000007109,ortholog_one2one,98.9928,protein_coding,protein_coding,protein_coding,FALSE,FALSE,FALSE,FALSE
Dvl3,DVL3,Munji,NA,TRUE,FALSE,FALSE,1,ENSG00000161202,ENSMUSG00000003233,ortholog_one2one,98.1844,ENSMMUG00000006553,ortholog_one2one,99.8603,protein_coding,protein_coding,protein_coding,FALSE,FALSE,FALSE,FALSE
Dyrk2,DYRK2,Daneman,lung_only,TRUE,FALSE,FALSE,1,ENSG00000127334,ENSMUSG00000028630,ortholog_one2one,97.005,ENSMMUG00000011650,ortholog_one2one,99.6672,protein_coding,protein_coding,protein_coding,FALSE,FALSE,FALSE,FALSE
Dysf,DYSF,Daneman,lung_only,TRUE,FALSE,FALSE,1,ENSG00000135636,ENSMUSG00000033788,ortholog_one2one,92.9684,ENSMMUG00000007176,ortholog_one2one,96.8381,protein_coding,protein_coding,protein_coding,FALSE,FALSE,FALSE,FALSE
Ebf1,EBF1,Daneman,liver_only,TRUE,FALSE,FALSE,1,ENSG00000164330,ENSMUSG00000057098,ortholog_one2one,100,ENSMMUG00000021696,ortholog_one2one,100,protein_coding,protein_coding,protein_coding,FALSE,FALSE,FALSE,FALSE
Edn1,EDN1,Daneman,liver_only,TRUE,FALSE,TRUE,2,ENSG00000078401,ENSMUSG00000021367,ortholog_one2one,69.3396,ENSMMUG00000051532,ortholog_one2one,93.3962,protein_coding,protein_coding,protein_coding,FALSE,FALSE,FALSE,FALSE
Edn3,EDN3,Munji,NA,TRUE,FALSE,TRUE,2,ENSG00000124205,ENSMUSG00000027524,ortholog_one2one,53.7815,ENSMMUG00000016131,ortholog_one2one,81.0924,protein_coding,protein_coding,protein_coding,FALSE,FALSE,FALSE,FALSE
Ednra,EDNRA,Daneman,liver_and_lung,TRUE,FALSE,TRUE,2,ENSG00000151617,ENSMUSG00000031616,ortholog_one2one,92.2717,ENSMMUG00000003659,ortholog_one2one,98.829,protein_coding,protein_coding,protein_coding,FALSE,FALSE,FALSE,FALSE
Eef2,EEF2,Daneman,lung_only,TRUE,FALSE,TRUE,2,ENSG00000167658,ENSMUSG00000034994,ortholog_one2one,99.0676,ENSMMUG00000022767,ortholog_one2one,99.8835,protein_coding,protein_coding,protein_coding,FALSE,FALSE,FALSE,FALSE
Efhc2,EFHC2,Munji,NA,TRUE,FALSE,FALSE,1,ENSG00000183690,ENSMUSG00000025038,ortholog_one2one,74.2323,ENSMMUG00000016391,ortholog_one2one,95.7276,protein_coding,protein_coding,protein_coding,FALSE,FALSE,FALSE,FALSE
Efhd2,EFHD2,Daneman,liver_and_lung,TRUE,FALSE,FALSE,1,ENSG00000142634,ENSMUSG00000040659,ortholog_one2one,94.1667,ENSMMUG00000050246,ortholog_one2one,100,protein_coding,protein_coding,protein_coding,FALSE,FALSE,FALSE,FALSE
Efnb1,EFNB1,Daneman,liver_only,TRUE,FALSE,FALSE,1,ENSG00000090776,ENSMUSG00000031217,ortholog_one2one,95.6647,ENSMMUG00000020965,ortholog_one2one,97.6879,protein_coding,protein_coding,protein_coding,FALSE,FALSE,FALSE,FALSE
Efr3b,EFR3B,Munji,NA,TRUE,FALSE,FALSE,1,ENSG00000084710,ENSMUSG00000020658,ortholog_one2one,97.552,ENSMMUG00000016461,ortholog_one2one,100,protein_coding,protein_coding,protein_coding,FALSE,FALSE,FALSE,FALSE
Eftud2,EFTUD2,Munji,NA,TRUE,FALSE,FALSE,1,ENSG00000108883,ENSMUSG00000020929,ortholog_one2one,99.3827,ENSMMUG00000013118,ortholog_one2one,99.8971,protein_coding,protein_coding,protein_coding,FALSE,FALSE,FALSE,FALSE
Egfl8,EGFL8,Daneman,lung_only,TRUE,FALSE,TRUE,2,ENSG00000240389,NA,NA,NA,NA,NA,NA,protein_coding,NA,NA,FALSE,FALSE,FALSE,FALSE
Egr3,EGR3,Munji,NA,TRUE,FALSE,TRUE,2,ENSG00000179388,ENSMUSG00000033730,ortholog_one2one,98.9664,ENSMMUG00000058396,ortholog_one2one,86.8217,protein_coding,protein_coding,protein_coding,FALSE,FALSE,FALSE,FALSE
Eif2b2,EIF2B2,Daneman,lung_only,TRUE,FALSE,FALSE,1,ENSG00000119718,ENSMUSG00000004788,ortholog_one2one,94.0171,ENSMMUG00000002910,ortholog_one2one,99.1453,protein_coding,protein_coding,protein_coding,FALSE,FALSE,FALSE,FALSE
Eif2s2,EIF2S2,Daneman,lung_only,TRUE,FALSE,FALSE,1,ENSG00000125977,ENSMUSG00000074656,ortholog_one2one,95.4955,ENSMMUG00000018095,ortholog_one2one,98.7988,protein_coding,protein_coding,protein_coding,FALSE,FALSE,FALSE,FALSE
Eif4a1,EIF4A1,Daneman,lung_only,TRUE,FALSE,FALSE,1,ENSG00000161960,ENSMUSG00000059796,ortholog_one2one,100,ENSMMUG00000056722,ortholog_one2one,84.9754,protein_coding,protein_coding,protein_coding,FALSE,FALSE,FALSE,FALSE
Eif4e2,EIF4E2,Daneman,lung_only,TRUE,FALSE,FALSE,1,ENSG00000135930,ENSMUSG00000026254,ortholog_one2one,88.9796,ENSMMUG00000022151,ortholog_one2many,100,protein_coding,protein_coding,protein_coding,FALSE,FALSE,FALSE,FALSE
Eif4e2,EIF4E2,Daneman,lung_only,TRUE,FALSE,FALSE,1,ENSG00000135930,ENSMUSG00000026254,ortholog_one2one,88.9796,ENSMMUG00000046892,ortholog_one2many,70.6122,protein_coding,protein_coding,protein_coding,FALSE,FALSE,FALSE,FALSE
Eif5,EIF5,Daneman,liver_only,TRUE,FALSE,FALSE,1,ENSG00000100664,ENSMUSG00000021282,ortholog_one2one,97.2158,ENSMMUG00000005630,ortholog_one2one,99.0719,protein_coding,protein_coding,protein_coding,FALSE,FALSE,FALSE,FALSE
Eif5a,EIF5A,Daneman,lung_only,TRUE,FALSE,FALSE,1,ENSG00000288145,NA,NA,NA,NA,NA,NA,protein_coding,NA,NA,FALSE,FALSE,FALSE,FALSE
Elavl1,ELAVL1,Daneman,liver_and_lung,TRUE,FALSE,FALSE,1,ENSG00000066044,ENSMUSG00000040028,ortholog_one2one,98.4663,ENSMMUG00000006544,ortholog_one2one,100,protein_coding,protein_coding,protein_coding,FALSE,FALSE,FALSE,FALSE
Elovl6,ELOVL6,Daneman,lung_only,TRUE,FALSE,FALSE,1,ENSG00000170522,ENSMUSG00000041220,ortholog_one2one,96.9811,ENSMMUG00000050694,ortholog_one2one,98.1132,protein_coding,protein_coding,protein_coding,FALSE,FALSE,FALSE,FALSE
Elovl7,ELOVL7,Both,liver_only,TRUE,FALSE,TRUE,2,ENSG00000164181,ENSMUSG00000021696,ortholog_one2one,88.6121,ENSMMUG00000014211,ortholog_one2one,96.7971,protein_coding,protein_coding,protein_coding,FALSE,FALSE,FALSE,FALSE
Eltd1,ELTD1,Daneman,liver_only,FALSE,FALSE,FALSE,0,NA,NA,NA,NA,NA,NA,NA,NA,NA,NA,FALSE,FALSE,FALSE,FALSE
Eml2,EML2,Munji,NA,TRUE,FALSE,FALSE,1,ENSG00000125746,ENSMUSG00000040811,ortholog_one2one,94.1448,ENSMMUG00000038377,ortholog_one2one,83.6672,protein_coding,protein_coding,protein_coding,FALSE,FALSE,FALSE,FALSE
Emp2,EMP2,Daneman,liver_only,TRUE,FALSE,TRUE,2,ENSG00000213853,ENSMUSG00000022505,ortholog_one2one,77.8443,ENSMMUG00000060713,ortholog_one2one,93.4132,protein_coding,protein_coding,protein_coding,FALSE,FALSE,FALSE,FALSE
Enc1,ENC1,Munji,NA,TRUE,FALSE,FALSE,1,ENSG00000171617,ENSMUSG00000041773,ortholog_one2one,99.3209,ENSMMUG00000019996,ortholog_one2one,99.8302,protein_coding,protein_coding,protein_coding,FALSE,FALSE,FALSE,FALSE
Enpep,ENPEP,Daneman,liver_and_lung,TRUE,FALSE,FALSE,1,ENSG00000138792,ENSMUSG00000028024,ortholog_one2one,77.2205,ENSMMUG00000005517,ortholog_one2one,97.4922,protein_coding,protein_coding,protein_coding,FALSE,FALSE,FALSE,FALSE
Enpp4,ENPP4,Daneman,liver_only,TRUE,FALSE,FALSE,1,ENSG00000001561,ENSMUSG00000023961,ortholog_one2one,82.34,ENSMMUG00000042260,ortholog_one2one,97.5717,protein_coding,protein_coding,protein_coding,FALSE,FALSE,FALSE,FALSE
Eny2,ENY2,Daneman,lung_only,TRUE,FALSE,FALSE,1,ENSG00000120533,ENSMUSG00000022338,ortholog_one2one,95.0495,ENSMMUG00000056202,ortholog_one2one,100,protein_coding,protein_coding,protein_coding,FALSE,FALSE,FALSE,FALSE
Epb4.1l2,EPB41L2,Daneman,liver_and_lung,TRUE,FALSE,FALSE,1,ENSG00000079819,ENSMUSG00000019978,ortholog_one2one,82.2886,ENSMMUG00000007758,ortholog_one2one,97.7114,protein_coding,protein_coding,protein_coding,FALSE,FALSE,FALSE,FALSE
Epc1,EPC1,Daneman,liver_only,TRUE,FALSE,FALSE,1,ENSG00000120616,ENSMUSG00000024240,ortholog_one2one,92.8659,ENSMMUG00000012451,ortholog_one2one,99.754,protein_coding,protein_coding,protein_coding,FALSE,FALSE,FALSE,FALSE
Epc2,EPC2,Daneman,liver_only,TRUE,FALSE,FALSE,1,ENSG00000135999,ENSMUSG00000069495,ortholog_one2one,97.026,ENSMMUG00000023176,ortholog_one2one,96.9021,protein_coding,protein_coding,protein_coding,FALSE,FALSE,FALSE,FALSE
Epha4,EPHA4,Daneman,liver_only,TRUE,FALSE,TRUE,2,ENSG00000116106,ENSMUSG00000026235,ortholog_one2one,98.5801,ENSMMUG00000012364,ortholog_one2one,99.7972,protein_coding,protein_coding,protein_coding,FALSE,FALSE,FALSE,FALSE
Ephx1,EPHX1,Daneman,liver_only,TRUE,FALSE,FALSE,1,ENSG00000143819,ENSMUSG00000038776,ortholog_one2one,83.5165,ENSMMUG00000005782,ortholog_one2one,88.7912,protein_coding,protein_coding,protein_coding,FALSE,FALSE,FALSE,FALSE
Eps8,EPS8,Daneman,liver_and_lung,TRUE,FALSE,TRUE,2,ENSG00000151491,ENSMUSG00000015766,ortholog_one2one,89.0511,ENSMMUG00000020431,ortholog_one2one,95.4988,protein_coding,protein_coding,protein_coding,FALSE,FALSE,FALSE,FALSE
Eps8l2,EPS8L2,Daneman,liver_only,TRUE,FALSE,FALSE,1,ENSG00000177106,ENSMUSG00000025504,ortholog_one2one,85.8741,ENSMMUG00000017483,ortholog_one2one,94.1259,protein_coding,protein_coding,protein_coding,FALSE,FALSE,FALSE,FALSE
Erg,ERG,Munji,NA,TRUE,FALSE,TRUE,2,ENSG00000157554,ENSMUSG00000040732,ortholog_one2one,96.4509,ENSMMUG00000010296,ortholog_one2one,99.3737,protein_coding,protein_coding,protein_coding,FALSE,FALSE,FALSE,FALSE
Erh,ERH,Daneman,lung_only,TRUE,FALSE,FALSE,1,ENSG00000100632,ENSMUSG00000063412,ortholog_one2many,100,ENSMMUG00000021571,ortholog_one2one,100,protein_coding,protein_coding,protein_coding,FALSE,FALSE,FALSE,FALSE
Erh,ERH,Daneman,lung_only,TRUE,FALSE,FALSE,1,ENSG00000100632,ENSMUSG00000021131,ortholog_one2many,100,ENSMMUG00000021571,ortholog_one2one,100,protein_coding,protein_coding,protein_coding,FALSE,FALSE,FALSE,FALSE
Ern1,ERN1,Daneman,liver_only,TRUE,FALSE,FALSE,1,ENSG00000178607,ENSMUSG00000020715,ortholog_one2one,93.1423,ENSMMUG00000015185,ortholog_one2one,98.9765,protein_coding,protein_coding,protein_coding,FALSE,FALSE,FALSE,FALSE
Ero1lb,ERO1LB,Daneman,liver_only,FALSE,FALSE,FALSE,0,NA,NA,NA,NA,NA,NA,NA,NA,NA,NA,FALSE,FALSE,FALSE,FALSE
Erp29,ERP29,Daneman,lung_only,TRUE,FALSE,FALSE,1,ENSG00000089248,ENSMUSG00000029616,ortholog_one2one,88.5057,ENSMMUG00000054840,ortholog_one2many,97.7011,protein_coding,protein_coding,protein_coding,FALSE,FALSE,FALSE,FALSE
Erp29,ERP29,Daneman,lung_only,TRUE,FALSE,FALSE,1,ENSG00000089248,ENSMUSG00000029616,ortholog_one2one,88.5057,ENSMMUG00000037458,ortholog_one2many,97.7011,protein_coding,protein_coding,protein_coding,FALSE,FALSE,FALSE,FALSE
Esco1,ESCO1,Daneman,liver_only,TRUE,FALSE,FALSE,1,ENSG00000141446,ENSMUSG00000024293,ortholog_one2one,76.5476,ENSMMUG00000012987,ortholog_one2one,96.4286,protein_coding,protein_coding,protein_coding,FALSE,FALSE,FALSE,FALSE
Esm1,ESM1,Daneman,lung_only,TRUE,FALSE,FALSE,1,ENSG00000164283,ENSMUSG00000042379,ortholog_one2one,75,ENSMMUG00000020169,ortholog_one2one,95.6522,protein_coding,protein_coding,protein_coding,FALSE,FALSE,FALSE,FALSE
Esyt2,ESYT2,Munji,NA,TRUE,FALSE,TRUE,2,ENSG00000117868,ENSMUSG00000021171,ortholog_one2one,90.3002,ENSMMUG00000022361,ortholog_one2one,96.0739,protein_coding,protein_coding,protein_coding,FALSE,FALSE,FALSE,FALSE
Etf1,ETF1,Daneman,lung_only,TRUE,FALSE,FALSE,1,ENSG00000120705,ENSMUSG00000024360,ortholog_one2one,100,ENSMMUG00000005871,ortholog_one2one,100,protein_coding,protein_coding,protein_coding,FALSE,FALSE,FALSE,FALSE
Etv1,ETV1,Daneman,liver_and_lung,TRUE,FALSE,FALSE,1,ENSG00000006468,ENSMUSG00000004151,ortholog_one2one,97.9036,ENSMMUG00000039167,ortholog_one2one,97.2746,protein_coding,protein_coding,protein_coding,FALSE,FALSE,FALSE,FALSE
Evl,EVL,Daneman,lung_only,TRUE,FALSE,FALSE,1,ENSG00000196405,ENSMUSG00000021262,ortholog_one2one,88.2775,ENSMMUG00000015434,ortholog_one2one,77.7512,protein_coding,protein_coding,protein_coding,FALSE,FALSE,FALSE,FALSE
Evpl,EVPL,Munji,NA,TRUE,FALSE,FALSE,1,ENSG00000167880,ENSMUSG00000034282,ortholog_one2one,82.8824,ENSMMUG00000001790,ortholog_one2one,96.4092,protein_coding,protein_coding,protein_coding,FALSE,FALSE,FALSE,FALSE
Exoc8,EXOC8,Daneman,liver_and_lung,TRUE,FALSE,FALSE,1,ENSG00000116903,ENSMUSG00000074030,ortholog_one2one,92.8276,ENSMMUG00000005243,ortholog_one2one,99.5862,protein_coding,protein_coding,protein_coding,FALSE,FALSE,FALSE,FALSE
Ext1,EXT1,Daneman,lung_only,TRUE,FALSE,FALSE,1,ENSG00000182197,ENSMUSG00000061731,ortholog_one2one,99.3298,ENSMMUG00000008635,ortholog_one2one,99.866,protein_coding,protein_coding,protein_coding,FALSE,FALSE,FALSE,FALSE
Extl3,EXTL3,Munji,NA,TRUE,FALSE,FALSE,1,ENSG00000012232,ENSMUSG00000021978,ortholog_one2one,97.3885,ENSMMUG00000017700,ortholog_one2one,99.5647,protein_coding,protein_coding,protein_coding,FALSE,FALSE,FALSE,FALSE
Ezh1,EZH1,Daneman,liver_only,TRUE,FALSE,FALSE,1,ENSG00000108799,ENSMUSG00000006920,ortholog_one2one,97.8581,ENSMMUG00000006093,ortholog_one2one,99.7323,protein_coding,protein_coding,protein_coding,FALSE,FALSE,FALSE,FALSE
Ezh2,EZH2,Daneman,lung_only,TRUE,FALSE,FALSE,1,ENSG00000106462,ENSMUSG00000029687,ortholog_one2one,97.6032,ENSMMUG00000013494,ortholog_one2one,99.2011,protein_coding,protein_coding,protein_coding,FALSE,FALSE,FALSE,FALSE
F2r,F2R,Daneman,lung_only,TRUE,FALSE,FALSE,1,ENSG00000181104,ENSMUSG00000048376,ortholog_one2one,79.0588,ENSMMUG00000039522,ortholog_one2one,97.6471,protein_coding,protein_coding,protein_coding,FALSE,FALSE,FALSE,FALSE
F5,F5,Munji,NA,TRUE,FALSE,FALSE,1,ENSG00000198734,ENSMUSG00000026579,ortholog_one2one,68.4802,ENSMMUG00000042510,ortholog_one2one,90.5576,protein_coding,protein_coding,protein_coding,FALSE,FALSE,FALSE,FALSE
Fabp5,FABP5,Daneman,lung_only,TRUE,FALSE,FALSE,1,ENSG00000164687,ENSMUSG00000027533,ortholog_one2one,80,NA,NA,NA,protein_coding,protein_coding,NA,FALSE,FALSE,FALSE,FALSE
Fabp7,FABP7,Daneman,lung_only,TRUE,FALSE,FALSE,1,ENSG00000164434,ENSMUSG00000019874,ortholog_one2one,78.7879,ENSMMUG00000064586,ortholog_one2one,97.7273,protein_coding,protein_coding,protein_coding,FALSE,FALSE,FALSE,FALSE
Fads1,FADS1,Daneman,lung_only,TRUE,FALSE,FALSE,1,ENSG00000149485,ENSMUSG00000010663,ortholog_one2one,78.6427,ENSMMUG00000013798,ortholog_one2one,84.0319,protein_coding,protein_coding,protein_coding,FALSE,FALSE,FALSE,FALSE
Fads2,FADS2,Daneman,lung_only,TRUE,FALSE,FALSE,1,ENSG00000134824,ENSMUSG00000024665,ortholog_one2one,87.6126,ENSMMUG00000000327,ortholog_one2one,86.036,protein_coding,protein_coding,protein_coding,FALSE,FALSE,FALSE,FALSE
Fads3,FADS3,Daneman,liver_and_lung,TRUE,FALSE,TRUE,2,ENSG00000221968,ENSMUSG00000024664,ortholog_one2one,89.8876,ENSMMUG00000000328,ortholog_one2one,99.3258,protein_coding,protein_coding,protein_coding,FALSE,FALSE,FALSE,FALSE
Faim,FAIM,Munji,NA,TRUE,FALSE,FALSE,1,ENSG00000158234,ENSMUSG00000032463,ortholog_one2many,90.5473,ENSMMUG00000008664,ortholog_one2one,97.0149,protein_coding,protein_coding,protein_coding,FALSE,FALSE,FALSE,FALSE
Faim,FAIM,Munji,NA,TRUE,FALSE,FALSE,1,ENSG00000158234,ENSMUSG00000096316,ortholog_one2many,67.6617,ENSMMUG00000008664,ortholog_one2one,97.0149,protein_coding,protein_coding,protein_coding,FALSE,FALSE,FALSE,FALSE
Grrp1,FAM110D,Daneman,liver_only,TRUE,FALSE,FALSE,1,ENSG00000197245,ENSMUSG00000050105,ortholog_one2one,86.3469,ENSMMUG00000045223,ortholog_one2one,97.786,protein_coding,protein_coding,protein_coding,FALSE,FALSE,FALSE,FALSE
Fam118a,FAM118A,Munji,NA,TRUE,FALSE,FALSE,1,ENSG00000100376,ENSMUSG00000022434,ortholog_one2one,92.437,ENSMMUG00000023003,ortholog_one2one,94.1176,protein_coding,protein_coding,protein_coding,FALSE,FALSE,FALSE,FALSE
Fam129b,FAM129B,Munji,NA,TRUE,FALSE,FALSE,1,NA,NA,NA,NA,NA,NA,NA,NA,NA,NA,FALSE,FALSE,FALSE,FALSE
Fam134c,FAM134C,Munji,NA,FALSE,FALSE,FALSE,0,NA,NA,NA,NA,NA,NA,NA,NA,NA,NA,FALSE,FALSE,FALSE,FALSE
Fam13c,FAM13C,Munji,NA,TRUE,FALSE,TRUE,2,ENSG00000148541,ENSMUSG00000043259,ortholog_one2one,83.7607,ENSMMUG00000003706,ortholog_one2one,95.5556,protein_coding,protein_coding,protein_coding,FALSE,FALSE,FALSE,FALSE
Fam63a,FAM63A,Munji,NA,FALSE,FALSE,FALSE,0,NA,NA,NA,NA,NA,NA,NA,NA,NA,NA,FALSE,FALSE,FALSE,FALSE
Fam71a,FAM71A,Munji,NA,TRUE,FALSE,FALSE,1,NA,NA,NA,NA,NA,NA,NA,NA,NA,NA,FALSE,FALSE,FALSE,FALSE
Far2,FAR2,Munji,NA,TRUE,FALSE,FALSE,1,ENSG00000064763,ENSMUSG00000030303,ortholog_one2one,87.9612,ENSMMUG00000015810,ortholog_one2one,95.534,protein_coding,protein_coding,protein_coding,FALSE,FALSE,FALSE,FALSE
Farp2,FARP2,Munji,NA,TRUE,FALSE,FALSE,1,ENSG00000006607,ENSMUSG00000034066,ortholog_one2one,83.5863,ENSMMUG00000001313,ortholog_one2one,96.8691,protein_coding,protein_coding,protein_coding,FALSE,FALSE,FALSE,FALSE
Fars2,FARS2,Daneman,lung_only,TRUE,FALSE,FALSE,1,ENSG00000145982,ENSMUSG00000021420,ortholog_one2one,84.2572,ENSMMUG00000016352,ortholog_one2one,95.3437,protein_coding,protein_coding,protein_coding,FALSE,FALSE,FALSE,FALSE
Fbln1,FBLN1,Daneman,lung_only,TRUE,FALSE,TRUE,2,ENSG00000077942,ENSMUSG00000006369,ortholog_one2one,85.064,ENSMMUG00000002424,ortholog_one2one,97.4395,protein_coding,protein_coding,protein_coding,FALSE,FALSE,FALSE,FALSE
Fbln5,FBLN5,Daneman,lung_only,TRUE,FALSE,TRUE,2,ENSG00000140092,ENSMUSG00000021186,ortholog_one2one,94.1964,ENSMMUG00000008447,ortholog_one2one,98.4375,protein_coding,protein_coding,protein_coding,FALSE,FALSE,FALSE,FALSE
Fbxl18,FBXL18,Munji,NA,TRUE,FALSE,FALSE,1,ENSG00000155034,ENSMUSG00000066640,ortholog_one2one,90.9471,NA,NA,NA,protein_coding,protein_coding,NA,FALSE,FALSE,FALSE,FALSE
Fbxo22,FBXO22,Daneman,liver_only,TRUE,FALSE,FALSE,1,ENSG00000167196,ENSMUSG00000032309,ortholog_one2one,92.3077,NA,NA,NA,protein_coding,protein_coding,NA,FALSE,FALSE,FALSE,FALSE
Fbxo7,FBXO7,Daneman,liver_only,TRUE,FALSE,FALSE,1,ENSG00000100225,ENSMUSG00000001786,ortholog_one2one,73.1801,ENSMMUG00000006728,ortholog_one2one,95.4023,protein_coding,protein_coding,protein_coding,FALSE,FALSE,FALSE,FALSE
Fcho2,FCHO2,Daneman,liver_only,TRUE,FALSE,TRUE,2,ENSG00000157107,ENSMUSG00000041685,ortholog_one2one,94.8148,ENSMMUG00000015422,ortholog_one2one,93.5802,protein_coding,protein_coding,protein_coding,FALSE,FALSE,FALSE,FALSE
Fdft1,FDFT1,Daneman,lung_only,TRUE,FALSE,FALSE,1,ENSG00000284967,NA,NA,NA,NA,NA,NA,protein_coding,NA,NA,FALSE,FALSE,FALSE,FALSE
Fgf13,FGF13,Munji,NA,TRUE,FALSE,FALSE,1,ENSG00000129682,ENSMUSG00000031137,ortholog_one2one,99.5918,NA,NA,NA,protein_coding,protein_coding,NA,FALSE,FALSE,FALSE,FALSE
Fgfr3,FGFR3,Daneman,liver_only,TRUE,FALSE,FALSE,1,ENSG00000068078,ENSMUSG00000054252,ortholog_one2one,88.7097,ENSMMUG00000019945,ortholog_one2one,95.1613,protein_coding,protein_coding,protein_coding,FALSE,FALSE,FALSE,FALSE
Fhl1,FHL1,Daneman,liver_only,TRUE,FALSE,TRUE,2,ENSG00000022267,ENSMUSG00000050035,ortholog_one2many,67.2297,ENSMMUG00000007922,ortholog_one2one,86.1487,protein_coding,protein_coding,protein_coding,FALSE,FALSE,FALSE,FALSE
Fhl1,FHL1,Daneman,liver_only,TRUE,FALSE,TRUE,2,ENSG00000022267,ENSMUSG00000023092,ortholog_one2many,94.9324,ENSMMUG00000007922,ortholog_one2one,86.1487,protein_coding,protein_coding,protein_coding,FALSE,FALSE,FALSE,FALSE
Filip1,FILIP1,Daneman,liver_only,TRUE,FALSE,TRUE,2,ENSG00000118407,ENSMUSG00000034898,ortholog_one2one,93.817,ENSMMUG00000019275,ortholog_one2one,95.3009,protein_coding,protein_coding,protein_coding,FALSE,FALSE,FALSE,FALSE
Fkbp10,FKBP10,Daneman,lung_only,TRUE,FALSE,FALSE,1,ENSG00000141756,ENSMUSG00000001555,ortholog_one2one,88.8316,ENSMMUG00000013054,ortholog_one2one,98.4536,protein_coding,protein_coding,protein_coding,FALSE,FALSE,FALSE,FALSE
Fkbp1a,FKBP1A,Daneman,lung_only,TRUE,FALSE,TRUE,2,ENSG00000088832,ENSMUSG00000032966,ortholog_one2many,97.2222,ENSMMUG00000015996,ortholog_one2many,100,protein_coding,protein_coding,protein_coding,FALSE,FALSE,FALSE,FALSE
Flna,FLNA,Daneman,liver_and_lung,TRUE,FALSE,TRUE,2,ENSG00000196924,ENSMUSG00000031328,ortholog_one2one,97.0155,ENSMMUG00000013668,ortholog_one2one,99.32,protein_coding,protein_coding,protein_coding,FALSE,FALSE,FALSE,FALSE
Flt1,FLT1,Both,liver_only,TRUE,FALSE,TRUE,2,ENSG00000102755,ENSMUSG00000029648,ortholog_one2one,81.6891,ENSMMUG00000021538,ortholog_one2one,97.6084,protein_coding,protein_coding,protein_coding,FALSE,FALSE,FALSE,FALSE
Flt3l,FLT3LG,Munji,NA,TRUE,FALSE,FALSE,1,ENSG00000090554,ENSMUSG00000110206,ortholog_one2one,67.6596,ENSMMUG00000051892,ortholog_one2one,95.3191,protein_coding,protein_coding,protein_coding,FALSE,FALSE,FALSE,FALSE
Mfsd7c,FLVCR2,Munji,NA,TRUE,FALSE,FALSE,1,ENSG00000119686,ENSMUSG00000034258,ortholog_one2one,86.692,ENSMMUG00000017665,ortholog_one2one,96.3878,protein_coding,protein_coding,protein_coding,FALSE,FALSE,FALSE,FALSE
Fmo1,FMO1,Daneman,liver_only,TRUE,FALSE,FALSE,1,ENSG00000010932,ENSMUSG00000040181,ortholog_one2one,83.2707,ENSMMUG00000005069,ortholog_one2one,97.9323,protein_coding,protein_coding,protein_coding,FALSE,FALSE,FALSE,FALSE
Fmo2,FMO2,Daneman,liver_only,TRUE,FALSE,FALSE,1,ENSG00000094963,ENSMUSG00000040170,ortholog_one2one,85.6075,ENSMMUG00000019727,ortholog_one2one,97.0093,protein_coding,protein_coding,protein_coding,FALSE,FALSE,FALSE,FALSE
Fndc3a,FNDC3A,Daneman,liver_only,TRUE,FALSE,TRUE,2,ENSG00000102531,ENSMUSG00000033487,ortholog_one2one,91.0685,ENSMMUG00000023756,ortholog_one2one,98.9149,protein_coding,protein_coding,protein_coding,FALSE,FALSE,FALSE,FALSE
Fndc4,FNDC4,Munji,NA,TRUE,FALSE,FALSE,1,ENSG00000115226,ENSMUSG00000038552,ortholog_one2one,94.4444,ENSMMUG00000005101,ortholog_one2one,94.0171,protein_coding,protein_coding,protein_coding,FALSE,FALSE,FALSE,FALSE
Fosb,FOSB,Munji,NA,TRUE,FALSE,TRUE,2,ENSG00000125740,ENSMUSG00000003545,ortholog_one2one,95.858,ENSMMUG00000014430,ortholog_one2one,99.7041,protein_coding,protein_coding,protein_coding,FALSE,FALSE,FALSE,FALSE
Foxc1,FOXC1,Munji,NA,TRUE,FALSE,FALSE,1,ENSG00000054598,ENSMUSG00000050295,ortholog_one2one,93.3092,ENSMMUG00000005778,ortholog_one2one,98.5533,protein_coding,protein_coding,protein_coding,FALSE,FALSE,FALSE,FALSE
Foxf2,FOXF2,Munji,NA,TRUE,FALSE,FALSE,1,ENSG00000137273,ENSMUSG00000038402,ortholog_one2one,93.9189,ENSMMUG00000004540,ortholog_one2one,99.5496,protein_coding,protein_coding,protein_coding,FALSE,FALSE,FALSE,FALSE
Foxl2,FOXL2,Munji,NA,TRUE,FALSE,FALSE,1,ENSG00000183770,ENSMUSG00000050397,ortholog_one2one,96.0106,ENSMMUG00000053063,ortholog_one2one,99.2021,protein_coding,protein_coding,protein_coding,FALSE,FALSE,FALSE,FALSE
Foxn2,FOXN2,Daneman,liver_only,TRUE,FALSE,FALSE,1,ENSG00000170802,ENSMUSG00000034998,ortholog_one2one,84.4548,ENSMMUG00000020677,ortholog_one2one,98.6079,protein_coding,protein_coding,protein_coding,FALSE,FALSE,FALSE,FALSE
Foxo1,FOXO1,Daneman,liver_only,TRUE,FALSE,TRUE,2,ENSG00000150907,ENSMUSG00000044167,ortholog_one2one,92.5191,ENSMMUG00000030780,ortholog_one2one,99.084,protein_coding,protein_coding,protein_coding,FALSE,FALSE,FALSE,FALSE
Foxo3,FOXO3,Munji,NA,TRUE,FALSE,TRUE,2,ENSG00000118689,ENSMUSG00000048756,ortholog_one2one,94.6508,ENSMMUG00000020369,ortholog_one2one,99.5542,protein_coding,protein_coding,protein_coding,FALSE,FALSE,FALSE,FALSE
Foxq1,FOXQ1,Munji,NA,TRUE,FALSE,FALSE,1,ENSG00000164379,ENSMUSG00000038415,ortholog_one2one,75.6824,ENSMMUG00000059043,ortholog_one2one,95.0372,protein_coding,protein_coding,protein_coding,FALSE,FALSE,FALSE,FALSE
Fpgt,FPGT,Daneman,liver_only,TRUE,FALSE,FALSE,1,ENSG00000254685,ENSMUSG00000053870,ortholog_one2one,73.2323,NA,NA,NA,protein_coding,protein_coding,NA,FALSE,FALSE,FALSE,FALSE
Frem2,FREM2,Munji,NA,TRUE,FALSE,FALSE,1,ENSG00000150893,ENSMUSG00000037016,ortholog_one2one,88.1666,ENSMMUG00000002702,ortholog_one2one,97.6333,protein_coding,protein_coding,protein_coding,FALSE,FALSE,FALSE,FALSE
Frmd4b,FRMD4B,Munji,NA,TRUE,TRUE,TRUE,3,ENSG00000114541,ENSMUSG00000030064,ortholog_one2one,93.617,ENSMMUG00000000387,ortholog_one2one,98.5493,protein_coding,protein_coding,protein_coding,FALSE,FALSE,FALSE,FALSE
Frmd5,FRMD5,Munji,NA,TRUE,FALSE,FALSE,1,ENSG00000171877,ENSMUSG00000027238,ortholog_one2one,98.4211,ENSMMUG00000022777,ortholog_one2one,95.4386,protein_coding,protein_coding,protein_coding,FALSE,FALSE,FALSE,FALSE
Frmd6,FRMD6,Daneman,lung_only,TRUE,FALSE,FALSE,1,ENSG00000139926,ENSMUSG00000048285,ortholog_one2one,93.5691,ENSMMUG00000018274,ortholog_one2one,99.1961,protein_coding,protein_coding,protein_coding,FALSE,FALSE,FALSE,FALSE
Fry,FRY,Munji,NA,TRUE,TRUE,FALSE,2,ENSG00000073910,ENSMUSG00000056602,ortholog_one2one,96.5815,ENSMMUG00000007192,ortholog_one2one,99.1703,protein_coding,protein_coding,protein_coding,FALSE,FALSE,FALSE,FALSE
Fscn1,FSCN1,Daneman,lung_only,TRUE,FALSE,FALSE,1,ENSG00000075618,ENSMUSG00000029581,ortholog_one2one,96.5517,ENSMMUG00000004282,ortholog_one2one,99.3915,protein_coding,protein_coding,protein_coding,FALSE,FALSE,FALSE,FALSE
Fstl1,FSTL1,Daneman,liver_and_lung,TRUE,FALSE,FALSE,1,ENSG00000163430,ENSMUSG00000022816,ortholog_one2one,91.8831,ENSMMUG00000002925,ortholog_one2one,95.4545,protein_coding,protein_coding,protein_coding,FALSE,FALSE,FALSE,FALSE
Fuca1,FUCA1,Daneman,lung_only,TRUE,FALSE,FALSE,1,ENSG00000179163,ENSMUSG00000028673,ortholog_one2one,81.1159,ENSMMUG00000004216,ortholog_one2one,96.7811,protein_coding,protein_coding,protein_coding,FALSE,FALSE,FALSE,FALSE
Fuca2,FUCA2,Munji,NA,TRUE,FALSE,FALSE,1,ENSG00000001036,ENSMUSG00000019810,ortholog_one2one,80.9422,ENSMMUG00000005366,ortholog_one2one,96.5739,protein_coding,protein_coding,protein_coding,FALSE,FALSE,FALSE,FALSE
Fut8,FUT8,Munji,NA,TRUE,FALSE,TRUE,2,ENSG00000033170,ENSMUSG00000021065,ortholog_one2one,96.5217,ENSMMUG00000013848,ortholog_one2one,99.8261,protein_coding,protein_coding,protein_coding,FALSE,FALSE,FALSE,FALSE
Fxyd5,FXYD5,Daneman,liver_only,TRUE,FALSE,TRUE,2,ENSG00000089327,NA,NA,NA,NA,NA,NA,protein_coding,NA,NA,FALSE,FALSE,FALSE,FALSE
Fyco1,FYCO1,Both,liver_only,TRUE,FALSE,FALSE,1,ENSG00000163820,ENSMUSG00000025241,ortholog_one2one,75.7104,ENSMMUG00000023585,ortholog_one2one,94.7903,protein_coding,protein_coding,protein_coding,FALSE,FALSE,FALSE,FALSE
Fyn,FYN,Daneman,lung_only,TRUE,FALSE,FALSE,1,ENSG00000010810,ENSMUSG00000019843,ortholog_one2one,99.4413,ENSMMUG00000017017,ortholog_one2one,100,protein_coding,protein_coding,protein_coding,FALSE,FALSE,FALSE,FALSE
Fzd4,FZD4,Daneman,liver_only,TRUE,FALSE,TRUE,2,ENSG00000174804,ENSMUSG00000049791,ortholog_one2one,97.0205,ENSMMUG00000004048,ortholog_one2one,96.8343,protein_coding,protein_coding,protein_coding,FALSE,FALSE,FALSE,FALSE
Fzd6,FZD6,Munji,NA,TRUE,FALSE,TRUE,2,ENSG00000164930,ENSMUSG00000022297,ortholog_one2one,83.5694,ENSMMUG00000019399,ortholog_one2one,98.4419,protein_coding,protein_coding,protein_coding,FALSE,FALSE,FALSE,FALSE
Gab1,GAB1,Munji,NA,TRUE,FALSE,FALSE,1,ENSG00000109458,ENSMUSG00000031714,ortholog_one2one,90.3458,ENSMMUG00000000828,ortholog_one2one,98.9914,protein_coding,protein_coding,protein_coding,FALSE,FALSE,FALSE,FALSE
Gabarapl1,GABARAPL1,Daneman,lung_only,TRUE,FALSE,FALSE,1,ENSG00000139112,ENSMUSG00000030161,ortholog_one2one,100,ENSMMUG00000002197,ortholog_one2one,82.906,protein_coding,protein_coding,protein_coding,FALSE,FALSE,FALSE,FALSE
Gadd45g,GADD45G,Daneman,liver_only,TRUE,FALSE,FALSE,1,ENSG00000130222,ENSMUSG00000021453,ortholog_one2one,96.8553,ENSMMUG00000048737,ortholog_one2one,98.7421,protein_coding,protein_coding,protein_coding,FALSE,FALSE,FALSE,FALSE
Galt,GALT,Daneman,lung_only,TRUE,FALSE,FALSE,1,ENSG00000213930,ENSMUSG00000036073,ortholog_one2one,86.8074,NA,NA,NA,protein_coding,protein_coding,NA,FALSE,FALSE,FALSE,FALSE
Gart,GART,Daneman,lung_only,TRUE,FALSE,FALSE,1,ENSG00000262473,NA,NA,NA,NA,NA,NA,protein_coding,NA,NA,FALSE,FALSE,FALSE,FALSE
Gas2l3,GAS2L3,Daneman,lung_only,TRUE,FALSE,FALSE,1,ENSG00000139354,ENSMUSG00000074802,ortholog_one2one,75.5043,ENSMMUG00000020360,ortholog_one2one,95.6772,protein_coding,protein_coding,protein_coding,FALSE,FALSE,FALSE,FALSE
Gas6,GAS6,Daneman,liver_only,TRUE,FALSE,TRUE,2,ENSG00000183087,ENSMUSG00000031451,ortholog_one2one,80.826,ENSMMUG00000007428,ortholog_one2one,86.2832,protein_coding,protein_coding,protein_coding,FALSE,FALSE,FALSE,FALSE
Gata2,GATA2,Daneman,liver_only,TRUE,FALSE,TRUE,2,ENSG00000179348,ENSMUSG00000015053,ortholog_one2one,97.9167,ENSMMUG00000021371,ortholog_one2one,99.7917,protein_coding,protein_coding,protein_coding,FALSE,FALSE,FALSE,FALSE
Gbe1,GBE1,Munji,NA,TRUE,FALSE,FALSE,1,ENSG00000114480,ENSMUSG00000022707,ortholog_one2one,91.1681,ENSMMUG00000015877,ortholog_one2one,94.7293,protein_coding,protein_coding,protein_coding,FALSE,FALSE,FALSE,FALSE
Gbp2,GBP2,Daneman,liver_only,TRUE,FALSE,FALSE,1,ENSG00000162645,ENSMUSG00000028270,ortholog_one2many,71.2352,NA,NA,NA,protein_coding,protein_coding,NA,FALSE,FALSE,FALSE,FALSE
Gbp2,GBP2,Daneman,liver_only,TRUE,FALSE,FALSE,1,ENSG00000162645,ENSMUSG00000040264,ortholog_one2many,70.3892,NA,NA,NA,protein_coding,protein_coding,NA,FALSE,FALSE,FALSE,FALSE
Gbp4,GBP6,Daneman,liver_only,TRUE,FALSE,FALSE,1,ENSG00000183347,ENSMUSG00000092021,ortholog_one2many,66.6667,ENSMMUG00000020157,ortholog_one2one,92.891,protein_coding,protein_coding,protein_coding,FALSE,FALSE,FALSE,FALSE
Gbp4,GBP6,Daneman,liver_only,TRUE,FALSE,FALSE,1,ENSG00000183347,ENSMUSG00000034438,ortholog_one2many,57.5039,ENSMMUG00000020157,ortholog_one2one,92.891,protein_coding,protein_coding,protein_coding,FALSE,FALSE,FALSE,FALSE
Gbp4,GBP6,Daneman,liver_only,TRUE,FALSE,FALSE,1,ENSG00000183347,ENSMUSG00000029298,ortholog_one2many,65.8768,ENSMMUG00000020157,ortholog_one2one,92.891,protein_coding,protein_coding,protein_coding,FALSE,FALSE,FALSE,FALSE
Gbp4,GBP6,Daneman,liver_only,TRUE,FALSE,FALSE,1,ENSG00000183347,ENSMUSG00000105096,ortholog_one2many,66.0348,ENSMMUG00000020157,ortholog_one2one,92.891,protein_coding,protein_coding,protein_coding,FALSE,FALSE,FALSE,FALSE
Gbp4,GBP6,Daneman,liver_only,TRUE,FALSE,FALSE,1,ENSG00000183347,ENSMUSG00000079363,ortholog_one2many,63.0332,ENSMMUG00000020157,ortholog_one2one,92.891,protein_coding,protein_coding,protein_coding,FALSE,FALSE,FALSE,FALSE
Gbp4,GBP6,Daneman,liver_only,TRUE,FALSE,FALSE,1,ENSG00000183347,ENSMUSG00000104713,ortholog_one2many,66.6667,ENSMMUG00000020157,ortholog_one2one,92.891,protein_coding,protein_coding,protein_coding,FALSE,FALSE,FALSE,FALSE
Gch1,GCH1,Daneman,liver_only,TRUE,FALSE,FALSE,1,ENSG00000131979,ENSMUSG00000037580,ortholog_one2one,86,ENSMMUG00000004084,ortholog_one2one,98.8,protein_coding,protein_coding,protein_coding,FALSE,FALSE,FALSE,FALSE
Gcnt2,GCNT2,Daneman,liver_only,TRUE,FALSE,FALSE,1,ENSG00000285222,NA,NA,NA,NA,NA,NA,protein_coding,NA,NA,FALSE,FALSE,FALSE,FALSE
Gdi2,GDI2,Daneman,lung_only,TRUE,FALSE,FALSE,1,ENSG00000057608,ENSMUSG00000021218,ortholog_one2one,96.4045,ENSMMUG00000013182,ortholog_one2one,99.5506,protein_coding,protein_coding,protein_coding,FALSE,FALSE,FALSE,FALSE
Gdpd1,GDPD1,Daneman,lung_only,TRUE,FALSE,FALSE,1,ENSG00000153982,ENSMUSG00000061666,ortholog_one2one,92.0382,ENSMMUG00000042757,ortholog_one2one,99.0446,protein_coding,protein_coding,protein_coding,FALSE,FALSE,FALSE,FALSE
Gdpd3,GDPD3,Daneman,liver_only,TRUE,FALSE,FALSE,1,ENSG00000102886,ENSMUSG00000030703,ortholog_one2one,76.4151,ENSMMUG00000029164,ortholog_one2one,94.6541,protein_coding,protein_coding,protein_coding,FALSE,FALSE,FALSE,FALSE
Gdpd5,GDPD5,Daneman,lung_only,TRUE,FALSE,FALSE,1,ENSG00000158555,ENSMUSG00000035314,ortholog_one2one,90.5785,ENSMMUG00000009022,ortholog_one2one,97.8512,protein_coding,protein_coding,protein_coding,FALSE,FALSE,FALSE,FALSE
Gem,GEM,Daneman,lung_only,TRUE,FALSE,TRUE,2,ENSG00000164949,ENSMUSG00000028214,ortholog_one2one,95.6081,ENSMMUG00000062934,ortholog_one2one,99.3243,protein_coding,protein_coding,protein_coding,FALSE,FALSE,FALSE,FALSE
Gga2,GGA2,Daneman,lung_only,TRUE,FALSE,FALSE,1,ENSG00000103365,ENSMUSG00000030872,ortholog_one2one,84.8287,ENSMMUG00000020521,ortholog_one2one,98.0424,protein_coding,protein_coding,protein_coding,FALSE,FALSE,FALSE,FALSE
Gimap4,GIMAP4,Daneman,lung_only,TRUE,FALSE,TRUE,2,ENSG00000133574,ENSMUSG00000054435,ortholog_one2one,60.4863,ENSMMUG00000011386,ortholog_one2one,87.8419,protein_coding,protein_coding,protein_coding,FALSE,FALSE,FALSE,FALSE
Gimap8,GIMAP8,Daneman,liver_only,TRUE,FALSE,TRUE,2,ENSG00000171115,ENSMUSG00000064262,ortholog_one2one,53.3835,ENSMMUG00000022636,ortholog_one2one,89.0226,protein_coding,protein_coding,protein_coding,FALSE,FALSE,FALSE,FALSE
Gja1,GJA1,Daneman,lung_only,TRUE,FALSE,FALSE,1,ENSG00000152661,ENSMUSG00000050953,ortholog_one2one,97.3822,ENSMMUG00000005225,ortholog_one2one,99.4764,protein_coding,protein_coding,protein_coding,FALSE,FALSE,FALSE,FALSE
Gjb2,GJB2,Munji,NA,TRUE,FALSE,FALSE,1,ENSG00000165474,ENSMUSG00000046352,ortholog_one2one,92.9204,ENSMMUG00000010522,ortholog_one2one,98.2301,protein_coding,protein_coding,protein_coding,FALSE,FALSE,FALSE,FALSE
Glb1,GLB1,Both,lung_only,TRUE,FALSE,FALSE,1,ENSG00000170266,ENSMUSG00000045594,ortholog_one2one,72.969,ENSMMUG00000020109,ortholog_one2one,91.1374,protein_coding,protein_coding,protein_coding,FALSE,FALSE,FALSE,FALSE
Glcci1,GLCCI1,Both,liver_only,TRUE,FALSE,FALSE,1,ENSG00000106415,ENSMUSG00000029638,ortholog_one2one,91.7733,ENSMMUG00000045449,ortholog_one2one,98.1718,protein_coding,protein_coding,protein_coding,FALSE,FALSE,FALSE,FALSE
Glrx2,GLRX2,Daneman,lung_only,TRUE,FALSE,FALSE,1,ENSG00000023572,NA,NA,NA,ENSMMUG00000022645,ortholog_one2one,95.1219,protein_coding,NA,protein_coding,FALSE,FALSE,FALSE,FALSE
Gls,GLS,Daneman,liver_only,TRUE,FALSE,FALSE,1,ENSG00000115419,ENSMUSG00000026103,ortholog_one2one,95.3662,ENSMMUG00000005612,ortholog_one2one,98.9537,protein_coding,protein_coding,protein_coding,FALSE,FALSE,FALSE,FALSE
Glt8d1,GLT8D1,Daneman,liver_only,TRUE,FALSE,FALSE,1,ENSG00000016864,ENSMUSG00000021916,ortholog_one2one,90.2965,ENSMMUG00000012526,ortholog_one2one,98.6523,protein_coding,protein_coding,protein_coding,FALSE,FALSE,FALSE,FALSE
Gltscr2,GLTSCR2,Daneman,lung_only,FALSE,FALSE,FALSE,0,NA,NA,NA,NA,NA,NA,NA,NA,NA,NA,FALSE,FALSE,FALSE,FALSE
Glul,GLUL,Munji,NA,TRUE,FALSE,FALSE,1,ENSG00000135821,ENSMUSG00000026473,ortholog_one2one,94.6381,ENSMMUG00000022884,ortholog_one2one,100,protein_coding,protein_coding,protein_coding,FALSE,FALSE,FALSE,FALSE
Gmfg,GMFG,Daneman,lung_only,TRUE,FALSE,FALSE,1,ENSG00000291873,NA,NA,NA,NA,NA,NA,protein_coding,NA,NA,FALSE,FALSE,FALSE,FALSE
Gmpr,GMPR,Daneman,lung_only,TRUE,FALSE,FALSE,1,ENSG00000137198,ENSMUSG00000000253,ortholog_one2one,95.3623,ENSMMUG00000002936,ortholog_one2one,98.2609,protein_coding,protein_coding,protein_coding,FALSE,FALSE,FALSE,FALSE
Gmps,GMPS,Daneman,lung_only,TRUE,FALSE,FALSE,1,ENSG00000163655,ENSMUSG00000027823,ortholog_one2one,97.8355,ENSMMUG00000007324,ortholog_one2one,98.4127,protein_coding,protein_coding,protein_coding,FALSE,FALSE,FALSE,FALSE
Gna12,GNA12,Daneman,lung_only,TRUE,FALSE,FALSE,1,ENSG00000146535,ENSMUSG00000000149,ortholog_one2one,97.9003,ENSMMUG00000006460,ortholog_one2one,99.4751,protein_coding,protein_coding,protein_coding,FALSE,FALSE,FALSE,FALSE
Gna13,GNA13,Daneman,lung_only,TRUE,FALSE,FALSE,1,ENSG00000120063,ENSMUSG00000020611,ortholog_one2one,96.817,ENSMMUG00000016371,ortholog_one2one,99.7347,protein_coding,protein_coding,protein_coding,FALSE,FALSE,FALSE,FALSE
Gnai1,GNAI1,Daneman,lung_only,TRUE,FALSE,FALSE,1,ENSG00000127955,ENSMUSG00000057614,ortholog_one2one,100,ENSMMUG00000023470,ortholog_one2one,100,protein_coding,protein_coding,protein_coding,FALSE,FALSE,FALSE,FALSE
Gnb1,GNB1,Daneman,liver_and_lung,TRUE,FALSE,FALSE,1,ENSG00000078369,ENSMUSG00000029064,ortholog_one2one,100,ENSMMUG00000001896,ortholog_one2one,100,protein_coding,protein_coding,protein_coding,FALSE,FALSE,FALSE,FALSE
Gng12,GNG12,Daneman,lung_only,TRUE,FALSE,FALSE,1,ENSG00000172380,ENSMUSG00000036402,ortholog_one2one,95.8333,NA,NA,NA,protein_coding,protein_coding,NA,FALSE,FALSE,FALSE,FALSE
Gng7,GNG7,Munji,NA,TRUE,FALSE,FALSE,1,ENSG00000176533,ENSMUSG00000048240,ortholog_one2one,94.1176,ENSMMUG00000065054,ortholog_one2one,100,protein_coding,protein_coding,protein_coding,FALSE,FALSE,FALSE,FALSE
Golga4,GOLGA4,Daneman,liver_only,TRUE,FALSE,FALSE,1,ENSG00000144674,ENSMUSG00000038708,ortholog_one2one,71.1211,ENSMMUG00000021918,ortholog_one2one,97.0404,protein_coding,protein_coding,protein_coding,FALSE,FALSE,FALSE,FALSE
Gorasp2,GORASP2,Daneman,lung_only,TRUE,FALSE,FALSE,1,ENSG00000115806,ENSMUSG00000014959,ortholog_one2one,90.2655,ENSMMUG00000015203,ortholog_one2one,98.2301,protein_coding,protein_coding,protein_coding,FALSE,FALSE,FALSE,FALSE
Gpam,GPAM,Daneman,lung_only,TRUE,FALSE,FALSE,1,ENSG00000119927,ENSMUSG00000024978,ortholog_one2one,92.7536,ENSMMUG00000007526,ortholog_one2one,92.6329,protein_coding,protein_coding,protein_coding,FALSE,FALSE,FALSE,FALSE
Gpcpd1,GPCPD1,Munji,NA,TRUE,FALSE,TRUE,2,ENSG00000125772,ENSMUSG00000027346,ortholog_one2one,92.8571,ENSMMUG00000001809,ortholog_one2one,98.3631,protein_coding,protein_coding,protein_coding,FALSE,FALSE,FALSE,FALSE
Gpd2,GPD2,Both,liver_only,TRUE,FALSE,FALSE,1,ENSG00000115159,ENSMUSG00000026827,ortholog_one2one,93.26,ENSMMUG00000004897,ortholog_one2one,99.1747,protein_coding,protein_coding,protein_coding,FALSE,FALSE,FALSE,FALSE
Gpi1,GPI,Daneman,lung_only,TRUE,FALSE,FALSE,1,ENSG00000282019,NA,NA,NA,NA,NA,NA,protein_coding,NA,NA,FALSE,FALSE,FALSE,FALSE
Gpm6b,GPM6B,Daneman,lung_only,TRUE,FALSE,FALSE,1,ENSG00000046653,ENSMUSG00000031342,ortholog_one2one,98.1707,ENSMMUG00000019415,ortholog_one2one,100,protein_coding,protein_coding,protein_coding,FALSE,FALSE,FALSE,FALSE
Gpr146,GPR146,Daneman,liver_only,TRUE,FALSE,FALSE,1,ENSG00000164849,ENSMUSG00000044197,ortholog_one2one,74.1742,ENSMMUG00000007208,ortholog_one2one,95.7958,protein_coding,protein_coding,protein_coding,FALSE,FALSE,FALSE,FALSE
Gpr155,GPR155,Daneman,liver_only,TRUE,FALSE,FALSE,1,ENSG00000163328,ENSMUSG00000041762,ortholog_one2one,89.7701,ENSMMUG00000021012,ortholog_one2one,97.931,protein_coding,protein_coding,protein_coding,FALSE,FALSE,FALSE,FALSE
Gpr160,GPR160,Both,liver_only,TRUE,FALSE,FALSE,1,ENSG00000173890,ENSMUSG00000037661,ortholog_one2one,65.9763,ENSMMUG00000022196,ortholog_one2one,96.449700000000007,protein_coding,protein_coding,protein_coding,FALSE,FALSE,FALSE,FALSE
Gpr4,GPR4,Munji,NA,TRUE,FALSE,FALSE,1,ENSG00000177464,ENSMUSG00000044317,ortholog_one2one,92.2652,ENSMMUG00000019031,ortholog_one2one,99.1713,protein_coding,protein_coding,protein_coding,FALSE,FALSE,FALSE,FALSE
Gpr56,GPR56,Daneman,liver_only,FALSE,FALSE,FALSE,0,NA,NA,NA,NA,NA,NA,NA,NA,NA,NA,FALSE,FALSE,FALSE,FALSE
Gpr85,GPR85,Munji,NA,TRUE,FALSE,TRUE,2,ENSG00000164604,ENSMUSG00000048216,ortholog_one2one,100,ENSMMUG00000015548,ortholog_one2one,99.7297,protein_coding,protein_coding,protein_coding,FALSE,FALSE,FALSE,FALSE
Gpr97,GPR97,Daneman,lung_only,FALSE,FALSE,FALSE,0,NA,NA,NA,NA,NA,NA,NA,NA,NA,NA,FALSE,FALSE,FALSE,FALSE
Gprasp1,GPRASP1,Daneman,liver_only,TRUE,FALSE,FALSE,1,ENSG00000198932,ENSMUSG00000043384,ortholog_one2one,57.7778,ENSMMUG00000046251,ortholog_one2one,95.3405,protein_coding,protein_coding,protein_coding,FALSE,FALSE,FALSE,FALSE
Grasp,GRASP,Daneman,liver_only,TRUE,FALSE,TRUE,2,NA,NA,NA,NA,NA,NA,NA,NA,NA,NA,FALSE,FALSE,FALSE,FALSE
Grb14,GRB14,Daneman,liver_only,TRUE,FALSE,TRUE,2,ENSG00000115290,ENSMUSG00000026888,ortholog_one2one,85.7407,ENSMMUG00000015292,ortholog_one2one,99.2593,protein_coding,protein_coding,protein_coding,FALSE,FALSE,FALSE,FALSE
Grb7,GRB7,Munji,NA,FALSE,FALSE,FALSE,0,ENSG00000141738,ENSMUSG00000019312,ortholog_one2one,90.6015,ENSMMUG00000020775,ortholog_one2one,98.6842,protein_coding,protein_coding,protein_coding,FALSE,FALSE,FALSE,FALSE
Grm3,GRM3,Daneman,liver_and_lung,TRUE,FALSE,FALSE,1,ENSG00000198822,ENSMUSG00000003974,ortholog_one2one,96.7008,ENSMMUG00000022513,ortholog_one2one,99.5449,protein_coding,protein_coding,protein_coding,FALSE,FALSE,FALSE,FALSE
Grp,GRP,Daneman,lung_only,TRUE,FALSE,FALSE,1,ENSG00000134443,ENSMUSG00000024517,ortholog_one2one,57.4324,ENSMMUG00000007584,ortholog_one2one,93.9189,protein_coding,protein_coding,protein_coding,FALSE,FALSE,FALSE,FALSE
Grtp1,GRTP1,Daneman,liver_and_lung,TRUE,FALSE,FALSE,1,ENSG00000139835,ENSMUSG00000038515,ortholog_one2one,84.5238,ENSMMUG00000009791,ortholog_one2one,96.4286,protein_coding,protein_coding,protein_coding,FALSE,FALSE,FALSE,FALSE
Gse1,GSE1,Munji,NA,TRUE,FALSE,TRUE,2,ENSG00000131149,ENSMUSG00000031822,ortholog_one2one,89.811,ENSMMUG00000020592,ortholog_one2one,98.0279,protein_coding,protein_coding,protein_coding,FALSE,FALSE,FALSE,FALSE
Gsr,GSR,Daneman,liver_and_lung,TRUE,FALSE,FALSE,1,ENSG00000104687,ENSMUSG00000031584,ortholog_one2one,83.1418,ENSMMUG00000039030,ortholog_one2one,88.8889,protein_coding,protein_coding,protein_coding,FALSE,FALSE,FALSE,FALSE
Gstm7,GSTM2,Munji,NA,TRUE,FALSE,FALSE,1,ENSG00000213366,ENSMUSG00000004035,ortholog_one2one,83.0275,ENSMMUG00000020851,ortholog_one2one,95.4128,protein_coding,protein_coding,protein_coding,FALSE,FALSE,FALSE,FALSE
Gstm5,GSTM3,Daneman,lung_only,TRUE,FALSE,FALSE,1,ENSG00000134202,ENSMUSG00000004032,ortholog_one2one,87.5556,ENSMMUG00000008029,ortholog_one2one,92,protein_coding,protein_coding,protein_coding,FALSE,FALSE,FALSE,FALSE
Gstm1,GSTM5,Daneman,liver_only,TRUE,FALSE,FALSE,1,ENSG00000134201,NA,NA,NA,NA,NA,NA,protein_coding,NA,NA,FALSE,FALSE,FALSE,FALSE
Gsto1,GSTO1,Daneman,lung_only,TRUE,FALSE,FALSE,1,ENSG00000148834,ENSMUSG00000025068,ortholog_one2one,71.3693,ENSMMUG00000032415,ortholog_one2many,92.1162,protein_coding,protein_coding,protein_coding,FALSE,FALSE,FALSE,FALSE
Gsto1,GSTO1,Daneman,lung_only,TRUE,FALSE,FALSE,1,ENSG00000148834,ENSMUSG00000025068,ortholog_one2one,71.3693,ENSMMUG00000015334,ortholog_one2many,97.0954,protein_coding,protein_coding,protein_coding,FALSE,FALSE,FALSE,FALSE
Gtf2e2,GTF2E2,Daneman,lung_only,TRUE,FALSE,FALSE,1,ENSG00000197265,ENSMUSG00000031585,ortholog_one2one,94.1581,ENSMMUG00000000459,ortholog_one2one,98.9691,protein_coding,protein_coding,protein_coding,FALSE,FALSE,FALSE,FALSE
Gtf2h5,GTF2H5,Daneman,lung_only,TRUE,FALSE,FALSE,1,ENSG00000272047,ENSMUSG00000034345,ortholog_one2one,98.5916,ENSMMUG00000049294,ortholog_one2one,100,protein_coding,protein_coding,protein_coding,FALSE,FALSE,FALSE,FALSE
Gucy1a3,GUCY1A3,Daneman,liver_and_lung,TRUE,FALSE,FALSE,1,NA,NA,NA,NA,NA,NA,NA,NA,NA,NA,FALSE,FALSE,FALSE,FALSE
Gucy1b3,GUCY1B3,Daneman,liver_and_lung,TRUE,FALSE,FALSE,1,NA,NA,NA,NA,NA,NA,NA,NA,NA,NA,FALSE,FALSE,FALSE,FALSE
Gusb,GUSB,Daneman,lung_only,TRUE,FALSE,FALSE,1,ENSG00000169919,ENSMUSG00000025534,ortholog_one2one,74.3472,ENSMMUG00000021236,ortholog_one2many,24.424,protein_coding,protein_coding,protein_coding,FALSE,FALSE,FALSE,FALSE
Gusb,GUSB,Daneman,lung_only,TRUE,FALSE,FALSE,1,ENSG00000169919,ENSMUSG00000025534,ortholog_one2one,74.3472,ENSMMUG00000049089,ortholog_one2many,94.1628,protein_coding,protein_coding,protein_coding,FALSE,FALSE,FALSE,FALSE
H2afv,H2AFV,Daneman,liver_only,TRUE,FALSE,FALSE,1,NA,NA,NA,NA,NA,NA,NA,NA,NA,NA,FALSE,FALSE,FALSE,FALSE
H2afx,H2AFX,Daneman,lung_only,TRUE,FALSE,FALSE,1,NA,NA,NA,NA,NA,NA,NA,NA,NA,NA,FALSE,FALSE,FALSE,FALSE
H2afz,H2AFZ,Daneman,lung_only,TRUE,FALSE,FALSE,1,NA,NA,NA,NA,NA,NA,NA,NA,NA,NA,FALSE,FALSE,FALSE,FALSE
H3f3b,H3F3A,Daneman,liver_only,TRUE,FALSE,FALSE,1,NA,NA,NA,NA,NA,NA,NA,NA,NA,NA,FALSE,FALSE,FALSE,FALSE
H3f3b,H3F3B,Daneman,liver_only,TRUE,FALSE,FALSE,1,NA,NA,NA,NA,NA,NA,NA,NA,NA,NA,FALSE,FALSE,FALSE,FALSE
Hadhb,HADHB,Daneman,lung_only,TRUE,FALSE,FALSE,1,ENSG00000138029,ENSMUSG00000059447,ortholog_one2one,90.9283,NA,NA,NA,protein_coding,protein_coding,NA,FALSE,FALSE,FALSE,FALSE
Hba-a1,HBA1,Munji,NA,TRUE,FALSE,FALSE,1,ENSG00000206172,ENSMUSG00000069919,ortholog_many2many,86.6197,ENSMMUG00000029310,ortholog_many2many,96.4789,protein_coding,protein_coding,protein_coding,FALSE,FALSE,FALSE,FALSE
Hba-a1,HBA1,Munji,NA,TRUE,FALSE,FALSE,1,ENSG00000206172,ENSMUSG00000069919,ortholog_many2many,86.6197,ENSMMUG00000019566,ortholog_many2many,95.7747,protein_coding,protein_coding,protein_coding,FALSE,FALSE,FALSE,FALSE
Hba-a1,HBA1,Munji,NA,TRUE,FALSE,FALSE,1,ENSG00000206172,ENSMUSG00000069917,ortholog_many2many,86.6197,ENSMMUG00000029310,ortholog_many2many,96.4789,protein_coding,protein_coding,protein_coding,FALSE,FALSE,FALSE,FALSE
Hba-a1,HBA1,Munji,NA,TRUE,FALSE,FALSE,1,ENSG00000206172,ENSMUSG00000069917,ortholog_many2many,86.6197,ENSMMUG00000019566,ortholog_many2many,95.7747,protein_coding,protein_coding,protein_coding,FALSE,FALSE,FALSE,FALSE
Hba-a1,HBA2,Munji,NA,TRUE,FALSE,FALSE,1,ENSG00000188536,ENSMUSG00000069919,ortholog_many2many,86.6197,ENSMMUG00000029310,ortholog_many2many,96.4789,protein_coding,protein_coding,protein_coding,FALSE,FALSE,FALSE,FALSE
Hba-a1,HBA2,Munji,NA,TRUE,FALSE,FALSE,1,ENSG00000188536,ENSMUSG00000069919,ortholog_many2many,86.6197,ENSMMUG00000019566,ortholog_many2many,95.7747,protein_coding,protein_coding,protein_coding,FALSE,FALSE,FALSE,FALSE
Hba-a1,HBA2,Munji,NA,TRUE,FALSE,FALSE,1,ENSG00000188536,ENSMUSG00000069917,ortholog_many2many,86.6197,ENSMMUG00000029310,ortholog_many2many,96.4789,protein_coding,protein_coding,protein_coding,FALSE,FALSE,FALSE,FALSE
Hba-a1,HBA2,Munji,NA,TRUE,FALSE,FALSE,1,ENSG00000188536,ENSMUSG00000069917,ortholog_many2many,86.6197,ENSMMUG00000019566,ortholog_many2many,95.7747,protein_coding,protein_coding,protein_coding,FALSE,FALSE,FALSE,FALSE
Hcn2,HCN2,Munji,NA,TRUE,FALSE,FALSE,1,ENSG00000099822,ENSMUSG00000020331,ortholog_one2one,91.7885,ENSMMUG00000012768,ortholog_one2one,99.2126,protein_coding,protein_coding,protein_coding,FALSE,FALSE,FALSE,FALSE
Hdgfrp3,HDGFRP3,Daneman,liver_only,FALSE,FALSE,FALSE,0,NA,NA,NA,NA,NA,NA,NA,NA,NA,NA,FALSE,FALSE,FALSE,FALSE
Hdlbp,HDLBP,Daneman,lung_only,TRUE,FALSE,FALSE,1,ENSG00000115677,ENSMUSG00000034088,ortholog_one2one,97.9495,ENSMMUG00000004730,ortholog_one2one,96.8454,protein_coding,protein_coding,protein_coding,FALSE,FALSE,FALSE,FALSE
Heca,HECA,Daneman,liver_only,TRUE,FALSE,FALSE,1,ENSG00000112406,ENSMUSG00000039879,ortholog_one2one,95.5801,ENSMMUG00000005682,ortholog_one2one,99.0792,protein_coding,protein_coding,protein_coding,FALSE,FALSE,FALSE,FALSE
Hells,HELLS,Munji,NA,TRUE,FALSE,FALSE,1,ENSG00000119969,ENSMUSG00000025001,ortholog_one2one,89.4988,ENSMMUG00000017255,ortholog_one2one,98.8067,protein_coding,protein_coding,protein_coding,FALSE,FALSE,FALSE,FALSE
Heph,HEPH,Daneman,lung_only,TRUE,FALSE,FALSE,1,ENSG00000089472,ENSMUSG00000031209,ortholog_one2one,85.7513,ENSMMUG00000002805,ortholog_one2one,96.8048,protein_coding,protein_coding,protein_coding,FALSE,FALSE,FALSE,FALSE
Hexim1,HEXIM1,Daneman,liver_only,TRUE,FALSE,FALSE,1,ENSG00000186834,ENSMUSG00000048878,ortholog_one2one,84.9582,ENSMMUG00000062972,ortholog_one2one,98.0501,protein_coding,protein_coding,protein_coding,FALSE,FALSE,FALSE,FALSE
Hiat1,HIAT1,Munji,NA,FALSE,FALSE,FALSE,0,NA,NA,NA,NA,NA,NA,NA,NA,NA,NA,FALSE,FALSE,FALSE,FALSE
Higd1a,HIGD1A,Daneman,liver_only,TRUE,FALSE,FALSE,1,ENSG00000181061,ENSMUSG00000038412,ortholog_one2one,86.0215,NA,NA,NA,protein_coding,protein_coding,NA,FALSE,FALSE,FALSE,FALSE
Higd1b,HIGD1B,Daneman,liver_and_lung,TRUE,FALSE,FALSE,1,ENSG00000131097,ENSMUSG00000020928,ortholog_one2one,76.7677,ENSMMUG00000054498,ortholog_one2one,94.9495,protein_coding,protein_coding,protein_coding,FALSE,FALSE,FALSE,FALSE
Hinfp,HINFP,Munji,NA,TRUE,FALSE,FALSE,1,ENSG00000172273,ENSMUSG00000032119,ortholog_one2one,84.913,ENSMMUG00000014877,ortholog_one2one,98.4526,protein_coding,protein_coding,protein_coding,FALSE,FALSE,FALSE,FALSE
Hip1r,HIP1R,Daneman,liver_only,TRUE,FALSE,FALSE,1,ENSG00000130787,ENSMUSG00000000915,ortholog_one2one,90.9176,ENSMMUG00000015221,ortholog_one2one,97.0037,protein_coding,protein_coding,protein_coding,FALSE,FALSE,FALSE,FALSE
Hist1h1c,HIST1H1C,Daneman,liver_only,TRUE,FALSE,FALSE,1,NA,NA,NA,NA,NA,NA,NA,NA,NA,NA,FALSE,FALSE,FALSE,FALSE
Hist1h2bc,HIST1H2BI,Daneman,liver_only,TRUE,FALSE,FALSE,1,NA,NA,NA,NA,NA,NA,NA,NA,NA,NA,FALSE,FALSE,FALSE,FALSE
Hist2h2be,HIST1H2BJ,Both,liver_only,TRUE,FALSE,FALSE,1,NA,NA,NA,NA,NA,NA,NA,NA,NA,NA,FALSE,FALSE,FALSE,FALSE
H2-T23,HLA-E,Daneman,liver_only,TRUE,FALSE,TRUE,2,ENSG00000230254,NA,NA,NA,NA,NA,NA,protein_coding,NA,NA,FALSE,FALSE,FALSE,FALSE
Hlf,HLF,Daneman,liver_only,TRUE,FALSE,TRUE,2,ENSG00000108924,ENSMUSG00000003949,ortholog_one2one,97.6271,ENSMMUG00000022627,ortholog_one2one,100,protein_coding,protein_coding,protein_coding,FALSE,FALSE,FALSE,FALSE
Hmgcs2,HMGCS2,Munji,NA,FALSE,FALSE,FALSE,0,ENSG00000134240,ENSMUSG00000027875,ortholog_one2one,89.3701,ENSMMUG00000023097,ortholog_one2one,97.0472,protein_coding,protein_coding,protein_coding,FALSE,FALSE,FALSE,FALSE
Hn1,HN1,Daneman,lung_only,FALSE,FALSE,FALSE,0,NA,NA,NA,NA,NA,NA,NA,NA,NA,NA,FALSE,FALSE,FALSE,FALSE
Hs1bp3,HS1BP3,Daneman,liver_only,TRUE,FALSE,FALSE,1,ENSG00000118960,ENSMUSG00000020605,ortholog_one2one,76.7857,ENSMMUG00000022996,ortholog_one2one,93.1122,protein_coding,protein_coding,protein_coding,FALSE,FALSE,FALSE,FALSE
Hs3st1,HS3ST1,Daneman,liver_only,TRUE,FALSE,FALSE,1,ENSG00000002587,ENSMUSG00000051022,ortholog_one2one,88.2736,ENSMMUG00000001341,ortholog_one2one,98.3713,protein_coding,protein_coding,protein_coding,FALSE,FALSE,FALSE,FALSE
Hsbp1,HSBP1,Daneman,lung_only,TRUE,FALSE,FALSE,1,ENSG00000230989,ENSMUSG00000031839,ortholog_one2one,88.1579,ENSMMUG00000020115,ortholog_one2one,98.6842,protein_coding,protein_coding,protein_coding,FALSE,FALSE,FALSE,FALSE
Hspa1a,HSPA1A,Daneman,liver_only,TRUE,FALSE,TRUE,2,ENSG00000235941,NA,NA,NA,NA,NA,NA,protein_coding,NA,NA,FALSE,FALSE,FALSE,FALSE
Hspa1a,HSPA1B,Daneman,liver_only,TRUE,FALSE,TRUE,2,ENSG00000232804,NA,NA,NA,NA,NA,NA,protein_coding,NA,NA,FALSE,FALSE,FALSE,FALSE
Hspb1,HSPB1,Daneman,liver_only,TRUE,FALSE,TRUE,2,ENSG00000106211,ENSMUSG00000004951,ortholog_one2one,84.3902,ENSMMUG00000056744,ortholog_one2one,100,protein_coding,protein_coding,protein_coding,FALSE,FALSE,FALSE,FALSE
Hspb8,HSPB8,Daneman,liver_only,TRUE,FALSE,TRUE,2,ENSG00000152137,ENSMUSG00000041548,ortholog_one2one,94.3878,ENSMMUG00000021232,ortholog_one2one,100,protein_coding,protein_coding,protein_coding,FALSE,FALSE,FALSE,FALSE
Htatip2,HTATIP2,Daneman,liver_only,TRUE,FALSE,FALSE,1,ENSG00000109854,ENSMUSG00000039745,ortholog_one2one,88.0165,NA,NA,NA,protein_coding,protein_coding,NA,FALSE,FALSE,FALSE,FALSE
Htra3,HTRA3,Both,lung_only,TRUE,FALSE,FALSE,1,ENSG00000170801,ENSMUSG00000029096,ortholog_one2one,92.7152,ENSMMUG00000022672,ortholog_one2one,98.6755,protein_coding,protein_coding,protein_coding,FALSE,FALSE,FALSE,FALSE
Id1,ID1,Daneman,liver_only,TRUE,FALSE,TRUE,2,ENSG00000125968,ENSMUSG00000042745,ortholog_one2one,90.3226,ENSMMUG00000004403,ortholog_one2one,96.7742,protein_coding,protein_coding,protein_coding,FALSE,FALSE,FALSE,FALSE
Id2,ID2,Daneman,liver_only,TRUE,FALSE,FALSE,1,ENSG00000115738,ENSMUSG00000020644,ortholog_one2one,98.5075,ENSMMUG00000003237,ortholog_one2one,100,protein_coding,protein_coding,protein_coding,FALSE,FALSE,FALSE,FALSE
Id3,ID3,Daneman,liver_only,TRUE,FALSE,FALSE,1,ENSG00000283060,NA,NA,NA,NA,NA,NA,protein_coding,NA,NA,FALSE,FALSE,FALSE,FALSE
Ier5,IER5,Daneman,liver_and_lung,TRUE,FALSE,FALSE,1,ENSG00000162783,ENSMUSG00000056708,ortholog_one2one,72.7829,ENSMMUG00000031286,ortholog_one2one,95.4128,protein_coding,protein_coding,protein_coding,FALSE,FALSE,FALSE,FALSE
Ifi30,IFI30,Daneman,liver_and_lung,TRUE,FALSE,FALSE,1,ENSG00000216490,ENSMUSG00000031838,ortholog_one2one,62,ENSMMUG00000051543,ortholog_one2one,90.8,protein_coding,protein_coding,protein_coding,FALSE,FALSE,FALSE,FALSE
Ifi35,IFI35,Daneman,liver_only,TRUE,FALSE,FALSE,1,ENSG00000068079,ENSMUSG00000010358,ortholog_one2one,71.6783,ENSMMUG00000015999,ortholog_one2one,75.5245,protein_coding,protein_coding,protein_coding,FALSE,FALSE,FALSE,FALSE
Ifih1,IFIH1,Daneman,liver_only,TRUE,FALSE,TRUE,2,ENSG00000115267,ENSMUSG00000026896,ortholog_one2one,79.8049,NA,NA,NA,protein_coding,protein_coding,NA,FALSE,FALSE,FALSE,FALSE
Ifit1,IFIT1B,Daneman,liver_only,TRUE,FALSE,FALSE,1,ENSG00000204010,ENSMUSG00000034459,ortholog_one2many,56.5401,NA,NA,NA,protein_coding,protein_coding,NA,FALSE,FALSE,FALSE,FALSE
Ifit1,IFIT1B,Daneman,liver_only,TRUE,FALSE,FALSE,1,ENSG00000204010,ENSMUSG00000067297,ortholog_one2many,54.4304,NA,NA,NA,protein_coding,protein_coding,NA,FALSE,FALSE,FALSE,FALSE
Ifit1,IFIT1B,Daneman,liver_only,TRUE,FALSE,FALSE,1,ENSG00000204010,ENSMUSG00000079339,ortholog_one2many,56.962,NA,NA,NA,protein_coding,protein_coding,NA,FALSE,FALSE,FALSE,FALSE
Ifit3,IFIT3,Daneman,liver_only,TRUE,FALSE,TRUE,2,ENSG00000119917,ENSMUSG00000074896,ortholog_one2many,49.3878,ENSMMUG00000005001,ortholog_one2one,93.6735,protein_coding,protein_coding,protein_coding,FALSE,FALSE,FALSE,FALSE
Ifit3,IFIT3,Daneman,liver_only,TRUE,FALSE,TRUE,2,ENSG00000119917,ENSMUSG00000062488,ortholog_one2many,49.7959,ENSMMUG00000005001,ortholog_one2one,93.6735,protein_coding,protein_coding,protein_coding,FALSE,FALSE,FALSE,FALSE
Ifnar1,IFNAR1,Munji,NA,TRUE,FALSE,FALSE,1,ENSG00000142166,ENSMUSG00000022967,ortholog_one2one,48.833,ENSMMUG00000003961,ortholog_one2one,86.535,protein_coding,protein_coding,protein_coding,FALSE,FALSE,FALSE,FALSE
Ift81,IFT81,Munji,NA,TRUE,FALSE,FALSE,1,ENSG00000122970,ENSMUSG00000029469,ortholog_one2one,92.8994,ENSMMUG00000023032,ortholog_one2one,98.0769,protein_coding,protein_coding,protein_coding,FALSE,FALSE,FALSE,FALSE
Igf1r,IGF1R,Both,liver_and_lung,TRUE,FALSE,TRUE,2,ENSG00000140443,ENSMUSG00000005533,ortholog_one2one,96.1229,ENSMMUG00000012305,ortholog_one2one,99.5611,protein_coding,protein_coding,protein_coding,FALSE,FALSE,FALSE,FALSE
Igf2,IGF2,Daneman,liver_and_lung,TRUE,FALSE,FALSE,1,ENSG00000167244,ENSMUSG00000048583,ortholog_one2one,83.8889,ENSMMUG00000047449,ortholog_one2one,96.1111,protein_coding,protein_coding,protein_coding,FALSE,FALSE,FALSE,FALSE
Igfbp2,IGFBP2,Daneman,lung_only,TRUE,FALSE,TRUE,2,ENSG00000115457,ENSMUSG00000039323,ortholog_one2one,81.8462,ENSMMUG00000054183,ortholog_one2one,99.0769,protein_coding,protein_coding,protein_coding,FALSE,FALSE,FALSE,FALSE
Igfbp4,IGFBP4,Daneman,lung_only,TRUE,FALSE,FALSE,1,ENSG00000141753,ENSMUSG00000017493,ortholog_one2one,90.6977,ENSMMUG00000009384,ortholog_one2one,100,protein_coding,protein_coding,protein_coding,FALSE,FALSE,FALSE,FALSE
Igsf5,IGSF5,Munji,NA,FALSE,FALSE,FALSE,0,ENSG00000183067,NA,NA,NA,ENSMMUG00000003427,ortholog_one2one,82.0639,protein_coding,NA,protein_coding,FALSE,FALSE,FALSE,FALSE
Il10rb,IL10RB,Daneman,liver_only,TRUE,FALSE,FALSE,1,ENSG00000243646,ENSMUSG00000022969,ortholog_one2one,68.9231,NA,NA,NA,protein_coding,protein_coding,NA,FALSE,FALSE,FALSE,FALSE
Il13ra1,IL13RA1,Daneman,liver_and_lung,TRUE,FALSE,TRUE,2,ENSG00000131724,ENSMUSG00000017057,ortholog_one2one,74.7073,ENSMMUG00000053844,ortholog_one2one,96.0187,protein_coding,protein_coding,protein_coding,FALSE,FALSE,FALSE,FALSE
Il17rd,IL17RD,Munji,NA,TRUE,FALSE,FALSE,1,ENSG00000144730,ENSMUSG00000040717,ortholog_one2one,87.0095,ENSMMUG00000016602,ortholog_one2one,98.7821,protein_coding,protein_coding,protein_coding,FALSE,FALSE,FALSE,FALSE
Il18,IL18,Daneman,liver_only,TRUE,FALSE,FALSE,1,ENSG00000150782,ENSMUSG00000039217,ortholog_one2one,64.2487,ENSMMUG00000064111,ortholog_one2one,93.7824,protein_coding,protein_coding,protein_coding,FALSE,FALSE,FALSE,FALSE
Il27ra,IL27RA,Daneman,lung_only,TRUE,FALSE,FALSE,1,ENSG00000288185,NA,NA,NA,NA,NA,NA,protein_coding,NA,NA,FALSE,FALSE,FALSE,FALSE
Il2rg,IL2RG,Daneman,lung_only,TRUE,FALSE,FALSE,1,ENSG00000147168,ENSMUSG00000031304,ortholog_one2one,70.4607,ENSMMUG00000017795,ortholog_one2one,97.29,protein_coding,protein_coding,protein_coding,FALSE,FALSE,FALSE,FALSE
Il6ra,IL6R,Munji,NA,TRUE,FALSE,FALSE,1,ENSG00000160712,ENSMUSG00000027947,ortholog_one2one,53.8462,ENSMMUG00000022978,ortholog_one2one,92.9487,protein_coding,protein_coding,protein_coding,FALSE,FALSE,FALSE,FALSE
Ildr2,ILDR2,Munji,NA,TRUE,FALSE,FALSE,1,ENSG00000143195,ENSMUSG00000040612,ortholog_one2one,87.7934,ENSMMUG00000023462,ortholog_one2one,97.3396,protein_coding,protein_coding,protein_coding,FALSE,FALSE,FALSE,FALSE
Impact,IMPACT,Daneman,liver_only,TRUE,FALSE,FALSE,1,ENSG00000154059,ENSMUSG00000024423,ortholog_one2one,80.625,ENSMMUG00000044883,ortholog_one2many,83.75,protein_coding,protein_coding,protein_coding,FALSE,FALSE,FALSE,FALSE
Impact,IMPACT,Daneman,liver_only,TRUE,FALSE,FALSE,1,ENSG00000154059,ENSMUSG00000024423,ortholog_one2one,80.625,ENSMMUG00000004664,ortholog_one2many,99.0625,protein_coding,protein_coding,protein_coding,FALSE,FALSE,FALSE,FALSE
Impad1,IMPAD1,Daneman,lung_only,TRUE,FALSE,FALSE,1,NA,NA,NA,NA,NA,NA,NA,NA,NA,NA,FALSE,FALSE,FALSE,FALSE
Impdh2,IMPDH2,Daneman,lung_only,TRUE,FALSE,FALSE,1,ENSG00000178035,ENSMUSG00000062867,ortholog_one2one,98.8327,ENSMMUG00000005656,ortholog_one2one,99.4163,protein_coding,protein_coding,protein_coding,FALSE,FALSE,FALSE,FALSE
Incenp,INCENP,Daneman,lung_only,TRUE,FALSE,FALSE,1,ENSG00000149503,ENSMUSG00000024660,ortholog_one2one,68.0828,ENSMMUG00000004420,ortholog_one2one,92.9194,protein_coding,protein_coding,protein_coding,FALSE,FALSE,FALSE,FALSE
Ing5,ING5,Daneman,liver_only,TRUE,FALSE,FALSE,1,ENSG00000168395,ENSMUSG00000026283,ortholog_one2one,94.5833,ENSMMUG00000014102,ortholog_one2one,100,protein_coding,protein_coding,protein_coding,FALSE,FALSE,FALSE,FALSE
Inhbb,INHBB,Daneman,lung_only,TRUE,FALSE,FALSE,1,ENSG00000163083,ENSMUSG00000037035,ortholog_one2one,97.2973,ENSMMUG00000060196,ortholog_one2one,99.2629,protein_coding,protein_coding,protein_coding,FALSE,FALSE,FALSE,FALSE
Inpp5f,INPP5F,Both,liver_only,TRUE,FALSE,FALSE,1,ENSG00000198825,ENSMUSG00000042105,ortholog_one2one,90.5477,ENSMMUG00000009558,ortholog_one2one,98.4982,protein_coding,protein_coding,protein_coding,FALSE,FALSE,FALSE,FALSE
Insig2,INSIG2,Daneman,liver_only,TRUE,FALSE,FALSE,1,ENSG00000125629,ENSMUSG00000003721,ortholog_one2one,96.8889,ENSMMUG00000006354,ortholog_one2one,99.5556,protein_coding,protein_coding,protein_coding,FALSE,FALSE,FALSE,FALSE
Insr,INSR,Munji,NA,TRUE,FALSE,TRUE,2,ENSG00000171105,ENSMUSG00000005534,ortholog_one2one,94.5007,ENSMMUG00000028907,ortholog_one2one,90.6657,protein_coding,protein_coding,protein_coding,FALSE,FALSE,FALSE,FALSE
Ints9,INTS9,Munji,NA,TRUE,FALSE,FALSE,1,ENSG00000104299,ENSMUSG00000021975,ortholog_one2one,97.1125,ENSMMUG00000019723,ortholog_one2one,99.3921,protein_coding,protein_coding,protein_coding,FALSE,FALSE,FALSE,FALSE
Ipo9,IPO9,Daneman,lung_only,TRUE,FALSE,FALSE,1,ENSG00000198700,ENSMUSG00000041879,ortholog_one2one,98.8473,ENSMMUG00000001916,ortholog_one2one,99.1354,protein_coding,protein_coding,protein_coding,FALSE,FALSE,FALSE,FALSE
Iqgap2,IQGAP2,Daneman,lung_only,TRUE,FALSE,TRUE,2,ENSG00000145703,ENSMUSG00000021676,ortholog_one2one,88.9524,ENSMMUG00000022982,ortholog_one2one,96,protein_coding,protein_coding,protein_coding,FALSE,FALSE,FALSE,FALSE
Irf7,IRF7,Daneman,liver_only,TRUE,FALSE,FALSE,1,ENSG00000276561,NA,NA,NA,NA,NA,NA,protein_coding,NA,NA,FALSE,FALSE,FALSE,FALSE
Irs1,IRS1,Daneman,liver_and_lung,TRUE,FALSE,FALSE,1,ENSG00000169047,ENSMUSG00000055980,ortholog_one2one,89.0499,ENSMMUG00000019467,ortholog_one2one,98.2287,protein_coding,protein_coding,protein_coding,FALSE,FALSE,FALSE,FALSE
Ism1,ISM1,Munji,NA,TRUE,FALSE,FALSE,1,ENSG00000101230,ENSMUSG00000074766,ortholog_one2one,92.8879,ENSMMUG00000015939,ortholog_one2one,98.0603,protein_coding,protein_coding,protein_coding,FALSE,FALSE,FALSE,FALSE
Isyna1,ISYNA1,Munji,NA,TRUE,FALSE,FALSE,1,ENSG00000105655,ENSMUSG00000019139,ortholog_one2one,88.3513,ENSMMUG00000021183,ortholog_one2one,98.0287,protein_coding,protein_coding,protein_coding,FALSE,FALSE,FALSE,FALSE
Itga4,ITGA4,Munji,NA,TRUE,FALSE,FALSE,1,ENSG00000115232,ENSMUSG00000027009,ortholog_one2one,84.8837,ENSMMUG00000000300,ortholog_one2one,96.9961,protein_coding,protein_coding,protein_coding,FALSE,FALSE,FALSE,FALSE
Itga6,ITGA6,Both,liver_only,TRUE,TRUE,TRUE,3,ENSG00000091409,ENSMUSG00000027111,ortholog_one2one,91.2395,ENSMMUG00000002370,ortholog_one2one,96.0857,protein_coding,protein_coding,protein_coding,FALSE,FALSE,FALSE,FALSE
Itga8,ITGA8,Daneman,liver_and_lung,TRUE,FALSE,TRUE,2,ENSG00000077943,ENSMUSG00000026768,ortholog_one2one,88.9934,ENSMMUG00000011661,ortholog_one2one,97.46,protein_coding,protein_coding,protein_coding,FALSE,FALSE,FALSE,FALSE
Itgb1,ITGB1,Daneman,lung_only,TRUE,FALSE,FALSE,1,ENSG00000150093,ENSMUSG00000025809,ortholog_one2one,92.4812,ENSMMUG00000017767,ortholog_one2one,98.3709,protein_coding,protein_coding,protein_coding,FALSE,FALSE,FALSE,FALSE
Itgb5,ITGB5,Daneman,liver_and_lung,TRUE,FALSE,FALSE,1,ENSG00000082781,ENSMUSG00000022817,ortholog_one2one,91.7397,ENSMMUG00000014516,ortholog_one2one,98.6233,protein_coding,protein_coding,protein_coding,FALSE,FALSE,FALSE,FALSE
Itih5,ITIH5,Both,liver_only,TRUE,FALSE,FALSE,1,ENSG00000123243,ENSMUSG00000025780,ortholog_one2one,78.3439,ENSMMUG00000015850,ortholog_one2one,96.9214,protein_coding,protein_coding,protein_coding,FALSE,FALSE,FALSE,FALSE
Itm2a,ITM2A,Munji,NA,TRUE,FALSE,TRUE,2,ENSG00000078596,ENSMUSG00000031239,ortholog_one2one,95.057,ENSMMUG00000003564,ortholog_one2one,100,protein_coding,protein_coding,protein_coding,FALSE,FALSE,FALSE,FALSE
Itpr3,ITPR3,Daneman,liver_only,TRUE,FALSE,TRUE,2,ENSG00000096433,ENSMUSG00000042644,ortholog_one2one,95.3201,ENSMMUG00000047729,ortholog_one2one,99.2887,protein_coding,protein_coding,protein_coding,FALSE,FALSE,FALSE,FALSE
Itsn1,ITSN1,Daneman,liver_only,TRUE,FALSE,FALSE,1,ENSG00000205726,ENSMUSG00000022957,ortholog_one2one,94.9448,ENSMMUG00000007626,ortholog_one2one,99.4771,protein_coding,protein_coding,protein_coding,FALSE,FALSE,FALSE,FALSE
Ivns1abp,IVNS1ABP,Daneman,liver_only,TRUE,FALSE,FALSE,1,ENSG00000116679,ENSMUSG00000023150,ortholog_one2one,97.0405,ENSMMUG00000013884,ortholog_one2one,99.5327,protein_coding,protein_coding,protein_coding,FALSE,FALSE,FALSE,FALSE
Jam2,JAM2,Daneman,liver_only,TRUE,FALSE,TRUE,2,ENSG00000154721,ENSMUSG00000053062,ortholog_one2one,76.5101,ENSMMUG00000008723,ortholog_one2one,97.3154,protein_coding,protein_coding,protein_coding,FALSE,FALSE,FALSE,FALSE
Jam3,JAM3,Daneman,liver_and_lung,TRUE,FALSE,FALSE,1,ENSG00000166086,ENSMUSG00000031990,ortholog_one2one,86.4516,ENSMMUG00000007100,ortholog_one2one,95.4839,protein_coding,protein_coding,protein_coding,FALSE,FALSE,FALSE,FALSE
Jmy,JMY,Munji,NA,TRUE,FALSE,FALSE,1,ENSG00000152409,ENSMUSG00000021690,ortholog_one2one,87.0445,ENSMMUG00000046325,ortholog_one2one,97.9757,protein_coding,protein_coding,protein_coding,FALSE,FALSE,FALSE,FALSE
Jun,JUN,Daneman,liver_only,TRUE,FALSE,TRUE,2,ENSG00000177606,ENSMUSG00000052684,ortholog_one2one,97.281,ENSMMUG00000059326,ortholog_one2one,99.3958,protein_coding,protein_coding,protein_coding,FALSE,FALSE,FALSE,FALSE
Junb,JUNB,Munji,NA,TRUE,FALSE,TRUE,2,ENSG00000171223,ENSMUSG00000052837,ortholog_one2one,93.0836,ENSMMUG00000005688,ortholog_one2one,92.219,protein_coding,protein_coding,protein_coding,FALSE,FALSE,FALSE,FALSE
Jund,JUND,Munji,NA,TRUE,TRUE,TRUE,3,ENSG00000130522,ENSMUSG00000071076,ortholog_one2one,80.9798,ENSMMUG00000038371,ortholog_one2one,98.2709,protein_coding,protein_coding,protein_coding,FALSE,FALSE,FALSE,FALSE
Kbtbd11,KBTBD11,Munji,NA,TRUE,FALSE,FALSE,1,ENSG00000273645,NA,NA,NA,NA,NA,NA,protein_coding,NA,NA,FALSE,FALSE,FALSE,FALSE
Kbtbd7,KBTBD7,Daneman,liver_only,TRUE,FALSE,FALSE,1,ENSG00000120696,ENSMUSG00000043881,ortholog_one2one,94.152,ENSMMUG00000004799,ortholog_one2one,99.4152,protein_coding,protein_coding,protein_coding,FALSE,FALSE,FALSE,FALSE
Kcnd3,KCND3,Munji,NA,TRUE,FALSE,FALSE,1,ENSG00000171385,ENSMUSG00000040896,ortholog_one2one,99.3893,ENSMMUG00000050825,ortholog_one2one,100,protein_coding,protein_coding,protein_coding,FALSE,FALSE,FALSE,FALSE
Kcne4,KCNE4,Daneman,liver_and_lung,TRUE,FALSE,FALSE,1,ENSG00000152049,ENSMUSG00000047330,ortholog_one2one,90,ENSMMUG00000001102,ortholog_one2one,98.2353,protein_coding,protein_coding,protein_coding,FALSE,FALSE,FALSE,FALSE
Kcnj2,KCNJ2,Munji,NA,TRUE,FALSE,TRUE,2,ENSG00000123700,ENSMUSG00000041695,ortholog_one2one,98.5948,ENSMMUG00000056768,ortholog_one2one,100,protein_coding,protein_coding,protein_coding,FALSE,FALSE,FALSE,FALSE
Kcnj8,KCNJ8,Daneman,liver_and_lung,TRUE,FALSE,FALSE,1,ENSG00000121361,ENSMUSG00000030247,ortholog_one2one,98.3491,ENSMMUG00000056014,ortholog_one2one,99.5283,protein_coding,protein_coding,protein_coding,FALSE,FALSE,FALSE,FALSE
Kcnk6,KCNK6,Daneman,liver_only,TRUE,FALSE,FALSE,1,ENSG00000099337,ENSMUSG00000046410,ortholog_one2one,84.984,ENSMMUG00000062296,ortholog_one2one,96.4856,protein_coding,protein_coding,protein_coding,FALSE,FALSE,FALSE,FALSE
Kcnq1,KCNQ1,Daneman,lung_only,TRUE,FALSE,FALSE,1,ENSG00000282076,NA,NA,NA,NA,NA,NA,protein_coding,NA,NA,FALSE,FALSE,FALSE,FALSE
Kcp,KCP,Munji,NA,TRUE,FALSE,FALSE,1,ENSG00000135253,ENSMUSG00000059022,ortholog_one2one,76.7199,ENSMMUG00000006306,ortholog_one2one,94.7789,protein_coding,protein_coding,protein_coding,FALSE,FALSE,FALSE,FALSE
Kctd12,KCTD12,Daneman,liver_only,TRUE,FALSE,TRUE,2,ENSG00000178695,ENSMUSG00000098557,ortholog_one2one,99.3846,ENSMMUG00000060210,ortholog_one2one,99.6923,protein_coding,protein_coding,protein_coding,FALSE,FALSE,FALSE,FALSE
Kctd17,KCTD17,Daneman,lung_only,TRUE,FALSE,FALSE,1,ENSG00000100379,ENSMUSG00000033287,ortholog_one2one,75.1592,ENSMMUG00000000149,ortholog_one2one,88.2166,protein_coding,protein_coding,protein_coding,FALSE,FALSE,FALSE,FALSE
Kdelr2,KDELR2,Daneman,lung_only,TRUE,FALSE,FALSE,1,ENSG00000136240,ENSMUSG00000079111,ortholog_one2one,98.5849,ENSMMUG00000030415,ortholog_one2one,96.2264,protein_coding,protein_coding,protein_coding,FALSE,FALSE,FALSE,FALSE
Kdm5b,KDM5B,Munji,NA,TRUE,FALSE,FALSE,1,ENSG00000117139,ENSMUSG00000042207,ortholog_one2one,94.2357,ENSMMUG00000015233,ortholog_one2one,99.2876,protein_coding,protein_coding,protein_coding,FALSE,FALSE,FALSE,FALSE
4930523C07Rik,KIAA0040,Daneman,liver_only,TRUE,FALSE,FALSE,1,ENSG00000235750,ENSMUSG00000090394,ortholog_one2one,70.7071,ENSMMUG00000000546,ortholog_one2one,97.9798,protein_coding,protein_coding,protein_coding,FALSE,FALSE,FALSE,FALSE
2810417H13Rik,KIAA0101,Daneman,lung_only,FALSE,FALSE,FALSE,0,NA,NA,NA,NA,NA,NA,NA,NA,NA,NA,FALSE,FALSE,FALSE,FALSE
4933426M11Rik,KIAA0247,Daneman,liver_only,FALSE,FALSE,FALSE,0,NA,NA,NA,NA,NA,NA,NA,NA,NA,NA,FALSE,FALSE,FALSE,FALSE
2810403A07Rik,KIAA0907,Daneman,liver_only,FALSE,FALSE,FALSE,0,NA,NA,NA,NA,NA,NA,NA,NA,NA,NA,FALSE,FALSE,FALSE,FALSE
D930015E06Rik,KIAA0922,Daneman,lung_only,FALSE,FALSE,FALSE,0,NA,NA,NA,NA,NA,NA,NA,NA,NA,NA,FALSE,FALSE,FALSE,FALSE
9430020K01Rik,KIAA1462,Both,liver_only,FALSE,FALSE,FALSE,0,NA,NA,NA,NA,NA,NA,NA,NA,NA,NA,FALSE,FALSE,FALSE,FALSE
2810474O19Rik,KIAA1551,Daneman,liver_only,TRUE,FALSE,FALSE,1,NA,NA,NA,NA,NA,NA,NA,NA,NA,NA,FALSE,FALSE,FALSE,FALSE
Kif16b,KIF16B,Daneman,liver_only,TRUE,FALSE,FALSE,1,ENSG00000089177,NA,NA,NA,NA,NA,NA,protein_coding,NA,NA,FALSE,FALSE,FALSE,FALSE
Kif1c,KIF1C,Munji,NA,TRUE,FALSE,FALSE,1,ENSG00000129250,ENSMUSG00000020821,ortholog_one2one,93.9257,ENSMMUG00000011341,ortholog_one2one,98.7307,protein_coding,protein_coding,protein_coding,FALSE,FALSE,FALSE,FALSE
Kif23,KIF23,Munji,NA,TRUE,FALSE,FALSE,1,ENSG00000137807,ENSMUSG00000032254,ortholog_one2one,87.577,ENSMMUG00000014887,ortholog_one2one,99.1786,protein_coding,protein_coding,protein_coding,FALSE,FALSE,FALSE,FALSE
Kif26a,KIF26A,Munji,NA,TRUE,FALSE,FALSE,1,ENSG00000066735,ENSMUSG00000021294,ortholog_one2one,78.0021,ENSMMUG00000009477,ortholog_one2one,95.9617,protein_coding,protein_coding,protein_coding,FALSE,FALSE,FALSE,FALSE
Kif3b,KIF3B,Munji,NA,TRUE,FALSE,FALSE,1,ENSG00000101350,ENSMUSG00000027475,ortholog_one2one,97.992,ENSMMUG00000012897,ortholog_one2one,99.8661,protein_coding,protein_coding,protein_coding,FALSE,FALSE,FALSE,FALSE
Kifc3,KIFC3,Daneman,liver_only,TRUE,FALSE,FALSE,1,ENSG00000140859,ENSMUSG00000031788,ortholog_one2one,93.5835,ENSMMUG00000015696,ortholog_one2one,99.1525,protein_coding,protein_coding,protein_coding,FALSE,FALSE,FALSE,FALSE
Kit,KIT,Daneman,lung_only,TRUE,FALSE,FALSE,1,ENSG00000157404,ENSMUSG00000005672,ortholog_one2one,82.7869,ENSMMUG00000060342,ortholog_one2one,98.1557,protein_coding,protein_coding,protein_coding,FALSE,FALSE,FALSE,FALSE
Kitl,KITLG,Daneman,liver_only,TRUE,FALSE,FALSE,1,ENSG00000049130,ENSMUSG00000019966,ortholog_one2one,82.7839,ENSMMUG00000051340,ortholog_one2one,94.1392,protein_coding,protein_coding,protein_coding,FALSE,FALSE,FALSE,FALSE
Klf11,KLF11,Munji,NA,TRUE,FALSE,FALSE,1,ENSG00000172059,ENSMUSG00000020653,ortholog_one2one,75.1953,ENSMMUG00000002054,ortholog_one2one,95.3125,protein_coding,protein_coding,protein_coding,FALSE,FALSE,FALSE,FALSE
Klf12,KLF12,Both,liver_only,TRUE,TRUE,FALSE,2,ENSG00000118922,ENSMUSG00000072294,ortholog_one2one,97.0149,ENSMMUG00000019097,ortholog_one2one,100,protein_coding,protein_coding,protein_coding,FALSE,FALSE,FALSE,FALSE
Klf13,KLF13,Munji,NA,TRUE,FALSE,FALSE,1,ENSG00000275746,NA,NA,NA,NA,NA,NA,protein_coding,NA,NA,FALSE,FALSE,FALSE,FALSE
Klf4,KLF4,Daneman,liver_only,TRUE,FALSE,TRUE,2,ENSG00000136826,ENSMUSG00000003032,ortholog_one2one,91.4405,ENSMMUG00000006088,ortholog_one2one,87.0564,protein_coding,protein_coding,protein_coding,FALSE,FALSE,FALSE,FALSE
Klf7,KLF7,Daneman,liver_only,TRUE,TRUE,TRUE,3,ENSG00000118263,ENSMUSG00000025959,ortholog_one2one,97.0199,ENSMMUG00000000190,ortholog_one2one,99.6689,protein_coding,protein_coding,protein_coding,FALSE,FALSE,FALSE,FALSE
Klf9,KLF9,Daneman,liver_only,TRUE,FALSE,FALSE,1,ENSG00000119138,ENSMUSG00000033863,ortholog_one2one,96.3115,ENSMMUG00000063718,ortholog_one2one,98.3607,protein_coding,protein_coding,protein_coding,FALSE,FALSE,FALSE,FALSE
Klhdc3,KLHDC3,Daneman,lung_only,TRUE,FALSE,FALSE,1,ENSG00000124702,ENSMUSG00000063576,ortholog_one2one,96.5969,ENSMMUG00000000766,ortholog_one2one,99.7382,protein_coding,protein_coding,protein_coding,FALSE,FALSE,FALSE,FALSE
Klhl2,KLHL2,Daneman,liver_only,TRUE,FALSE,TRUE,2,ENSG00000109466,ENSMUSG00000031605,ortholog_one2one,98.8196,ENSMMUG00000017342,ortholog_one2one,96.9646,protein_coding,protein_coding,protein_coding,FALSE,FALSE,FALSE,FALSE
Klhl5,KLHL5,Daneman,liver_only,TRUE,FALSE,TRUE,2,ENSG00000109790,ENSMUSG00000054920,ortholog_one2one,97.0381,ENSMMUG00000002755,ortholog_one2one,99.5769,protein_coding,protein_coding,protein_coding,FALSE,FALSE,FALSE,FALSE
Kpna2,KPNA2,Daneman,lung_only,TRUE,FALSE,FALSE,1,ENSG00000182481,ENSMUSG00000066878,ortholog_one2many,94.518,ENSMMUG00000016685,ortholog_one2one,99.4329,protein_coding,protein_coding,protein_coding,FALSE,FALSE,FALSE,FALSE
Kpna2,KPNA2,Daneman,lung_only,TRUE,FALSE,FALSE,1,ENSG00000182481,ENSMUSG00000018362,ortholog_one2many,94.518,ENSMMUG00000016685,ortholog_one2one,99.4329,protein_coding,protein_coding,protein_coding,FALSE,FALSE,FALSE,FALSE
Kpnb1,KPNB1,Daneman,lung_only,TRUE,FALSE,FALSE,1,ENSG00000108424,ENSMUSG00000001440,ortholog_one2one,99.2009,ENSMMUG00000019760,ortholog_one2one,97.7169,protein_coding,protein_coding,protein_coding,FALSE,FALSE,FALSE,FALSE
Krt222,KRT222,Munji,NA,TRUE,FALSE,FALSE,1,ENSG00000213424,ENSMUSG00000035849,ortholog_one2one,88.1356,ENSMMUG00000004004,ortholog_one2one,97.6271,protein_coding,protein_coding,protein_coding,FALSE,FALSE,FALSE,FALSE
Lactb,LACTB,Munji,NA,TRUE,FALSE,FALSE,1,ENSG00000103642,ENSMUSG00000032370,ortholog_one2one,88.117,ENSMMUG00000003544,ortholog_one2one,98.1718,protein_coding,protein_coding,protein_coding,FALSE,FALSE,FALSE,FALSE
Lama2,LAMA2,Daneman,liver_and_lung,TRUE,FALSE,TRUE,2,ENSG00000196569,ENSMUSG00000019899,ortholog_one2one,88.3408,ENSMMUG00000022136,ortholog_one2one,97.886,protein_coding,protein_coding,protein_coding,FALSE,FALSE,FALSE,FALSE
Lama4,LAMA4,Daneman,lung_only,TRUE,FALSE,FALSE,1,ENSG00000112769,ENSMUSG00000019846,ortholog_one2one,88.3708,ENSMMUG00000013782,ortholog_one2one,97.9155,protein_coding,protein_coding,protein_coding,FALSE,FALSE,FALSE,FALSE
Lama5,LAMA5,Daneman,liver_only,TRUE,FALSE,FALSE,1,ENSG00000130702,ENSMUSG00000015647,ortholog_one2one,79.4858,NA,NA,NA,protein_coding,protein_coding,NA,FALSE,FALSE,FALSE,FALSE
Lamc3,LAMC3,Munji,NA,TRUE,FALSE,FALSE,1,ENSG00000050555,ENSMUSG00000026840,ortholog_one2one,74.8571,ENSMMUG00000002267,ortholog_one2one,94.9206,protein_coding,protein_coding,protein_coding,FALSE,FALSE,FALSE,FALSE
Lancl3,LANCL3,Daneman,liver_only,TRUE,FALSE,FALSE,1,ENSG00000147036,ENSMUSG00000047344,ortholog_one2one,95.7143,ENSMMUG00000006967,ortholog_one2one,99.2857,protein_coding,protein_coding,protein_coding,FALSE,FALSE,FALSE,FALSE
Laptm4b,LAPTM4B,Daneman,lung_only,TRUE,FALSE,FALSE,1,ENSG00000104341,ENSMUSG00000022257,ortholog_one2one,92.4779,ENSMMUG00000008926,ortholog_one2one,98.6726,protein_coding,protein_coding,protein_coding,FALSE,FALSE,FALSE,FALSE
Laptm5,LAPTM5,Daneman,lung_only,TRUE,FALSE,FALSE,1,ENSG00000162511,ENSMUSG00000028581,ortholog_one2one,79.0076,ENSMMUG00000008744,ortholog_one2one,94.6565,protein_coding,protein_coding,protein_coding,FALSE,FALSE,FALSE,FALSE
Lasp1,LASP1,Daneman,liver_only,TRUE,FALSE,FALSE,1,ENSG00000002834,ENSMUSG00000038366,ortholog_one2one,96.1686,ENSMMUG00000007799,ortholog_one2one,98.4674,protein_coding,protein_coding,protein_coding,FALSE,FALSE,FALSE,FALSE
Lats2,LATS2,Daneman,liver_only,TRUE,FALSE,FALSE,1,ENSG00000150457,ENSMUSG00000021959,ortholog_one2one,82.4449,ENSMMUG00000019006,ortholog_one2one,96.9669,protein_coding,protein_coding,protein_coding,FALSE,FALSE,FALSE,FALSE
Layn,LAYN,Munji,NA,TRUE,FALSE,FALSE,1,ENSG00000204381,ENSMUSG00000060594,ortholog_one2one,83.6898,ENSMMUG00000030915,ortholog_one2one,96.2567,protein_coding,protein_coding,protein_coding,FALSE,FALSE,FALSE,FALSE
Lcp1,LCP1,Daneman,lung_only,TRUE,FALSE,TRUE,2,ENSG00000136167,ENSMUSG00000021998,ortholog_one2one,96.9697,ENSMMUG00000017033,ortholog_one2one,99.681,protein_coding,protein_coding,protein_coding,FALSE,FALSE,FALSE,FALSE
Ldb2,LDB2,Daneman,lung_only,TRUE,FALSE,TRUE,2,ENSG00000169744,ENSMUSG00000039706,ortholog_one2one,97.5871,ENSMMUG00000023116,ortholog_one2one,94.9062,protein_coding,protein_coding,protein_coding,FALSE,FALSE,FALSE,FALSE
Ldlrad3,LDLRAD3,Munji,NA,TRUE,FALSE,TRUE,2,ENSG00000179241,ENSMUSG00000048058,ortholog_one2one,95.942,ENSMMUG00000007093,ortholog_one2one,99.7101,protein_coding,protein_coding,protein_coding,FALSE,FALSE,FALSE,FALSE
Lef1,LEF1,Munji,NA,TRUE,TRUE,TRUE,3,ENSG00000138795,ENSMUSG00000027985,ortholog_one2one,97.2431,ENSMMUG00000023256,ortholog_one2one,98.2456,protein_coding,protein_coding,protein_coding,FALSE,FALSE,FALSE,FALSE
Leprotl1,LEPROTL1,Daneman,lung_only,TRUE,FALSE,FALSE,1,ENSG00000104660,ENSMUSG00000031513,ortholog_one2one,98.4733,ENSMMUG00000014144,ortholog_one2one,76.3359,protein_coding,protein_coding,protein_coding,FALSE,FALSE,FALSE,FALSE
Lgals1,LGALS1,Daneman,liver_and_lung,TRUE,FALSE,TRUE,2,ENSG00000100097,ENSMUSG00000068220,ortholog_one2one,88.1481,NA,NA,NA,protein_coding,protein_coding,NA,FALSE,FALSE,FALSE,FALSE
Lgals3bp,LGALS3BP,Daneman,liver_only,TRUE,FALSE,FALSE,1,ENSG00000108679,ENSMUSG00000033880,ortholog_one2one,67.6923,ENSMMUG00000019662,ortholog_one2one,92.6496,protein_coding,protein_coding,protein_coding,FALSE,FALSE,FALSE,FALSE
Lgals7,LGALS7,Daneman,liver_and_lung,FALSE,FALSE,FALSE,0,ENSG00000283082,NA,NA,NA,NA,NA,NA,protein_coding,NA,NA,FALSE,FALSE,FALSE,FALSE
Lgals7,LGALS7B,Daneman,liver_and_lung,TRUE,FALSE,FALSE,1,ENSG00000282902,NA,NA,NA,NA,NA,NA,protein_coding,NA,NA,FALSE,FALSE,FALSE,FALSE
Lgmn,LGMN,Daneman,lung_only,TRUE,FALSE,FALSE,1,ENSG00000100600,ENSMUSG00000021190,ortholog_one2one,83.3718,ENSMMUG00000013966,ortholog_one2one,98.8453,protein_coding,protein_coding,protein_coding,FALSE,FALSE,FALSE,FALSE
Lgr4,LGR4,Munji,NA,TRUE,FALSE,FALSE,1,ENSG00000205213,ENSMUSG00000050199,ortholog_one2one,92.9548,ENSMMUG00000023491,ortholog_one2one,98.9485,protein_coding,protein_coding,protein_coding,FALSE,FALSE,FALSE,FALSE
Lhfp,LHFP,Daneman,liver_and_lung,FALSE,FALSE,FALSE,0,NA,NA,NA,NA,NA,NA,NA,NA,NA,NA,FALSE,FALSE,FALSE,FALSE
Lifr,LIFR,Daneman,liver_only,TRUE,TRUE,TRUE,3,ENSG00000113594,ENSMUSG00000054263,ortholog_one2one,75.2051,ENSMMUG00000007386,ortholog_one2one,97.083,protein_coding,protein_coding,protein_coding,FALSE,FALSE,FALSE,FALSE
Lims2,LIMS2,Daneman,liver_only,TRUE,FALSE,TRUE,2,ENSG00000072163,ENSMUSG00000024395,ortholog_one2one,91.2023,ENSMMUG00000004179,ortholog_one2one,98.5337,protein_coding,protein_coding,protein_coding,FALSE,FALSE,FALSE,FALSE
Lin7a,LIN7A,Daneman,liver_and_lung,TRUE,FALSE,FALSE,1,ENSG00000111052,ENSMUSG00000019906,ortholog_one2one,99.5708,ENSMMUG00000011671,ortholog_one2one,100,protein_coding,protein_coding,protein_coding,FALSE,FALSE,FALSE,FALSE
Litaf,LITAF,Daneman,lung_only,TRUE,FALSE,TRUE,2,ENSG00000189067,ENSMUSG00000022500,ortholog_one2one,85.7143,ENSMMUG00000008784,ortholog_one2one,96.2733,protein_coding,protein_coding,protein_coding,FALSE,FALSE,FALSE,FALSE
Lmbr1,LMBR1,Daneman,lung_only,TRUE,FALSE,TRUE,2,ENSG00000105983,ENSMUSG00000010721,ortholog_one2one,96.1225,ENSMMUG00000011750,ortholog_one2one,99.3878,protein_coding,protein_coding,protein_coding,FALSE,FALSE,FALSE,FALSE
Lmcd1,LMCD1,Daneman,liver_only,TRUE,FALSE,FALSE,1,ENSG00000071282,ENSMUSG00000057604,ortholog_one2one,92.8767,ENSMMUG00000001814,ortholog_one2one,99.1781,protein_coding,protein_coding,protein_coding,FALSE,FALSE,FALSE,FALSE
Lmo7,LMO7,Daneman,liver_only,TRUE,FALSE,FALSE,1,ENSG00000136153,ENSMUSG00000033060,ortholog_one2one,81.1159,ENSMMUG00000001312,ortholog_one2one,97.057,protein_coding,protein_coding,protein_coding,FALSE,FALSE,FALSE,FALSE
Lnpep,LNPEP,Daneman,liver_only,TRUE,FALSE,FALSE,1,ENSG00000113441,ENSMUSG00000023845,ortholog_one2one,87.8049,ENSMMUG00000018542,ortholog_one2one,97.1707,protein_coding,protein_coding,protein_coding,FALSE,FALSE,FALSE,FALSE
Lnx2,LNX2,Both,liver_only,TRUE,FALSE,FALSE,1,ENSG00000139517,ENSMUSG00000016520,ortholog_one2one,89.5652,ENSMMUG00000058786,ortholog_one2one,97.971,protein_coding,protein_coding,protein_coding,FALSE,FALSE,FALSE,FALSE
6330403K07Rik,LOC728392,Munji,NA,FALSE,FALSE,FALSE,0,NA,NA,NA,NA,NA,NA,NA,NA,NA,NA,FALSE,FALSE,FALSE,FALSE
Lphn1,LPHN1,Daneman,lung_only,FALSE,FALSE,FALSE,0,NA,NA,NA,NA,NA,NA,NA,NA,NA,NA,FALSE,FALSE,FALSE,FALSE
Lphn3,LPHN3,Daneman,lung_only,FALSE,FALSE,FALSE,0,NA,NA,NA,NA,NA,NA,NA,NA,NA,NA,FALSE,FALSE,FALSE,FALSE
Lpp,LPP,Daneman,liver_and_lung,TRUE,FALSE,TRUE,2,ENSG00000145012,ENSMUSG00000033306,ortholog_one2one,89.5425,ENSMMUG00000016823,ortholog_one2one,93.4641,protein_coding,protein_coding,protein_coding,FALSE,FALSE,FALSE,FALSE
Lrch1,LRCH1,Daneman,liver_only,TRUE,FALSE,TRUE,2,ENSG00000136141,ENSMUSG00000068015,ortholog_one2one,75.8847,ENSMMUG00000016293,ortholog_one2one,99.4758,protein_coding,protein_coding,protein_coding,FALSE,FALSE,FALSE,FALSE
Lrp1,LRP1,Daneman,liver_and_lung,TRUE,FALSE,FALSE,1,ENSG00000123384,ENSMUSG00000040249,ortholog_one2one,97.9974,ENSMMUG00000021782,ortholog_one2one,99.6479,protein_coding,protein_coding,protein_coding,FALSE,FALSE,FALSE,FALSE
Lrp6,LRP6,Munji,NA,TRUE,FALSE,TRUE,2,ENSG00000281324,NA,NA,NA,NA,NA,NA,protein_coding,NA,NA,FALSE,FALSE,FALSE,FALSE
Lrp8,LRP8,Munji,NA,TRUE,FALSE,TRUE,2,ENSG00000157193,ENSMUSG00000028613,ortholog_one2one,90.0312,ENSMMUG00000007612,ortholog_one2one,96.5732,protein_coding,protein_coding,protein_coding,FALSE,FALSE,FALSE,FALSE
Lrrc47,LRRC47,Munji,NA,TRUE,FALSE,FALSE,1,ENSG00000130764,ENSMUSG00000029028,ortholog_one2one,87.307,ENSMMUG00000032284,ortholog_one2one,98.1132,protein_coding,protein_coding,protein_coding,FALSE,FALSE,FALSE,FALSE
Lrrc49,LRRC49,Both,liver_only,TRUE,FALSE,FALSE,1,ENSG00000137821,ENSMUSG00000047766,ortholog_one2one,89.3586,ENSMMUG00000015086,ortholog_one2one,99.4169,protein_coding,protein_coding,protein_coding,FALSE,FALSE,FALSE,FALSE
Lrrk1,LRRK1,Daneman,liver_only,TRUE,FALSE,FALSE,1,ENSG00000154237,ENSMUSG00000015133,ortholog_one2one,88.8337,ENSMMUG00000013325,ortholog_one2one,97.6675,protein_coding,protein_coding,protein_coding,FALSE,FALSE,FALSE,FALSE
Lrrn3,LRRN3,Munji,NA,TRUE,FALSE,FALSE,1,ENSG00000173114,ENSMUSG00000036295,ortholog_one2one,87.8531,NA,NA,NA,protein_coding,protein_coding,NA,FALSE,FALSE,FALSE,FALSE
Lsm4,LSM4,Daneman,lung_only,TRUE,FALSE,FALSE,1,ENSG00000130520,ENSMUSG00000031848,ortholog_one2one,96.4029,ENSMMUG00000004405,ortholog_one2one,100,protein_coding,protein_coding,protein_coding,FALSE,FALSE,FALSE,FALSE
Lsr,LSR,Munji,NA,TRUE,FALSE,TRUE,2,ENSG00000105699,ENSMUSG00000001247,ortholog_one2one,77.8702,ENSMMUG00000011294,ortholog_one2one,94.5091,protein_coding,protein_coding,protein_coding,FALSE,FALSE,FALSE,FALSE
Ltbp3,LTBP3,Daneman,liver_and_lung,TRUE,FALSE,FALSE,1,ENSG00000168056,ENSMUSG00000024940,ortholog_one2one,90.8672,ENSMMUG00000023479,ortholog_one2one,84.4973,protein_coding,protein_coding,protein_coding,FALSE,FALSE,FALSE,FALSE
Ltbp4,LTBP4,Daneman,liver_only,TRUE,FALSE,TRUE,2,ENSG00000090006,ENSMUSG00000040488,ortholog_one2one,87.797,ENSMMUG00000020798,ortholog_one2one,95.3115,protein_coding,protein_coding,protein_coding,FALSE,FALSE,FALSE,FALSE
Ltbr,LTBR,Daneman,lung_only,TRUE,FALSE,FALSE,1,ENSG00000111321,ENSMUSG00000030339,ortholog_one2one,65.0575,ENSMMUG00000020213,ortholog_one2one,93.1034,protein_coding,protein_coding,protein_coding,FALSE,FALSE,FALSE,FALSE
Luc7l2,LUC7L2,Daneman,liver_and_lung,TRUE,FALSE,FALSE,1,ENSG00000146963,ENSMUSG00000029823,ortholog_one2one,99.4898,ENSMMUG00000006770,ortholog_one2one,96.6837,protein_coding,protein_coding,protein_coding,FALSE,FALSE,FALSE,FALSE
Lxn,LXN,Daneman,lung_only,TRUE,FALSE,FALSE,1,ENSG00000079257,ENSMUSG00000047557,ortholog_one2one,85.1351,ENSMMUG00000004963,ortholog_one2one,97.2973,protein_coding,protein_coding,protein_coding,FALSE,FALSE,FALSE,FALSE
Ly6e,LY6E,Daneman,liver_only,TRUE,FALSE,TRUE,2,ENSG00000278032,NA,NA,NA,NA,NA,NA,protein_coding,NA,NA,FALSE,FALSE,FALSE,FALSE
Ly75,LY75,Both,lung_only,TRUE,FALSE,FALSE,1,ENSG00000054219,ENSMUSG00000026980,ortholog_one2one,76.8873,NA,NA,NA,protein_coding,protein_coding,NA,FALSE,FALSE,FALSE,FALSE
Ly96,LY96,Daneman,lung_only,TRUE,FALSE,FALSE,1,ENSG00000154589,ENSMUSG00000025779,ortholog_one2one,62.5,ENSMMUG00000003018,ortholog_one2one,93.125,protein_coding,protein_coding,protein_coding,FALSE,FALSE,FALSE,FALSE
Lyn,LYN,Daneman,lung_only,TRUE,FALSE,TRUE,2,ENSG00000254087,ENSMUSG00000042228,ortholog_one2one,96.0938,ENSMMUG00000014149,ortholog_one2one,92.1875,protein_coding,protein_coding,protein_coding,FALSE,FALSE,FALSE,FALSE
Lynx1,LYNX1,Daneman,liver_only,TRUE,FALSE,FALSE,1,ENSG00000180155,ENSMUSG00000075605,ortholog_one2one,18.9655,NA,NA,NA,protein_coding,protein_coding,NA,FALSE,FALSE,FALSE,FALSE
Lysmd2,LYSMD2,Daneman,liver_only,TRUE,FALSE,FALSE,1,ENSG00000140280,ENSMUSG00000032184,ortholog_one2one,89.3023,ENSMMUG00000017437,ortholog_one2one,66.9767,protein_coding,protein_coding,protein_coding,FALSE,FALSE,FALSE,FALSE
Lzts1,LZTS1,Munji,NA,TRUE,FALSE,FALSE,1,ENSG00000061337,ENSMUSG00000036306,ortholog_one2one,89.9329,ENSMMUG00000017711,ortholog_one2one,98.8255,protein_coding,protein_coding,protein_coding,FALSE,FALSE,FALSE,FALSE
M6pr,M6PR,Daneman,lung_only,TRUE,FALSE,FALSE,1,ENSG00000003056,ENSMUSG00000007458,ortholog_one2one,92.0578,ENSMMUG00000017846,ortholog_one2one,99.278,protein_coding,protein_coding,protein_coding,FALSE,FALSE,FALSE,FALSE
Mad2l1,MAD2L1,Daneman,lung_only,TRUE,FALSE,FALSE,1,ENSG00000164109,ENSMUSG00000029910,ortholog_one2one,94.1463,ENSMMUG00000039047,ortholog_one2many,97.0732,protein_coding,protein_coding,protein_coding,FALSE,FALSE,FALSE,FALSE
Mad2l1,MAD2L1,Daneman,lung_only,TRUE,FALSE,FALSE,1,ENSG00000164109,ENSMUSG00000029910,ortholog_one2one,94.1463,ENSMMUG00000054168,ortholog_one2many,100,protein_coding,protein_coding,protein_coding,FALSE,FALSE,FALSE,FALSE
Maged2,MAGED2,Daneman,lung_only,TRUE,FALSE,FALSE,1,ENSG00000102316,ENSMUSG00000025268,ortholog_one2one,86.7987,ENSMMUG00000007345,ortholog_one2one,98.8449,protein_coding,protein_coding,protein_coding,FALSE,FALSE,FALSE,FALSE
Mal,MAL,Daneman,liver_only,TRUE,FALSE,FALSE,1,ENSG00000172005,ENSMUSG00000027375,ortholog_one2one,86.9281,ENSMMUG00000001936,ortholog_one2one,86.9281,protein_coding,protein_coding,protein_coding,FALSE,FALSE,FALSE,FALSE
Man1a,MAN1A1,Daneman,lung_only,TRUE,FALSE,FALSE,1,ENSG00000111885,ENSMUSG00000003746,ortholog_one2one,90.6585,ENSMMUG00000013304,ortholog_one2one,98.928,protein_coding,protein_coding,protein_coding,FALSE,FALSE,FALSE,FALSE
Man1c1,MAN1C1,Daneman,lung_only,TRUE,FALSE,FALSE,1,ENSG00000117643,ENSMUSG00000037306,ortholog_one2one,87.9365,ENSMMUG00000004788,ortholog_one2one,93.8095,protein_coding,protein_coding,protein_coding,FALSE,FALSE,FALSE,FALSE
Maoa,MAOA,Munji,NA,TRUE,FALSE,FALSE,1,ENSG00000189221,ENSMUSG00000025037,ortholog_one2one,87.2865,ENSMMUG00000019489,ortholog_one2one,97.5332,protein_coding,protein_coding,protein_coding,FALSE,FALSE,FALSE,FALSE
Maob,MAOB,Both,liver_only,TRUE,FALSE,FALSE,1,ENSG00000069535,ENSMUSG00000040147,ortholog_one2one,88.6538,ENSMMUG00000019492,ortholog_one2one,98.2692,protein_coding,protein_coding,protein_coding,FALSE,FALSE,FALSE,FALSE
Map2k5,MAP2K5,Daneman,lung_only,TRUE,FALSE,FALSE,1,ENSG00000137764,ENSMUSG00000058444,ortholog_one2one,97.7679,ENSMMUG00000014482,ortholog_one2one,99.7768,protein_coding,protein_coding,protein_coding,FALSE,FALSE,FALSE,FALSE
Map4k4,MAP4K4,Daneman,lung_only,TRUE,FALSE,FALSE,1,ENSG00000071054,ENSMUSG00000026074,ortholog_one2one,87.7168,ENSMMUG00000010811,ortholog_one2one,94.9422,protein_coding,protein_coding,protein_coding,FALSE,FALSE,FALSE,FALSE
Map4k5,MAP4K5,Daneman,lung_only,TRUE,FALSE,FALSE,1,ENSG00000012983,ENSMUSG00000034761,ortholog_one2one,96.2175,ENSMMUG00000020550,ortholog_one2one,99.2908,protein_coding,protein_coding,protein_coding,FALSE,FALSE,FALSE,FALSE
Mapk11,MAPK11,Daneman,lung_only,TRUE,FALSE,FALSE,1,ENSG00000185386,ENSMUSG00000053137,ortholog_one2one,97.2527,ENSMMUG00000014107,ortholog_one2one,99.7253,protein_coding,protein_coding,protein_coding,FALSE,FALSE,FALSE,FALSE
Mapk6,MAPK6,Daneman,lung_only,TRUE,FALSE,FALSE,1,ENSG00000069956,ENSMUSG00000042688,ortholog_one2one,94.7295,ENSMMUG00000029652,ortholog_one2one,99.3065,protein_coding,protein_coding,protein_coding,FALSE,FALSE,FALSE,FALSE
Mapkbp1,MAPKBP1,Daneman,lung_only,TRUE,FALSE,FALSE,1,ENSG00000137802,ENSMUSG00000033902,ortholog_one2one,86.4058,ENSMMUG00000003839,ortholog_one2one,97.1485,protein_coding,protein_coding,protein_coding,FALSE,FALSE,FALSE,FALSE
Marcksl1,MARCKSL1,Daneman,lung_only,TRUE,FALSE,FALSE,1,ENSG00000175130,ENSMUSG00000047945,ortholog_one2one,96.4103,ENSMMUG00000009951,ortholog_one2one,100,protein_coding,protein_coding,protein_coding,FALSE,FALSE,FALSE,FALSE
Marveld1,MARVELD1,Daneman,liver_only,TRUE,FALSE,FALSE,1,ENSG00000155254,ENSMUSG00000044345,ortholog_one2one,88.4393,ENSMMUG00000064106,ortholog_one2one,99.422,protein_coding,protein_coding,protein_coding,FALSE,FALSE,FALSE,FALSE
Mast4,MAST4,Daneman,liver_only,TRUE,FALSE,TRUE,2,ENSG00000069020,ENSMUSG00000034751,ortholog_one2one,81.7003,ENSMMUG00000005357,ortholog_one2one,96.1494,protein_coding,protein_coding,protein_coding,FALSE,FALSE,FALSE,FALSE
Mat2a,MAT2A,Daneman,liver_only,TRUE,FALSE,TRUE,2,ENSG00000168906,ENSMUSG00000053907,ortholog_one2one,99.4937,ENSMMUG00000004450,ortholog_one2one,96.962,protein_coding,protein_coding,protein_coding,FALSE,FALSE,FALSE,FALSE
Max,MAX,Munji,NA,TRUE,FALSE,FALSE,1,ENSG00000125952,ENSMUSG00000059436,ortholog_one2one,99.375,ENSMMUG00000004341,ortholog_one2one,100,protein_coding,protein_coding,protein_coding,FALSE,FALSE,FALSE,FALSE
Mbd1,MBD1,Daneman,liver_and_lung,TRUE,FALSE,FALSE,1,ENSG00000141644,ENSMUSG00000024561,ortholog_one2one,70.5785,ENSMMUG00000009050,ortholog_one2one,98.5124,protein_coding,protein_coding,protein_coding,FALSE,FALSE,FALSE,FALSE
Mboat1,MBOAT1,Munji,NA,TRUE,FALSE,FALSE,1,ENSG00000172197,ENSMUSG00000038732,ortholog_one2one,82.6263,ENSMMUG00000017425,ortholog_one2one,98.3838,protein_coding,protein_coding,protein_coding,FALSE,FALSE,FALSE,FALSE
Mbp,MBP,Daneman,liver_only,TRUE,FALSE,TRUE,2,ENSG00000197971,ENSMUSG00000041607,ortholog_one2one,71.7105,ENSMMUG00000011333,ortholog_one2one,86.8421,protein_coding,protein_coding,protein_coding,FALSE,FALSE,FALSE,FALSE
Mbtd1,MBTD1,Daneman,lung_only,TRUE,FALSE,FALSE,1,ENSG00000011258,ENSMUSG00000059474,ortholog_one2one,97.9299,ENSMMUG00000001942,ortholog_one2one,99.6815,protein_coding,protein_coding,protein_coding,FALSE,FALSE,FALSE,FALSE
Mcc,MCC,Daneman,liver_only,TRUE,FALSE,TRUE,2,ENSG00000171444,ENSMUSG00000071856,ortholog_one2one,93.4249,ENSMMUG00000013557,ortholog_one2one,98.6261,protein_coding,protein_coding,protein_coding,FALSE,FALSE,FALSE,FALSE
Mcf2l,MCF2L,Both,liver_only,TRUE,FALSE,TRUE,2,ENSG00000126217,ENSMUSG00000031442,ortholog_one2one,88.9778,ENSMMUG00000048566,ortholog_one2one,96.4444,protein_coding,protein_coding,protein_coding,FALSE,FALSE,FALSE,FALSE
Mcl1,MCL1,Daneman,liver_only,TRUE,FALSE,FALSE,1,ENSG00000143384,ENSMUSG00000038612,ortholog_one2one,76.2857,ENSMMUG00000053525,ortholog_one2one,97.1429,protein_coding,protein_coding,protein_coding,FALSE,FALSE,FALSE,FALSE
Mcm2,MCM2,Daneman,lung_only,TRUE,FALSE,FALSE,1,ENSG00000073111,ENSMUSG00000002870,ortholog_one2one,96.0177,ENSMMUG00000000158,ortholog_one2one,99.5575,protein_coding,protein_coding,protein_coding,FALSE,FALSE,FALSE,FALSE
Mcm3,MCM3,Daneman,lung_only,TRUE,FALSE,FALSE,1,ENSG00000112118,ENSMUSG00000041859,ortholog_one2one,93.3168,ENSMMUG00000021149,ortholog_one2one,99.505,protein_coding,protein_coding,protein_coding,FALSE,FALSE,FALSE,FALSE
Mcm5,MCM5,Daneman,lung_only,TRUE,FALSE,FALSE,1,ENSG00000100297,ENSMUSG00000005410,ortholog_one2one,95.6403,ENSMMUG00000021054,ortholog_one2one,99.3188,protein_coding,protein_coding,protein_coding,FALSE,FALSE,FALSE,FALSE
Mcm7,MCM7,Daneman,lung_only,TRUE,FALSE,FALSE,1,ENSG00000166508,ENSMUSG00000029730,ortholog_one2one,92.7677,ENSMMUG00000013442,ortholog_one2one,98.4701,protein_coding,protein_coding,protein_coding,FALSE,FALSE,FALSE,FALSE
Mdh1,MDH1,Daneman,liver_and_lung,TRUE,FALSE,FALSE,1,ENSG00000014641,ENSMUSG00000020321,ortholog_one2one,96.4072,ENSMMUG00000006163,ortholog_one2one,98.8024,protein_coding,protein_coding,protein_coding,FALSE,FALSE,FALSE,FALSE
Mdk,MDK,Daneman,lung_only,TRUE,FALSE,TRUE,2,ENSG00000110492,ENSMUSG00000027239,ortholog_one2one,86.014,ENSMMUG00000038138,ortholog_one2one,100,protein_coding,protein_coding,protein_coding,FALSE,FALSE,FALSE,FALSE
Mecp2,MECP2,Daneman,liver_only,TRUE,FALSE,FALSE,1,ENSG00000169057,ENSMUSG00000031393,ortholog_one2one,91.3655,ENSMMUG00000018704,ortholog_one2one,99.7992,protein_coding,protein_coding,protein_coding,FALSE,FALSE,FALSE,FALSE
Meox1,MEOX1,Daneman,lung_only,TRUE,FALSE,FALSE,1,ENSG00000005102,ENSMUSG00000001493,ortholog_one2one,81.4961,ENSMMUG00000008995,ortholog_one2one,96.4567,protein_coding,protein_coding,protein_coding,FALSE,FALSE,FALSE,FALSE
Mertk,MERTK,Daneman,liver_only,TRUE,TRUE,TRUE,3,ENSG00000153208,ENSMUSG00000014361,ortholog_one2one,81.0811,ENSMMUG00000010066,ortholog_one2one,95.996,protein_coding,protein_coding,protein_coding,FALSE,FALSE,FALSE,FALSE
Mest,MEST,Daneman,lung_only,TRUE,FALSE,FALSE,1,ENSG00000106484,ENSMUSG00000051855,ortholog_one2one,95.2239,NA,NA,NA,protein_coding,protein_coding,NA,FALSE,FALSE,FALSE,FALSE
Metap2,METAP2,Daneman,lung_only,TRUE,FALSE,FALSE,1,ENSG00000111142,ENSMUSG00000036112,ortholog_one2one,94.9791,ENSMMUG00000062006,ortholog_one2one,99.1632,protein_coding,protein_coding,protein_coding,FALSE,FALSE,FALSE,FALSE
Mfap3l,MFAP3L,Daneman,lung_only,TRUE,FALSE,FALSE,1,ENSG00000198948,ENSMUSG00000031647,ortholog_one2one,89.9755,ENSMMUG00000040113,ortholog_one2one,99.7555,protein_coding,protein_coding,protein_coding,FALSE,FALSE,FALSE,FALSE
Mfhas1,MFHAS1,Munji,NA,TRUE,FALSE,FALSE,1,ENSG00000285022,NA,NA,NA,NA,NA,NA,protein_coding,NA,NA,FALSE,FALSE,FALSE,FALSE
Mfsd2a,MFSD2A,Munji,NA,TRUE,FALSE,TRUE,2,ENSG00000168389,ENSMUSG00000028655,ortholog_one2one,85.0943,ENSMMUG00000011264,ortholog_one2one,96.9811,protein_coding,protein_coding,protein_coding,FALSE,FALSE,FALSE,FALSE
Mfsd4,MFSD4,Munji,NA,FALSE,FALSE,FALSE,0,NA,NA,NA,NA,NA,NA,NA,NA,NA,NA,FALSE,FALSE,FALSE,FALSE
Mgp,MGP,Daneman,liver_only,TRUE,FALSE,TRUE,2,ENSG00000111341,ENSMUSG00000030218,ortholog_one2one,83.4951,ENSMMUG00000047247,ortholog_one2one,94.1748,protein_coding,protein_coding,protein_coding,FALSE,FALSE,FALSE,FALSE
Mgst1,MGST1,Daneman,liver_only,TRUE,FALSE,FALSE,1,ENSG00000008394,ENSMUSG00000008540,ortholog_one2one,82.5806,ENSMMUG00000057610,ortholog_one2one,92.9032,protein_coding,protein_coding,protein_coding,FALSE,FALSE,FALSE,FALSE
Mier1,MIER1,Daneman,liver_only,TRUE,FALSE,FALSE,1,ENSG00000198160,ENSMUSG00000028522,ortholog_one2one,85.6637,ENSMMUG00000000643,ortholog_one2one,91.8584,protein_coding,protein_coding,protein_coding,FALSE,FALSE,FALSE,FALSE
Mif,MIF,Daneman,lung_only,TRUE,FALSE,FALSE,1,ENSG00000276701,NA,NA,NA,NA,NA,NA,protein_coding,NA,NA,FALSE,FALSE,FALSE,FALSE
Mif4gd,MIF4GD,Munji,NA,TRUE,FALSE,FALSE,1,ENSG00000125457,ENSMUSG00000020743,ortholog_one2one,93.2432,NA,NA,NA,protein_coding,protein_coding,NA,FALSE,FALSE,FALSE,FALSE
Mink1,MINK1,Munji,NA,TRUE,FALSE,FALSE,1,ENSG00000141503,ENSMUSG00000020827,ortholog_one2one,97.2973,ENSMMUG00000002404,ortholog_one2one,99.3243,protein_coding,protein_coding,protein_coding,FALSE,FALSE,FALSE,FALSE
Minpp1,MINPP1,Daneman,liver_and_lung,TRUE,FALSE,FALSE,1,ENSG00000107789,ENSMUSG00000024896,ortholog_one2one,81.9302,NA,NA,NA,protein_coding,protein_coding,NA,FALSE,FALSE,FALSE,FALSE
Mipol1,MIPOL1,Munji,NA,TRUE,FALSE,FALSE,1,ENSG00000151338,ENSMUSG00000047022,ortholog_one2one,65.1584,ENSMMUG00000009651,ortholog_one2one,91.1765,protein_coding,protein_coding,protein_coding,FALSE,FALSE,FALSE,FALSE
Mki67,MKI67,Daneman,lung_only,TRUE,FALSE,FALSE,1,ENSG00000148773,ENSMUSG00000031004,ortholog_one2one,40.7862,ENSMMUG00000044121,ortholog_one2one,90.2027,protein_coding,protein_coding,protein_coding,FALSE,FALSE,FALSE,FALSE
Mkl2,MKL2,Both,liver_only,TRUE,TRUE,FALSE,2,NA,NA,NA,NA,NA,NA,NA,NA,NA,NA,FALSE,FALSE,FALSE,FALSE
Mkrn1,MKRN1,Daneman,liver_only,TRUE,FALSE,FALSE,1,ENSG00000133606,ENSMUSG00000029922,ortholog_one2one,93.5685,ENSMMUG00000010420,ortholog_one2one,99.3776,protein_coding,protein_coding,protein_coding,FALSE,FALSE,FALSE,FALSE
Mllt11,MLLT11,Munji,NA,TRUE,FALSE,FALSE,1,ENSG00000213190,ENSMUSG00000053192,ortholog_one2one,86.6667,NA,NA,NA,protein_coding,protein_coding,NA,FALSE,FALSE,FALSE,FALSE
Mmd,MMD,Daneman,lung_only,TRUE,FALSE,FALSE,1,ENSG00000108960,ENSMUSG00000003948,ortholog_one2one,99.1597,ENSMMUG00000022628,ortholog_one2one,100,protein_coding,protein_coding,protein_coding,FALSE,FALSE,FALSE,FALSE
Mmp15,MMP15,Daneman,lung_only,TRUE,FALSE,FALSE,1,ENSG00000102996,ENSMUSG00000031790,ortholog_one2one,87.2945,ENSMMUG00000007052,ortholog_one2one,91.9283,protein_coding,protein_coding,protein_coding,FALSE,FALSE,FALSE,FALSE
Mmp2,MMP2,Daneman,lung_only,TRUE,FALSE,FALSE,1,ENSG00000087245,ENSMUSG00000031740,ortholog_one2one,95.9091,ENSMMUG00000004475,ortholog_one2one,99.8485,protein_coding,protein_coding,protein_coding,FALSE,FALSE,FALSE,FALSE
Mmp23,MMP23B,Munji,NA,TRUE,FALSE,FALSE,1,ENSG00000189409,ENSMUSG00000029061,ortholog_one2one,84.1026,ENSMMUG00000001891,ortholog_one2one,98.4615,protein_coding,protein_coding,protein_coding,FALSE,FALSE,FALSE,FALSE
Mmp25,MMP25,Munji,NA,TRUE,FALSE,FALSE,1,ENSG00000008516,ENSMUSG00000023903,ortholog_one2one,75.4448,ENSMMUG00000009483,ortholog_one2one,95.0178,protein_coding,protein_coding,protein_coding,FALSE,FALSE,FALSE,FALSE
Mmrn1,MMRN1,Daneman,lung_only,TRUE,FALSE,FALSE,1,ENSG00000138722,ENSMUSG00000054641,ortholog_one2one,65.7166,ENSMMUG00000022003,ortholog_one2one,93.6482,protein_coding,protein_coding,protein_coding,FALSE,FALSE,FALSE,FALSE
Mob3b,MOB3B,Munji,NA,TRUE,FALSE,TRUE,2,ENSG00000120162,ENSMUSG00000073910,ortholog_one2one,98.1481,ENSMMUG00000062843,ortholog_one2one,100,protein_coding,protein_coding,protein_coding,FALSE,FALSE,FALSE,FALSE
Morc3,MORC3,Daneman,liver_only,TRUE,FALSE,FALSE,1,ENSG00000159256,ENSMUSG00000039456,ortholog_one2one,82.9606,ENSMMUG00000020043,ortholog_one2one,97.9766,protein_coding,protein_coding,protein_coding,FALSE,FALSE,FALSE,FALSE
Morf4l2,MORF4L2,Daneman,lung_only,TRUE,FALSE,FALSE,1,ENSG00000123562,ENSMUSG00000031422,ortholog_one2one,95.1389,ENSMMUG00000006111,ortholog_one2one,99.6528,protein_coding,protein_coding,protein_coding,FALSE,FALSE,FALSE,FALSE
Mospd2,MOSPD2,Daneman,liver_only,TRUE,FALSE,FALSE,1,ENSG00000130150,ENSMUSG00000061778,ortholog_one2one,89.9614,ENSMMUG00000017842,ortholog_one2one,98.0695,protein_coding,protein_coding,protein_coding,FALSE,FALSE,FALSE,FALSE
Mrpl2,MRPL2,Daneman,lung_only,TRUE,FALSE,FALSE,1,ENSG00000112651,ENSMUSG00000002767,ortholog_one2one,84.2623,NA,NA,NA,protein_coding,protein_coding,NA,FALSE,FALSE,FALSE,FALSE
Mrpl20,MRPL20,Daneman,lung_only,TRUE,FALSE,FALSE,1,ENSG00000242485,ENSMUSG00000029066,ortholog_one2one,87.9195,NA,NA,NA,protein_coding,protein_coding,NA,FALSE,FALSE,FALSE,FALSE
Mrpl27,MRPL27,Daneman,lung_only,TRUE,FALSE,FALSE,1,ENSG00000108826,ENSMUSG00000024414,ortholog_one2one,83.1081,ENSMMUG00000030700,ortholog_one2many,89.1892,protein_coding,protein_coding,protein_coding,FALSE,FALSE,FALSE,FALSE
Mrpl27,MRPL27,Daneman,lung_only,TRUE,FALSE,FALSE,1,ENSG00000108826,ENSMUSG00000024414,ortholog_one2one,83.1081,ENSMMUG00000017231,ortholog_one2many,89.1892,protein_coding,protein_coding,protein_coding,FALSE,FALSE,FALSE,FALSE
Mrp63,MRPL57,Daneman,lung_only,TRUE,FALSE,FALSE,1,ENSG00000173141,ENSMUSG00000021967,ortholog_one2one,83.3333,ENSMMUG00000056205,ortholog_one2one,97.0588,protein_coding,protein_coding,protein_coding,FALSE,FALSE,FALSE,FALSE
Mrps28,MRPS28,Daneman,lung_only,TRUE,FALSE,FALSE,1,ENSG00000147586,ENSMUSG00000040269,ortholog_one2one,72.7273,ENSMMUG00000051817,ortholog_one2one,92.5134,protein_coding,protein_coding,protein_coding,FALSE,FALSE,FALSE,FALSE
Mta1,MTA1,Munji,NA,TRUE,FALSE,FALSE,1,ENSG00000182979,ENSMUSG00000021144,ortholog_one2one,94.8252,ENSMMUG00000017313,ortholog_one2one,98.3217,protein_coding,protein_coding,protein_coding,FALSE,FALSE,FALSE,FALSE
Mtch1,MTCH1,Daneman,lung_only,TRUE,FALSE,FALSE,1,ENSG00000137409,ENSMUSG00000024012,ortholog_one2one,98.2005,ENSMMUG00000021976,ortholog_one2one,99.7429,protein_coding,protein_coding,protein_coding,FALSE,FALSE,FALSE,FALSE
Mtfr1,MTFR1,Daneman,liver_only,TRUE,FALSE,FALSE,1,ENSG00000066855,ENSMUSG00000027601,ortholog_one2one,75.976,ENSMMUG00000011263,ortholog_one2one,91.2913,protein_coding,protein_coding,protein_coding,FALSE,FALSE,FALSE,FALSE
Mtmr6,MTMR6,Munji,NA,TRUE,FALSE,FALSE,1,ENSG00000139505,ENSMUSG00000021987,ortholog_one2one,90.1771,ENSMMUG00000018419,ortholog_one2one,98.0676,protein_coding,protein_coding,protein_coding,FALSE,FALSE,FALSE,FALSE
Mtmr9,MTMR9,Daneman,liver_only,TRUE,FALSE,FALSE,1,ENSG00000285032,NA,NA,NA,NA,NA,NA,protein_coding,NA,NA,FALSE,FALSE,FALSE,FALSE
Mtus1,MTUS1,Daneman,liver_only,TRUE,FALSE,TRUE,2,ENSG00000129422,ENSMUSG00000045636,ortholog_one2one,62.8346,ENSMMUG00000001151,ortholog_one2one,93.2283,protein_coding,protein_coding,protein_coding,FALSE,FALSE,FALSE,FALSE
Mtx2,MTX2,Daneman,lung_only,TRUE,FALSE,FALSE,1,ENSG00000128654,ENSMUSG00000027099,ortholog_one2one,96.9582,ENSMMUG00000010185,ortholog_one2one,99.6198,protein_coding,protein_coding,protein_coding,FALSE,FALSE,FALSE,FALSE
Murc,MURC,Munji,NA,FALSE,FALSE,FALSE,0,NA,NA,NA,NA,NA,NA,NA,NA,NA,NA,FALSE,FALSE,FALSE,FALSE
Mvp,MVP,Daneman,liver_only,TRUE,FALSE,FALSE,1,ENSG00000013364,ENSMUSG00000030681,ortholog_one2one,88.1299,ENSMMUG00000016422,ortholog_one2one,99.4401,protein_coding,protein_coding,protein_coding,FALSE,FALSE,FALSE,FALSE
Mxd3,MXD3,Munji,NA,TRUE,FALSE,FALSE,1,ENSG00000213347,ENSMUSG00000021485,ortholog_one2one,83.9806,ENSMMUG00000009047,ortholog_one2one,98.5437,protein_coding,protein_coding,protein_coding,FALSE,FALSE,FALSE,FALSE
Mxra8,MXRA8,Daneman,lung_only,TRUE,FALSE,FALSE,1,ENSG00000162576,ENSMUSG00000029070,ortholog_one2one,78.5068,ENSMMUG00000003582,ortholog_one2one,97.9638,protein_coding,protein_coding,protein_coding,FALSE,FALSE,FALSE,FALSE
Myct1,MYCT1,Daneman,lung_only,TRUE,FALSE,TRUE,2,ENSG00000120279,ENSMUSG00000046916,ortholog_one2one,68.0851,ENSMMUG00000019073,ortholog_one2one,96.5957,protein_coding,protein_coding,protein_coding,FALSE,FALSE,FALSE,FALSE
Myh10,MYH10,Daneman,lung_only,TRUE,FALSE,FALSE,1,ENSG00000133026,ENSMUSG00000020900,ortholog_one2one,97.5585,ENSMMUG00000023803,ortholog_one2one,99.701,protein_coding,protein_coding,protein_coding,FALSE,FALSE,FALSE,FALSE
Myl9,MYL9,Daneman,liver_and_lung,TRUE,FALSE,TRUE,2,ENSG00000101335,ENSMUSG00000067818,ortholog_one2one,99.4186,ENSMMUG00000059897,ortholog_one2one,100,protein_coding,protein_coding,protein_coding,FALSE,FALSE,FALSE,FALSE
Mylk,MYLK,Daneman,liver_and_lung,TRUE,FALSE,TRUE,2,ENSG00000065534,ENSMUSG00000022836,ortholog_one2one,85.4232,ENSMMUG00000014818,ortholog_one2one,97.2832,protein_coding,protein_coding,protein_coding,FALSE,FALSE,FALSE,FALSE
Myo18a,MYO18A,Daneman,lung_only,TRUE,FALSE,FALSE,1,ENSG00000196535,ENSMUSG00000000631,ortholog_one2one,73.7098,ENSMMUG00000009938,ortholog_one2one,98.296,protein_coding,protein_coding,protein_coding,FALSE,FALSE,FALSE,FALSE
Myo1b,MYO1B,Daneman,liver_and_lung,TRUE,FALSE,FALSE,1,ENSG00000128641,ENSMUSG00000018417,ortholog_one2one,97.8873,ENSMMUG00000001761,ortholog_one2one,99.912,protein_coding,protein_coding,protein_coding,FALSE,FALSE,FALSE,FALSE
Myo1d,MYO1D,Daneman,liver_only,TRUE,FALSE,FALSE,1,ENSG00000176658,ENSMUSG00000035441,ortholog_one2one,97.7137,ENSMMUG00000014689,ortholog_one2one,99.1054,protein_coding,protein_coding,protein_coding,FALSE,FALSE,FALSE,FALSE
Myrip,MYRIP,Daneman,liver_only,TRUE,FALSE,TRUE,2,ENSG00000170011,ENSMUSG00000041794,ortholog_one2one,79.8603,ENSMMUG00000017701,ortholog_one2one,96.624,protein_coding,protein_coding,protein_coding,FALSE,FALSE,FALSE,FALSE
Naalad2,NAALAD2,Daneman,liver_and_lung,TRUE,FALSE,FALSE,1,ENSG00000285516,NA,NA,NA,NA,NA,NA,protein_coding,NA,NA,FALSE,FALSE,FALSE,FALSE
Nacc1,NACC1,Munji,NA,TRUE,FALSE,FALSE,1,ENSG00000160877,ENSMUSG00000001910,ortholog_one2one,87.4763,ENSMMUG00000017971,ortholog_one2one,99.4307,protein_coding,protein_coding,protein_coding,FALSE,FALSE,FALSE,FALSE
Nanos1,NANOS1,Munji,NA,TRUE,FALSE,FALSE,1,ENSG00000188613,ENSMUSG00000072437,ortholog_one2one,76.3699,ENSMMUG00000048654,ortholog_one2one,96.5753,protein_coding,protein_coding,protein_coding,FALSE,FALSE,FALSE,FALSE
Nap1l1,NAP1L1,Daneman,lung_only,TRUE,FALSE,FALSE,1,ENSG00000187109,ENSMUSG00000058799,ortholog_one2one,98.2097,ENSMMUG00000020200,ortholog_one2one,95.9079,protein_coding,protein_coding,protein_coding,FALSE,FALSE,FALSE,FALSE
Nap1l3,NAP1L3,Daneman,liver_only,TRUE,FALSE,FALSE,1,ENSG00000186310,ENSMUSG00000055733,ortholog_one2one,78.0632,ENSMMUG00000012702,ortholog_one2one,96.8379,protein_coding,protein_coding,protein_coding,FALSE,FALSE,FALSE,FALSE
Napepld,NAPEPLD,Munji,NA,TRUE,FALSE,FALSE,1,ENSG00000275723,NA,NA,NA,NA,NA,NA,protein_coding,NA,NA,FALSE,FALSE,FALSE,FALSE
Narf,NARF,Munji,NA,TRUE,FALSE,FALSE,1,ENSG00000141562,ENSMUSG00000000056,ortholog_one2one,85.5263,ENSMMUG00000019224,ortholog_one2one,97.5877,protein_coding,protein_coding,protein_coding,FALSE,FALSE,FALSE,FALSE
Narg2,NARG2,Daneman,liver_only,FALSE,FALSE,FALSE,0,NA,NA,NA,NA,NA,NA,NA,NA,NA,NA,FALSE,FALSE,FALSE,FALSE
Nasp,NASP,Daneman,lung_only,TRUE,FALSE,FALSE,1,ENSG00000132780,ENSMUSG00000028693,ortholog_one2one,80.8376,ENSMMUG00000023431,ortholog_one2one,96.4467,protein_coding,protein_coding,protein_coding,FALSE,FALSE,FALSE,FALSE
Cml1,NAT8B,Daneman,liver_only,TRUE,FALSE,FALSE,1,ENSG00000291485,NA,NA,NA,NA,NA,NA,protein_coding,NA,NA,FALSE,FALSE,FALSE,FALSE
Nav2,NAV2,Munji,NA,TRUE,FALSE,FALSE,1,ENSG00000166833,ENSMUSG00000052512,ortholog_one2one,89.9135,ENSMMUG00000016942,ortholog_one2one,98.8473,protein_coding,protein_coding,protein_coding,FALSE,FALSE,FALSE,FALSE
Nbeal2,NBEAL2,Daneman,liver_only,TRUE,FALSE,FALSE,1,ENSG00000160796,ENSMUSG00000056724,ortholog_one2one,88.0537,ENSMMUG00000019813,ortholog_one2one,93.4277,protein_coding,protein_coding,protein_coding,FALSE,FALSE,FALSE,FALSE
Ncl,NCL,Daneman,lung_only,TRUE,FALSE,FALSE,1,ENSG00000115053,ENSMUSG00000026234,ortholog_one2one,82.2535,ENSMMUG00000018094,ortholog_one2one,98.4507,protein_coding,protein_coding,protein_coding,FALSE,FALSE,FALSE,FALSE
Ncoa1,NCOA1,Munji,NA,TRUE,FALSE,TRUE,2,ENSG00000084676,ENSMUSG00000020647,ortholog_one2one,88.966,ENSMMUG00000020838,ortholog_one2one,99.2366,protein_coding,protein_coding,protein_coding,FALSE,FALSE,FALSE,FALSE
Nde1,NDE1,Daneman,liver_and_lung,TRUE,FALSE,FALSE,1,ENSG00000275911,NA,NA,NA,NA,NA,NA,protein_coding,NA,NA,FALSE,FALSE,FALSE,FALSE
Ndel1,NDEL1,Daneman,liver_only,TRUE,FALSE,FALSE,1,ENSG00000166579,ENSMUSG00000018736,ortholog_one2one,95.942,ENSMMUG00000021938,ortholog_one2one,98.2609,protein_coding,protein_coding,protein_coding,FALSE,FALSE,FALSE,FALSE
Ndfip1,NDFIP1,Daneman,lung_only,TRUE,FALSE,FALSE,1,ENSG00000131507,ENSMUSG00000024425,ortholog_one2one,97.2851,ENSMMUG00000016787,ortholog_one2one,91.4027,protein_coding,protein_coding,protein_coding,FALSE,FALSE,FALSE,FALSE
Ndn,NDN,Daneman,lung_only,TRUE,FALSE,FALSE,1,ENSG00000288364,NA,NA,NA,NA,NA,NA,protein_coding,NA,NA,FALSE,FALSE,FALSE,FALSE
Ndrg1,NDRG1,Both,liver_only,TRUE,FALSE,TRUE,2,ENSG00000104419,ENSMUSG00000005125,ortholog_one2one,93.6548,ENSMMUG00000010200,ortholog_one2one,99.2386,protein_coding,protein_coding,protein_coding,FALSE,FALSE,FALSE,FALSE
Ndst1,NDST1,Daneman,lung_only,TRUE,FALSE,FALSE,1,ENSG00000070614,ENSMUSG00000054008,ortholog_one2one,97.7324,NA,NA,NA,protein_coding,protein_coding,NA,FALSE,FALSE,FALSE,FALSE
Ndufa11,NDUFA11,Daneman,lung_only,TRUE,FALSE,FALSE,1,ENSG00000292058,NA,NA,NA,NA,NA,NA,protein_coding,NA,NA,FALSE,FALSE,FALSE,FALSE
Ndufb5,NDUFB5,Daneman,lung_only,TRUE,FALSE,FALSE,1,ENSG00000136521,ENSMUSG00000027673,ortholog_one2one,75.6614,ENSMMUG00000009746,ortholog_one2one,91.5344,protein_coding,protein_coding,protein_coding,FALSE,FALSE,FALSE,FALSE
Ndufs2,NDUFS2,Daneman,lung_only,TRUE,FALSE,FALSE,1,ENSG00000158864,ENSMUSG00000013593,ortholog_one2one,92.2246,ENSMMUG00000042838,ortholog_one2many,69.9784,protein_coding,protein_coding,protein_coding,FALSE,FALSE,FALSE,FALSE
Ndufs2,NDUFS2,Daneman,lung_only,TRUE,FALSE,FALSE,1,ENSG00000158864,ENSMUSG00000013593,ortholog_one2one,92.2246,ENSMMUG00000004520,ortholog_one2many,87.257,protein_coding,protein_coding,protein_coding,FALSE,FALSE,FALSE,FALSE
Ndufs4,NDUFS4,Daneman,lung_only,TRUE,FALSE,FALSE,1,ENSG00000164258,ENSMUSG00000021764,ortholog_one2one,88,ENSMMUG00000004861,ortholog_one2one,96,protein_coding,protein_coding,protein_coding,FALSE,FALSE,FALSE,FALSE
Ndufv1,NDUFV1,Daneman,lung_only,TRUE,FALSE,FALSE,1,ENSG00000167792,ENSMUSG00000037916,ortholog_one2one,95.9052,ENSMMUG00000018526,ortholog_one2one,95.2586,protein_coding,protein_coding,protein_coding,FALSE,FALSE,FALSE,FALSE
Necap2,NECAP2,Daneman,lung_only,TRUE,FALSE,FALSE,1,ENSG00000291380,NA,NA,NA,NA,NA,NA,protein_coding,NA,NA,FALSE,FALSE,FALSE,FALSE
Nedd9,NEDD9,Daneman,liver_only,TRUE,FALSE,TRUE,2,ENSG00000111859,ENSMUSG00000021365,ortholog_one2one,88.729,ENSMMUG00000016135,ortholog_one2one,98.4412,protein_coding,protein_coding,protein_coding,FALSE,FALSE,FALSE,FALSE
Nek1,NEK1,Daneman,liver_only,TRUE,FALSE,FALSE,1,ENSG00000137601,ENSMUSG00000031644,ortholog_one2one,81.6485,ENSMMUG00000012244,ortholog_one2one,97.5117,protein_coding,protein_coding,protein_coding,FALSE,FALSE,FALSE,FALSE
Nek3,NEK3,Munji,NA,TRUE,FALSE,TRUE,2,ENSG00000136098,ENSMUSG00000031478,ortholog_one2one,73.3202,ENSMMUG00000016530,ortholog_one2one,95.6522,protein_coding,protein_coding,protein_coding,FALSE,FALSE,FALSE,FALSE
Nek6,NEK6,Daneman,lung_only,TRUE,FALSE,FALSE,1,ENSG00000119408,ENSMUSG00000026749,ortholog_one2one,95.2077,ENSMMUG00000007354,ortholog_one2one,98.4026,protein_coding,protein_coding,protein_coding,FALSE,FALSE,FALSE,FALSE
Nek7,NEK7,Daneman,liver_only,TRUE,TRUE,FALSE,2,ENSG00000151414,ENSMUSG00000026393,ortholog_one2one,97.6821,ENSMMUG00000021649,ortholog_one2one,95.0331,protein_coding,protein_coding,protein_coding,FALSE,FALSE,FALSE,FALSE
Net1,NET1,Munji,NA,TRUE,FALSE,TRUE,2,ENSG00000173848,ENSMUSG00000021215,ortholog_one2one,76.3423,ENSMMUG00000017443,ortholog_one2one,97.4832,protein_coding,protein_coding,protein_coding,FALSE,FALSE,FALSE,FALSE
Neurl2,NEURL2,Munji,NA,TRUE,FALSE,FALSE,1,ENSG00000124257,ENSMUSG00000039873,ortholog_one2one,90.5263,ENSMMUG00000058326,ortholog_one2one,98.5965,protein_coding,protein_coding,protein_coding,FALSE,FALSE,FALSE,FALSE
Nfatc1,NFATC1,Daneman,liver_only,TRUE,FALSE,FALSE,1,ENSG00000131196,ENSMUSG00000033016,ortholog_one2one,83.7752,ENSMMUG00000022596,ortholog_one2one,97.3489,protein_coding,protein_coding,protein_coding,FALSE,FALSE,FALSE,FALSE
Nfatc2ip,NFATC2IP,Munji,NA,TRUE,FALSE,FALSE,1,ENSG00000176953,ENSMUSG00000030722,ortholog_one2one,69.4511,ENSMMUG00000006878,ortholog_one2one,89.2601,protein_coding,protein_coding,protein_coding,FALSE,FALSE,FALSE,FALSE
Nfib,NFIB,Daneman,liver_only,TRUE,FALSE,TRUE,2,ENSG00000147862,ENSMUSG00000008575,ortholog_one2one,97.9757,ENSMMUG00000014697,ortholog_one2one,97.166,protein_coding,protein_coding,protein_coding,FALSE,FALSE,FALSE,FALSE
Nfic,NFIC,Munji,NA,TRUE,FALSE,FALSE,1,ENSG00000141905,ENSMUSG00000055053,ortholog_one2one,81.2992,ENSMMUG00000003439,ortholog_one2one,99.4094,protein_coding,protein_coding,protein_coding,FALSE,FALSE,FALSE,FALSE
Nfix,NFIX,Daneman,liver_only,TRUE,FALSE,FALSE,1,ENSG00000008441,ENSMUSG00000001911,ortholog_one2one,97.4104,ENSMMUG00000019292,ortholog_one2one,84.0637,protein_coding,protein_coding,protein_coding,FALSE,FALSE,FALSE,FALSE
Ngrn,NGRN,Daneman,liver_only,TRUE,FALSE,FALSE,1,ENSG00000182768,ENSMUSG00000047084,ortholog_one2one,71.8213,ENSMMUG00000059888,ortholog_one2many,92.4399,protein_coding,protein_coding,protein_coding,FALSE,FALSE,FALSE,FALSE
Ngrn,NGRN,Daneman,liver_only,TRUE,FALSE,FALSE,1,ENSG00000182768,ENSMUSG00000047084,ortholog_one2one,71.8213,ENSMMUG00000057144,ortholog_one2many,93.1272,protein_coding,protein_coding,protein_coding,FALSE,FALSE,FALSE,FALSE
Nhsl1,NHSL1,Munji,NA,TRUE,FALSE,FALSE,1,ENSG00000135540,ENSMUSG00000039835,ortholog_one2one,72.665,ENSMMUG00000000123,ortholog_one2one,93.8979,protein_coding,protein_coding,protein_coding,FALSE,FALSE,FALSE,FALSE
Nid1,NID1,Daneman,liver_and_lung,TRUE,FALSE,FALSE,1,ENSG00000116962,ENSMUSG00000005397,ortholog_one2one,85.1644,ENSMMUG00000012716,ortholog_one2one,97.5942,protein_coding,protein_coding,protein_coding,FALSE,FALSE,FALSE,FALSE
Nid2,NID2,Daneman,lung_only,TRUE,FALSE,FALSE,1,ENSG00000087303,ENSMUSG00000021806,ortholog_one2one,80.8727,ENSMMUG00000018201,ortholog_one2one,97.1636,protein_coding,protein_coding,protein_coding,FALSE,FALSE,FALSE,FALSE
Nipa2,NIPA2,Daneman,lung_only,TRUE,FALSE,FALSE,1,ENSG00000140157,ENSMUSG00000030452,ortholog_one2one,95.5556,ENSMMUG00000003892,ortholog_one2one,98.6111,protein_coding,protein_coding,protein_coding,FALSE,FALSE,FALSE,FALSE
Nme1,NME1,Daneman,lung_only,TRUE,FALSE,FALSE,1,ENSG00000239672,ENSMUSG00000037601,ortholog_one2one,94.0789,NA,NA,NA,protein_coding,protein_coding,NA,FALSE,FALSE,FALSE,FALSE
Nomo1,NOMO1,Both,lung_only,TRUE,FALSE,FALSE,1,ENSG00000274779,NA,NA,NA,NA,NA,NA,protein_coding,NA,NA,FALSE,FALSE,FALSE,FALSE
Nomo1,NOMO2,Both,lung_only,TRUE,FALSE,FALSE,1,ENSG00000185164,ENSMUSG00000030835,ortholog_one2many,92.3077,ENSMMUG00000005919,ortholog_one2many,98.527,protein_coding,protein_coding,protein_coding,FALSE,FALSE,FALSE,FALSE
Nomo1,NOMO3,Both,lung_only,TRUE,FALSE,FALSE,1,ENSG00000278087,NA,NA,NA,NA,NA,NA,protein_coding,NA,NA,FALSE,FALSE,FALSE,FALSE
Notch3,NOTCH3,Daneman,liver_and_lung,TRUE,FALSE,TRUE,2,ENSG00000074181,ENSMUSG00000038146,ortholog_one2one,90.9522,ENSMMUG00000013637,ortholog_one2one,99.2245,protein_coding,protein_coding,protein_coding,FALSE,FALSE,FALSE,FALSE
Notum,NOTUM,Munji,NA,TRUE,FALSE,FALSE,1,ENSG00000185269,ENSMUSG00000042988,ortholog_one2one,90.7258,ENSMMUG00000049343,ortholog_one2one,97.1774,protein_coding,protein_coding,protein_coding,FALSE,FALSE,FALSE,FALSE
Nov,NOV,Daneman,liver_only,TRUE,FALSE,FALSE,1,NA,NA,NA,NA,NA,NA,NA,NA,NA,NA,FALSE,FALSE,FALSE,FALSE
Npl,NPL,Daneman,lung_only,TRUE,FALSE,FALSE,1,ENSG00000135838,ENSMUSG00000042684,ortholog_one2one,85.625,ENSMMUG00000008992,ortholog_one2one,79.6875,protein_coding,protein_coding,protein_coding,FALSE,FALSE,FALSE,FALSE
Npm1,NPM1,Daneman,lung_only,TRUE,FALSE,TRUE,2,ENSG00000181163,NA,NA,NA,ENSMMUG00000015781,ortholog_one2one,99.6599,protein_coding,NA,protein_coding,FALSE,FALSE,FALSE,FALSE
Npnt,NPNT,Daneman,lung_only,TRUE,FALSE,FALSE,1,ENSG00000168743,ENSMUSG00000040998,ortholog_one2one,87.4336,ENSMMUG00000023428,ortholog_one2one,93.4513,protein_coding,protein_coding,protein_coding,FALSE,FALSE,FALSE,FALSE
Npr2,NPR2,Daneman,liver_only,TRUE,FALSE,FALSE,1,ENSG00000159899,ENSMUSG00000028469,ortholog_one2one,98.6628,ENSMMUG00000016334,ortholog_one2one,99.9045,protein_coding,protein_coding,protein_coding,FALSE,FALSE,FALSE,FALSE
Nr1d1,NR1D1,Daneman,liver_only,TRUE,FALSE,FALSE,1,ENSG00000126368,ENSMUSG00000020889,ortholog_one2one,95.4397,ENSMMUG00000002933,ortholog_one2one,98.0456,protein_coding,protein_coding,protein_coding,FALSE,FALSE,FALSE,FALSE
Nr2f1,NR2F1,Daneman,liver_and_lung,TRUE,FALSE,FALSE,1,ENSG00000175745,ENSMUSG00000069171,ortholog_one2one,98.818,ENSMMUG00000006209,ortholog_one2one,100,protein_coding,protein_coding,protein_coding,FALSE,FALSE,FALSE,FALSE
Nr2f2,NR2F2,Daneman,liver_and_lung,TRUE,FALSE,TRUE,2,ENSG00000185551,ENSMUSG00000030551,ortholog_one2one,100,ENSMMUG00000005430,ortholog_one2one,100,protein_coding,protein_coding,protein_coding,FALSE,FALSE,FALSE,FALSE
Nr2f6,NR2F6,Daneman,lung_only,TRUE,FALSE,FALSE,1,ENSG00000160113,ENSMUSG00000002393,ortholog_one2one,91.5842,ENSMMUG00000028849,ortholog_one2one,99.0099,protein_coding,protein_coding,protein_coding,FALSE,FALSE,FALSE,FALSE
Nr3c1,NR3C1,Daneman,liver_only,TRUE,FALSE,FALSE,1,ENSG00000113580,ENSMUSG00000024431,ortholog_one2one,90.2188,ENSMMUG00000000421,ortholog_one2one,98.713,protein_coding,protein_coding,protein_coding,FALSE,FALSE,FALSE,FALSE
Nr4a1,NR4A1,Munji,NA,TRUE,FALSE,TRUE,2,ENSG00000123358,ENSMUSG00000023034,ortholog_one2one,91.806,ENSMMUG00000022922,ortholog_one2one,99.1639,protein_coding,protein_coding,protein_coding,FALSE,FALSE,FALSE,FALSE
Nrarp,NRARP,Daneman,lung_only,TRUE,FALSE,FALSE,1,ENSG00000198435,ENSMUSG00000078202,ortholog_one2one,100,ENSMMUG00000014322,ortholog_one2one,100,protein_coding,protein_coding,protein_coding,FALSE,FALSE,FALSE,FALSE
Nrip1,NRIP1,Daneman,lung_only,TRUE,FALSE,FALSE,1,ENSG00000180530,ENSMUSG00000048490,ortholog_one2one,84.6287,ENSMMUG00000058750,ortholog_one2one,91.9689,protein_coding,protein_coding,protein_coding,FALSE,FALSE,FALSE,FALSE
Nrp2,NRP2,Daneman,lung_only,TRUE,FALSE,FALSE,1,ENSG00000118257,ENSMUSG00000025969,ortholog_one2one,94.6004,ENSMMUG00000020052,ortholog_one2one,99.0281,protein_coding,protein_coding,protein_coding,FALSE,FALSE,FALSE,FALSE
Nsmce1,NSMCE1,Daneman,lung_only,TRUE,FALSE,FALSE,1,ENSG00000169189,ENSMUSG00000030750,ortholog_one2one,89.4737,ENSMMUG00000015832,ortholog_one2one,80.0752,protein_coding,protein_coding,protein_coding,FALSE,FALSE,FALSE,FALSE
Nsun5,NSUN5,Munji,NA,TRUE,FALSE,FALSE,1,ENSG00000130305,ENSMUSG00000000916,ortholog_one2one,84.3348,ENSMMUG00000022776,ortholog_one2one,96.5665,protein_coding,protein_coding,protein_coding,FALSE,FALSE,FALSE,FALSE
Nt5c2,NT5C2,Both,liver_only,TRUE,FALSE,FALSE,1,ENSG00000076685,ENSMUSG00000025041,ortholog_one2one,99.287,ENSMMUG00000003749,ortholog_one2one,100,protein_coding,protein_coding,protein_coding,FALSE,FALSE,FALSE,FALSE
Ntn1,NTN1,Daneman,liver_and_lung,TRUE,FALSE,FALSE,1,ENSG00000065320,ENSMUSG00000020902,ortholog_one2one,99.1722,ENSMMUG00000055290,ortholog_one2one,99.3377,protein_coding,protein_coding,protein_coding,FALSE,FALSE,FALSE,FALSE
Ntn4,NTN4,Daneman,liver_only,TRUE,FALSE,TRUE,2,ENSG00000074527,ENSMUSG00000020019,ortholog_one2one,89.8089,ENSMMUG00000000521,ortholog_one2one,97.9299,protein_coding,protein_coding,protein_coding,FALSE,FALSE,FALSE,FALSE
Nubpl,NUBPL,Daneman,lung_only,TRUE,FALSE,FALSE,1,ENSG00000151413,ENSMUSG00000035142,ortholog_one2one,88.0878,ENSMMUG00000012726,ortholog_one2one,97.4922,protein_coding,protein_coding,protein_coding,FALSE,FALSE,FALSE,FALSE
Nudt12,NUDT12,Munji,NA,TRUE,FALSE,FALSE,1,ENSG00000112874,ENSMUSG00000024228,ortholog_one2one,87.8788,ENSMMUG00000017250,ortholog_one2one,98.0519,protein_coding,protein_coding,protein_coding,FALSE,FALSE,FALSE,FALSE
Nudt21,NUDT21,Daneman,lung_only,TRUE,FALSE,FALSE,1,ENSG00000167005,ENSMUSG00000031754,ortholog_one2one,99.5595,ENSMMUG00000038955,ortholog_one2one,100,protein_coding,protein_coding,protein_coding,FALSE,FALSE,FALSE,FALSE
Nup210,NUP210,Daneman,lung_only,TRUE,FALSE,FALSE,1,ENSG00000132182,ENSMUSG00000030091,ortholog_one2one,84.4197,ENSMMUG00000015979,ortholog_one2one,97.6153,protein_coding,protein_coding,protein_coding,FALSE,FALSE,FALSE,FALSE
Nup98,NUP98,Daneman,liver_only,TRUE,FALSE,FALSE,1,ENSG00000110713,ENSMUSG00000063550,ortholog_one2one,91.5556,ENSMMUG00000003950,ortholog_one2one,98.2222,protein_coding,protein_coding,protein_coding,FALSE,FALSE,FALSE,FALSE
Oas1a,OAS1,Daneman,liver_only,TRUE,FALSE,FALSE,1,ENSG00000089127,ENSMUSG00000029605,ortholog_one2many,52.25,ENSMMUG00000012782,ortholog_one2one,90.5,protein_coding,protein_coding,protein_coding,FALSE,FALSE,FALSE,FALSE
Oas1a,OAS1,Daneman,liver_only,TRUE,FALSE,FALSE,1,ENSG00000089127,ENSMUSG00000053765,ortholog_one2many,50.25,ENSMMUG00000012782,ortholog_one2one,90.5,protein_coding,protein_coding,protein_coding,FALSE,FALSE,FALSE,FALSE
Oas1a,OAS1,Daneman,liver_only,TRUE,FALSE,FALSE,1,ENSG00000089127,ENSMUSG00000001166,ortholog_one2many,46.25,ENSMMUG00000012782,ortholog_one2one,90.5,protein_coding,protein_coding,protein_coding,FALSE,FALSE,FALSE,FALSE
Oas1a,OAS1,Daneman,liver_only,TRUE,FALSE,FALSE,1,ENSG00000089127,ENSMUSG00000052776,ortholog_one2many,62.25,ENSMMUG00000012782,ortholog_one2one,90.5,protein_coding,protein_coding,protein_coding,FALSE,FALSE,FALSE,FALSE
Oas1a,OAS1,Daneman,liver_only,TRUE,FALSE,FALSE,1,ENSG00000089127,ENSMUSG00000066867,ortholog_one2many,44.75,ENSMMUG00000012782,ortholog_one2one,90.5,protein_coding,protein_coding,protein_coding,FALSE,FALSE,FALSE,FALSE
Oas1a,OAS1,Daneman,liver_only,TRUE,FALSE,FALSE,1,ENSG00000089127,ENSMUSG00000001168,ortholog_one2many,45.5,ENSMMUG00000012782,ortholog_one2one,90.5,protein_coding,protein_coding,protein_coding,FALSE,FALSE,FALSE,FALSE
Oas1a,OAS1,Daneman,liver_only,TRUE,FALSE,FALSE,1,ENSG00000089127,ENSMUSG00000066861,ortholog_one2many,62.75,ENSMMUG00000012782,ortholog_one2one,90.5,protein_coding,protein_coding,protein_coding,FALSE,FALSE,FALSE,FALSE
Oas1a,OAS1,Daneman,liver_only,TRUE,FALSE,FALSE,1,ENSG00000089127,ENSMUSG00000032623,ortholog_one2many,46,ENSMMUG00000012782,ortholog_one2one,90.5,protein_coding,protein_coding,protein_coding,FALSE,FALSE,FALSE,FALSE
Oaz1,OAZ1,Daneman,lung_only,TRUE,FALSE,TRUE,2,ENSG00000104904,ENSMUSG00000035242,ortholog_one2one,83.7719,ENSMMUG00000017949,ortholog_one2one,99.1228,protein_coding,protein_coding,protein_coding,FALSE,FALSE,FALSE,FALSE
Ocln,OCLN,Munji,NA,TRUE,FALSE,TRUE,2,ENSG00000273814,NA,NA,NA,NA,NA,NA,protein_coding,NA,NA,FALSE,FALSE,FALSE,FALSE
Ogn,OGN,Daneman,liver_and_lung,TRUE,FALSE,FALSE,1,ENSG00000291350,NA,NA,NA,NA,NA,NA,protein_coding,NA,NA,FALSE,FALSE,FALSE,FALSE
Ogt,OGT,Daneman,liver_only,TRUE,FALSE,FALSE,1,ENSG00000147162,ENSMUSG00000034160,ortholog_one2one,99.6176,ENSMMUG00000015238,ortholog_one2one,99.9044,protein_coding,protein_coding,protein_coding,FALSE,FALSE,FALSE,FALSE
Olfm1,OLFM1,Daneman,lung_only,TRUE,FALSE,FALSE,1,ENSG00000130558,ENSMUSG00000026833,ortholog_one2one,98.3505,ENSMMUG00000017506,ortholog_one2one,38.9691,protein_coding,protein_coding,protein_coding,FALSE,FALSE,FALSE,FALSE
Oraov1,ORAOV1,Daneman,liver_only,TRUE,FALSE,FALSE,1,NA,NA,NA,NA,NA,NA,NA,NA,NA,NA,FALSE,FALSE,FALSE,FALSE
Osbpl1a,OSBPL1A,Both,liver_only,TRUE,FALSE,FALSE,1,ENSG00000141447,ENSMUSG00000044252,ortholog_one2one,92,ENSMMUG00000004350,ortholog_one2one,98.1053,protein_coding,protein_coding,protein_coding,FALSE,FALSE,FALSE,FALSE
Osbpl2,OSBPL2,Daneman,liver_only,TRUE,FALSE,FALSE,1,ENSG00000130703,ENSMUSG00000039050,ortholog_one2one,89.7917,ENSMMUG00000012623,ortholog_one2one,94.375,protein_coding,protein_coding,protein_coding,FALSE,FALSE,FALSE,FALSE
Osbpl9,OSBPL9,Daneman,liver_only,TRUE,FALSE,FALSE,1,ENSG00000117859,ENSMUSG00000028559,ortholog_one2one,95.788,ENSMMUG00000004735,ortholog_one2one,98.0978,protein_coding,protein_coding,protein_coding,FALSE,FALSE,FALSE,FALSE
Otud1,OTUD1,Daneman,liver_only,TRUE,FALSE,FALSE,1,ENSG00000165312,ENSMUSG00000043415,ortholog_one2one,75.2599,ENSMMUG00000009247,ortholog_one2one,96.8815,protein_coding,protein_coding,protein_coding,FALSE,FALSE,FALSE,FALSE
Otud7b,OTUD7B,Munji,NA,TRUE,FALSE,FALSE,1,ENSG00000264522,ENSMUSG00000038495,ortholog_one2one,90.7473,ENSMMUG00000007244,ortholog_one2one,98.102,protein_coding,protein_coding,protein_coding,FALSE,FALSE,FALSE,FALSE
Oxa1l,OXA1L,Daneman,lung_only,TRUE,FALSE,FALSE,1,ENSG00000155463,ENSMUSG00000000959,ortholog_one2one,74.4828,ENSMMUG00000000411,ortholog_one2one,91.954,protein_coding,protein_coding,protein_coding,FALSE,FALSE,FALSE,FALSE
Oxr1,OXR1,Daneman,liver_only,TRUE,FALSE,FALSE,1,ENSG00000164830,ENSMUSG00000022307,ortholog_one2one,84.4215,ENSMMUG00000017845,ortholog_one2one,96.5636,protein_coding,protein_coding,protein_coding,FALSE,FALSE,FALSE,FALSE
P2rx4,P2RX4,Daneman,liver_only,TRUE,FALSE,FALSE,1,ENSG00000135124,ENSMUSG00000029470,ortholog_one2one,86.5979,ENSMMUG00000003521,ortholog_one2one,75.5155,protein_coding,protein_coding,protein_coding,FALSE,FALSE,FALSE,FALSE
P2ry14,P2RY14,Daneman,liver_and_lung,TRUE,FALSE,FALSE,1,ENSG00000174944,ENSMUSG00000036381,ortholog_one2one,83.1361,ENSMMUG00000017245,ortholog_one2one,97.6331,protein_coding,protein_coding,protein_coding,FALSE,FALSE,FALSE,FALSE
P4ha1,P4HA1,Daneman,liver_and_lung,TRUE,FALSE,FALSE,1,ENSG00000122884,ENSMUSG00000019916,ortholog_one2one,95.3184,ENSMMUG00000011274,ortholog_one2one,99.8127,protein_coding,protein_coding,protein_coding,FALSE,FALSE,FALSE,FALSE
Pacsin3,PACSIN3,Daneman,liver_only,TRUE,FALSE,FALSE,1,ENSG00000165912,ENSMUSG00000027257,ortholog_one2one,94.3396,ENSMMUG00000006359,ortholog_one2one,100,protein_coding,protein_coding,protein_coding,FALSE,FALSE,FALSE,FALSE
Palm,PALM,Daneman,liver_only,TRUE,FALSE,FALSE,1,ENSG00000099864,ENSMUSG00000035863,ortholog_one2one,79.845,ENSMMUG00000022877,ortholog_one2one,93.7984,protein_coding,protein_coding,protein_coding,FALSE,FALSE,FALSE,FALSE
Palmd,PALMD,Munji,NA,TRUE,FALSE,TRUE,2,ENSG00000099260,ENSMUSG00000033377,ortholog_one2one,80.5808,ENSMMUG00000016335,ortholog_one2one,97.6407,protein_coding,protein_coding,protein_coding,FALSE,FALSE,FALSE,FALSE
Paqr5,PAQR5,Both,liver_only,TRUE,FALSE,FALSE,1,ENSG00000137819,ENSMUSG00000032278,ortholog_one2one,91.5152,ENSMMUG00000014886,ortholog_one2one,96.9697,protein_coding,protein_coding,protein_coding,FALSE,FALSE,FALSE,FALSE
Pard6g,PARD6G,Daneman,lung_only,TRUE,FALSE,FALSE,1,ENSG00000178184,ENSMUSG00000056214,ortholog_one2one,78.4574,ENSMMUG00000056088,ortholog_one2one,98.6702,protein_coding,protein_coding,protein_coding,FALSE,FALSE,FALSE,FALSE
Parp12,PARP12,Daneman,liver_only,TRUE,FALSE,TRUE,2,ENSG00000059378,ENSMUSG00000038507,ortholog_one2one,81.3124,ENSMMUG00000004224,ortholog_one2one,97.8602,protein_coding,protein_coding,protein_coding,FALSE,FALSE,FALSE,FALSE
Parp14,PARP14,Daneman,liver_only,TRUE,FALSE,TRUE,2,ENSG00000173193,ENSMUSG00000034422,ortholog_one2one,63.4092,ENSMMUG00000022569,ortholog_one2one,92.5597,protein_coding,protein_coding,protein_coding,FALSE,FALSE,FALSE,FALSE
Parp9,PARP9,Daneman,liver_only,TRUE,FALSE,TRUE,2,ENSG00000138496,ENSMUSG00000022906,ortholog_one2one,62.149,ENSMMUG00000016381,ortholog_one2one,90.5983,protein_coding,protein_coding,protein_coding,FALSE,FALSE,FALSE,FALSE
Parva,PARVA,Daneman,liver_and_lung,TRUE,FALSE,FALSE,1,ENSG00000197702,ENSMUSG00000030770,ortholog_one2one,87.3656,ENSMMUG00000020956,ortholog_one2one,100,protein_coding,protein_coding,protein_coding,FALSE,FALSE,FALSE,FALSE
Parvb,PARVB,Munji,NA,TRUE,TRUE,TRUE,3,ENSG00000188677,ENSMUSG00000022438,ortholog_one2one,90.9341,ENSMMUG00000015448,ortholog_one2one,74.4505,protein_coding,protein_coding,protein_coding,FALSE,FALSE,FALSE,FALSE
Patz1,PATZ1,Munji,NA,TRUE,FALSE,FALSE,1,ENSG00000100105,ENSMUSG00000020453,ortholog_one2one,98.9811,ENSMMUG00000013911,ortholog_one2one,99.4178,protein_coding,protein_coding,protein_coding,FALSE,FALSE,FALSE,FALSE
Pbx1,PBX1,Daneman,liver_only,TRUE,FALSE,FALSE,1,ENSG00000185630,ENSMUSG00000052534,ortholog_one2one,100,ENSMMUG00000019108,ortholog_one2one,100,protein_coding,protein_coding,protein_coding,FALSE,FALSE,FALSE,FALSE
Pcx,PC,Both,lung_only,TRUE,FALSE,FALSE,1,ENSG00000173599,ENSMUSG00000024892,ortholog_one2one,96.7742,ENSMMUG00000004533,ortholog_one2one,99.236,protein_coding,protein_coding,protein_coding,FALSE,FALSE,FALSE,FALSE
Pcca,PCCA,Munji,NA,TRUE,FALSE,TRUE,2,ENSG00000175198,ENSMUSG00000041650,ortholog_one2one,89.2857,ENSMMUG00000004493,ortholog_one2one,97.3901,protein_coding,protein_coding,protein_coding,FALSE,FALSE,FALSE,FALSE
Pcdh12,PCDH12,Daneman,lung_only,TRUE,FALSE,FALSE,1,ENSG00000113555,ENSMUSG00000024440,ortholog_one2one,80.2365,ENSMMUG00000006291,ortholog_one2one,97.8885,protein_coding,protein_coding,protein_coding,FALSE,FALSE,FALSE,FALSE
Pcdh17,PCDH17,Daneman,lung_only,TRUE,FALSE,TRUE,2,ENSG00000118946,ENSMUSG00000035566,ortholog_one2one,98.1018,ENSMMUG00000022272,ortholog_one2one,99.4823,protein_coding,protein_coding,protein_coding,FALSE,FALSE,FALSE,FALSE
Pcdh19,PCDH19,Munji,NA,TRUE,FALSE,FALSE,1,ENSG00000165194,ENSMUSG00000051323,ortholog_one2one,96.4286,ENSMMUG00000011078,ortholog_one2one,98.9547,protein_coding,protein_coding,protein_coding,FALSE,FALSE,FALSE,FALSE
Pcgf5,PCGF5,Daneman,liver_only,TRUE,FALSE,FALSE,1,ENSG00000180628,ENSMUSG00000024805,ortholog_one2one,96.0938,ENSMMUG00000038018,ortholog_one2one,93.75,protein_coding,protein_coding,protein_coding,FALSE,FALSE,FALSE,FALSE
Pcmtd1,PCMTD1,Munji,NA,TRUE,FALSE,TRUE,2,ENSG00000168300,ENSMUSG00000051285,ortholog_one2one,98.5994,ENSMMUG00000003347,ortholog_one2one,99.4398,protein_coding,protein_coding,protein_coding,FALSE,FALSE,FALSE,FALSE
Pcmtd2,PCMTD2,Daneman,liver_only,TRUE,FALSE,FALSE,1,ENSG00000280663,NA,NA,NA,NA,NA,NA,protein_coding,NA,NA,FALSE,FALSE,FALSE,FALSE
Pcolce,PCOLCE,Daneman,liver_and_lung,TRUE,FALSE,FALSE,1,ENSG00000106333,ENSMUSG00000029718,ortholog_one2one,82.6281,ENSMMUG00000002947,ortholog_one2one,97.1047,protein_coding,protein_coding,protein_coding,FALSE,FALSE,FALSE,FALSE
Pde2a,PDE2A,Daneman,liver_only,TRUE,FALSE,FALSE,1,ENSG00000186642,ENSMUSG00000110195,ortholog_one2one,93.305,NA,NA,NA,protein_coding,protein_coding,NA,FALSE,FALSE,FALSE,FALSE
Pde3b,PDE3B,Daneman,lung_only,TRUE,FALSE,FALSE,1,ENSG00000152270,ENSMUSG00000030671,ortholog_one2one,81.295,ENSMMUG00000000759,ortholog_one2one,97.2122,protein_coding,protein_coding,protein_coding,FALSE,FALSE,FALSE,FALSE
Pde4b,PDE4B,Daneman,lung_only,TRUE,FALSE,TRUE,2,ENSG00000184588,ENSMUSG00000028525,ortholog_one2one,97.1467,ENSMMUG00000007490,ortholog_one2one,99.5924,protein_coding,protein_coding,protein_coding,FALSE,FALSE,FALSE,FALSE
Pde8b,PDE8B,Daneman,liver_and_lung,TRUE,FALSE,FALSE,1,ENSG00000113231,ENSMUSG00000021684,ortholog_one2one,93.6723,ENSMMUG00000021358,ortholog_one2one,99.548,protein_coding,protein_coding,protein_coding,FALSE,FALSE,FALSE,FALSE
Pdgfrb,PDGFRB,Daneman,liver_and_lung,TRUE,FALSE,TRUE,2,ENSG00000113721,ENSMUSG00000024620,ortholog_one2one,85.443,ENSMMUG00000011557,ortholog_one2one,98.2821,protein_coding,protein_coding,protein_coding,FALSE,FALSE,FALSE,FALSE
Pdia3,PDIA3,Daneman,lung_only,TRUE,FALSE,FALSE,1,ENSG00000167004,ENSMUSG00000027248,ortholog_one2one,93.0693,ENSMMUG00000001682,ortholog_one2many,99.2079,protein_coding,protein_coding,protein_coding,FALSE,FALSE,FALSE,FALSE
Pdia3,PDIA3,Daneman,lung_only,TRUE,FALSE,FALSE,1,ENSG00000167004,ENSMUSG00000027248,ortholog_one2one,93.0693,ENSMMUG00000054976,ortholog_one2many,99.2079,protein_coding,protein_coding,protein_coding,FALSE,FALSE,FALSE,FALSE
Pdik1l,PDIK1L,Daneman,liver_only,TRUE,FALSE,FALSE,1,ENSG00000175087,ENSMUSG00000050890,ortholog_one2one,99.4135,ENSMMUG00000016874,ortholog_one2one,100,protein_coding,protein_coding,protein_coding,FALSE,FALSE,FALSE,FALSE
Pdk2,PDK2,Munji,NA,TRUE,FALSE,FALSE,1,ENSG00000005882,ENSMUSG00000038967,ortholog_one2one,97.543,ENSMMUG00000014685,ortholog_one2one,100,protein_coding,protein_coding,protein_coding,FALSE,FALSE,FALSE,FALSE
Pdlim5,PDLIM5,Daneman,liver_only,TRUE,FALSE,FALSE,1,ENSG00000163110,ENSMUSG00000028273,ortholog_one2one,72.651,ENSMMUG00000022246,ortholog_one2one,96.8121,protein_coding,protein_coding,protein_coding,FALSE,FALSE,FALSE,FALSE
Pdlim7,PDLIM7,Daneman,lung_only,TRUE,FALSE,TRUE,2,ENSG00000196923,ENSMUSG00000021493,ortholog_one2one,93.8731,ENSMMUG00000003146,ortholog_one2one,99.1247,protein_coding,protein_coding,protein_coding,FALSE,FALSE,FALSE,FALSE
Pdxk,PDXK,Both,liver_only,TRUE,FALSE,TRUE,2,ENSG00000160209,ENSMUSG00000032788,ortholog_one2one,84.6154,ENSMMUG00000062457,ortholog_one2one,96.7949,protein_coding,protein_coding,protein_coding,FALSE,FALSE,FALSE,FALSE
Per1,PER1,Munji,NA,TRUE,FALSE,FALSE,1,ENSG00000179094,ENSMUSG00000020893,ortholog_one2one,91.938,ENSMMUG00000021798,ortholog_one2one,97.907,protein_coding,protein_coding,protein_coding,FALSE,FALSE,FALSE,FALSE
Perp,PERP,Daneman,liver_and_lung,TRUE,FALSE,FALSE,1,ENSG00000112378,ENSMUSG00000019851,ortholog_one2one,90.6736,ENSMMUG00000049387,ortholog_one2one,98.4456,protein_coding,protein_coding,protein_coding,FALSE,FALSE,FALSE,FALSE
Pfkfb3,PFKFB3,Daneman,lung_only,TRUE,FALSE,FALSE,1,ENSG00000170525,ENSMUSG00000026773,ortholog_one2one,95.3846,ENSMMUG00000010596,ortholog_one2one,97.5,protein_coding,protein_coding,protein_coding,FALSE,FALSE,FALSE,FALSE
Pfkp,PFKP,Daneman,lung_only,TRUE,FALSE,FALSE,1,ENSG00000067057,ENSMUSG00000021196,ortholog_one2one,88.3929,ENSMMUG00000004935,ortholog_one2one,94.3878,protein_coding,protein_coding,protein_coding,FALSE,FALSE,FALSE,FALSE
Pfn1,PFN1,Daneman,lung_only,TRUE,FALSE,TRUE,2,ENSG00000108518,ENSMUSG00000018293,ortholog_one2one,95.7143,ENSMMUG00000051787,ortholog_one2one,100,protein_coding,protein_coding,protein_coding,FALSE,FALSE,FALSE,FALSE
Pgd,PGD,Daneman,lung_only,TRUE,FALSE,FALSE,1,ENSG00000142657,ENSMUSG00000028961,ortholog_one2one,93.9959,ENSMMUG00000023029,ortholog_one2one,99.5859,protein_coding,protein_coding,protein_coding,FALSE,FALSE,FALSE,FALSE
Pglyrp1,PGLYRP1,Munji,NA,FALSE,FALSE,FALSE,0,ENSG00000008438,ENSMUSG00000030413,ortholog_one2one,64.2857,ENSMMUG00000008742,ortholog_one2one,85.2041,protein_coding,protein_coding,protein_coding,FALSE,FALSE,FALSE,FALSE
Pgm2,PGM1,Daneman,lung_only,TRUE,FALSE,FALSE,1,ENSG00000079739,ENSMUSG00000025791,ortholog_one2one,97.331,ENSMMUG00000020049,ortholog_one2one,88.0783,protein_coding,protein_coding,protein_coding,FALSE,FALSE,FALSE,FALSE
Pgm1,PGM2,Daneman,lung_only,TRUE,FALSE,FALSE,1,ENSG00000169299,ENSMUSG00000029171,ortholog_one2one,92.1569,ENSMMUG00000000232,ortholog_one2one,98.0392,protein_coding,protein_coding,protein_coding,FALSE,FALSE,FALSE,FALSE
Phactr1,PHACTR1,Daneman,liver_only,TRUE,FALSE,FALSE,1,ENSG00000112137,ENSMUSG00000054728,ortholog_one2one,96.8966,ENSMMUG00000020040,ortholog_one2one,87.069,protein_coding,protein_coding,protein_coding,FALSE,FALSE,FALSE,FALSE
Phactr4,PHACTR4,Daneman,liver_only,TRUE,FALSE,FALSE,1,ENSG00000204138,ENSMUSG00000066043,ortholog_one2one,80.4843,ENSMMUG00000019216,ortholog_one2one,91.7379,protein_coding,protein_coding,protein_coding,FALSE,FALSE,FALSE,FALSE
Phb,PHB,Daneman,lung_only,TRUE,FALSE,FALSE,1,NA,NA,NA,NA,NA,NA,NA,NA,NA,NA,FALSE,FALSE,FALSE,FALSE
Phb2,PHB2,Daneman,lung_only,TRUE,FALSE,FALSE,1,ENSG00000215021,ENSMUSG00000004264,ortholog_one2one,100,ENSMMUG00000010205,ortholog_one2one,99.3311,protein_coding,protein_coding,protein_coding,FALSE,FALSE,FALSE,FALSE
Phc3,PHC3,Daneman,liver_only,TRUE,FALSE,FALSE,1,ENSG00000173889,ENSMUSG00000037652,ortholog_one2one,92.3618,ENSMMUG00000022199,ortholog_one2one,99.4975,protein_coding,protein_coding,protein_coding,FALSE,FALSE,FALSE,FALSE
Phf2,PHF2,Munji,NA,TRUE,FALSE,FALSE,1,ENSG00000197724,ENSMUSG00000038025,ortholog_one2one,93.6131,ENSMMUG00000008281,ortholog_one2one,99.3613,protein_coding,protein_coding,protein_coding,FALSE,FALSE,FALSE,FALSE
Phf20,PHF20,Daneman,liver_only,TRUE,FALSE,FALSE,1,ENSG00000025293,ENSMUSG00000038116,ortholog_one2one,88.7352,ENSMMUG00000010633,ortholog_one2one,99.0119,protein_coding,protein_coding,protein_coding,FALSE,FALSE,FALSE,FALSE
Phgdh,PHGDH,Daneman,lung_only,TRUE,FALSE,FALSE,1,ENSG00000092621,ENSMUSG00000053398,ortholog_one2one,94.5591,ENSMMUG00000023089,ortholog_one2one,98.8743,protein_coding,protein_coding,protein_coding,FALSE,FALSE,FALSE,FALSE
Phlda1,PHLDA1,Daneman,lung_only,TRUE,FALSE,FALSE,1,ENSG00000139289,ENSMUSG00000020205,ortholog_one2one,85.7855,ENSMMUG00000064103,ortholog_one2one,63.8404,protein_coding,protein_coding,protein_coding,FALSE,FALSE,FALSE,FALSE
Phpt1,PHPT1,Daneman,lung_only,TRUE,FALSE,TRUE,2,ENSG00000054148,ENSMUSG00000036504,ortholog_one2one,83.2,ENSMMUG00000005047,ortholog_one2one,98.4,protein_coding,protein_coding,protein_coding,FALSE,FALSE,FALSE,FALSE
Phyhipl,PHYHIPL,Daneman,liver_only,TRUE,FALSE,FALSE,1,ENSG00000165443,ENSMUSG00000037747,ortholog_one2one,97.0745,ENSMMUG00000003705,ortholog_one2one,99.734,protein_coding,protein_coding,protein_coding,FALSE,FALSE,FALSE,FALSE
Pias1,PIAS1,Daneman,liver_only,TRUE,FALSE,TRUE,2,ENSG00000033800,ENSMUSG00000032405,ortholog_one2one,98.0031,ENSMMUG00000011699,ortholog_one2one,100,protein_coding,protein_coding,protein_coding,FALSE,FALSE,FALSE,FALSE
Picalm,PICALM,Daneman,liver_only,TRUE,FALSE,TRUE,2,ENSG00000073921,ENSMUSG00000039361,ortholog_one2one,97.6994,ENSMMUG00000019618,ortholog_one2one,99.2331,protein_coding,protein_coding,protein_coding,FALSE,FALSE,FALSE,FALSE
Pigx,PIGX,Daneman,lung_only,TRUE,FALSE,FALSE,1,ENSG00000163964,ENSMUSG00000023791,ortholog_one2one,74.4186,ENSMMUG00000003774,ortholog_one2one,88.7597,protein_coding,protein_coding,protein_coding,FALSE,FALSE,FALSE,FALSE
Pik3cg,PIK3CG,Daneman,lung_only,TRUE,FALSE,FALSE,1,ENSG00000105851,ENSMUSG00000020573,ortholog_one2one,94.1016,ENSMMUG00000011385,ortholog_one2one,98.8203,protein_coding,protein_coding,protein_coding,FALSE,FALSE,FALSE,FALSE
Pir,PIR,Daneman,liver_only,TRUE,FALSE,FALSE,1,ENSG00000087842,ENSMUSG00000031379,ortholog_one2one,95.8621,ENSMMUG00000015740,ortholog_one2one,98.9655,protein_coding,protein_coding,protein_coding,FALSE,FALSE,FALSE,FALSE
Pitrm1,PITRM1,Daneman,lung_only,TRUE,FALSE,FALSE,1,ENSG00000107959,ENSMUSG00000021193,ortholog_one2one,86.5959,ENSMMUG00000004938,ortholog_one2one,97.9749,protein_coding,protein_coding,protein_coding,FALSE,FALSE,FALSE,FALSE
Pkig,PKIG,Daneman,liver_only,TRUE,FALSE,FALSE,1,ENSG00000168734,ENSMUSG00000035268,ortholog_one2one,90.7895,ENSMMUG00000048521,ortholog_one2one,98.6842,protein_coding,protein_coding,protein_coding,FALSE,FALSE,FALSE,FALSE
Pla2g6,PLA2G6,Munji,NA,TRUE,FALSE,FALSE,1,ENSG00000184381,ENSMUSG00000042632,ortholog_one2one,89.8263,ENSMMUG00000002701,ortholog_one2one,90.9429,protein_coding,protein_coding,protein_coding,FALSE,FALSE,FALSE,FALSE
Pla2g7,PLA2G7,Daneman,liver_and_lung,TRUE,FALSE,FALSE,1,ENSG00000146070,ENSMUSG00000023913,ortholog_one2one,67.5737,ENSMMUG00000019254,ortholog_one2one,93.8775,protein_coding,protein_coding,protein_coding,FALSE,FALSE,FALSE,FALSE
Plagl1,PLAGL1,Daneman,lung_only,TRUE,FALSE,FALSE,1,ENSG00000118495,ENSMUSG00000019817,ortholog_one2one,71.0583,ENSMMUG00000003750,ortholog_one2one,98.9201,protein_coding,protein_coding,protein_coding,FALSE,FALSE,FALSE,FALSE
Plcb1,PLCB1,Daneman,liver_only,TRUE,FALSE,TRUE,2,ENSG00000182621,ENSMUSG00000051177,ortholog_one2one,97.3684,ENSMMUG00000004313,ortholog_one2one,99.1776,protein_coding,protein_coding,protein_coding,FALSE,FALSE,FALSE,FALSE
Plcb4,PLCB4,Daneman,liver_only,TRUE,FALSE,TRUE,2,ENSG00000101333,ENSMUSG00000039943,ortholog_one2one,93.9469,ENSMMUG00000001012,ortholog_one2one,99.5025,protein_coding,protein_coding,protein_coding,FALSE,FALSE,FALSE,FALSE
Plce1,PLCE1,Daneman,liver_and_lung,TRUE,FALSE,TRUE,2,ENSG00000138193,ENSMUSG00000024998,ortholog_one2one,84.7524,ENSMMUG00000001608,ortholog_one2one,97.1329,protein_coding,protein_coding,protein_coding,FALSE,FALSE,FALSE,FALSE
Pld1,PLD1,Daneman,liver_and_lung,TRUE,FALSE,FALSE,1,ENSG00000075651,ENSMUSG00000027695,ortholog_one2one,91.1546,ENSMMUG00000023289,ortholog_one2one,97.9516,protein_coding,protein_coding,protein_coding,FALSE,FALSE,FALSE,FALSE
Pld2,PLD2,Daneman,liver_only,TRUE,FALSE,FALSE,1,ENSG00000129219,ENSMUSG00000020828,ortholog_one2one,90.0322,ENSMMUG00000005666,ortholog_one2one,97.2133,protein_coding,protein_coding,protein_coding,FALSE,FALSE,FALSE,FALSE
Pld3,PLD3,Daneman,lung_only,TRUE,FALSE,FALSE,1,ENSG00000105223,ENSMUSG00000003363,ortholog_one2one,93.2653,ENSMMUG00000006071,ortholog_one2one,98.5714,protein_coding,protein_coding,protein_coding,FALSE,FALSE,FALSE,FALSE
Plekha2,PLEKHA2,Daneman,liver_only,TRUE,FALSE,FALSE,1,ENSG00000169499,ENSMUSG00000031557,ortholog_one2one,88.7059,ENSMMUG00000003591,ortholog_one2one,98.1176,protein_coding,protein_coding,protein_coding,FALSE,FALSE,FALSE,FALSE
Plekhb2,PLEKHB2,Daneman,liver_only,TRUE,FALSE,FALSE,1,ENSG00000115762,ENSMUSG00000026123,ortholog_one2one,90.0901,ENSMMUG00000006158,ortholog_one2one,98.1982,protein_coding,protein_coding,protein_coding,FALSE,FALSE,FALSE,FALSE
Plekhg5,PLEKHG5,Munji,NA,TRUE,FALSE,FALSE,1,ENSG00000171680,ENSMUSG00000039713,ortholog_one2one,85.2883,ENSMMUG00000023678,ortholog_one2one,95.8251,protein_coding,protein_coding,protein_coding,FALSE,FALSE,FALSE,FALSE
Plekhh1,PLEKHH1,Daneman,lung_only,TRUE,FALSE,FALSE,1,ENSG00000054690,ENSMUSG00000060716,ortholog_one2one,83.4311,ENSMMUG00000021326,ortholog_one2one,96.7009,protein_coding,protein_coding,protein_coding,FALSE,FALSE,FALSE,FALSE
Plekhh2,PLEKHH2,Munji,NA,TRUE,FALSE,FALSE,1,ENSG00000152527,ENSMUSG00000040852,ortholog_one2one,85.8674,ENSMMUG00000008074,ortholog_one2one,98.3925,protein_coding,protein_coding,protein_coding,FALSE,FALSE,FALSE,FALSE
Plekhn1,PLEKHN1,Munji,NA,TRUE,FALSE,FALSE,1,ENSG00000187583,ENSMUSG00000078485,ortholog_one2one,66.6121,ENSMMUG00000015804,ortholog_one2one,91.9804,protein_coding,protein_coding,protein_coding,FALSE,FALSE,FALSE,FALSE
Pllp,PLLP,Daneman,liver_only,TRUE,FALSE,TRUE,2,ENSG00000102934,ENSMUSG00000031775,ortholog_one2one,90.1099,ENSMMUG00000008924,ortholog_one2one,67.033,protein_coding,protein_coding,protein_coding,FALSE,FALSE,FALSE,FALSE
Plp2,PLP2,Daneman,lung_only,TRUE,FALSE,TRUE,2,ENSG00000102007,ENSMUSG00000031146,ortholog_one2many,79.6053,ENSMMUG00000023022,ortholog_one2one,98.6842,protein_coding,protein_coding,protein_coding,FALSE,FALSE,FALSE,FALSE
Plp2,PLP2,Daneman,lung_only,TRUE,FALSE,TRUE,2,ENSG00000102007,ENSMUSG00000057762,ortholog_one2many,79.6053,ENSMMUG00000023022,ortholog_one2one,98.6842,protein_coding,protein_coding,protein_coding,FALSE,FALSE,FALSE,FALSE
Plscr1,PLSCR1,Daneman,liver_only,TRUE,TRUE,TRUE,3,ENSG00000188313,ENSMUSG00000032372,ortholog_one2many,66.6667,NA,NA,NA,protein_coding,protein_coding,NA,FALSE,FALSE,FALSE,FALSE
Plscr1,PLSCR1,Daneman,liver_only,TRUE,TRUE,TRUE,3,ENSG00000188313,ENSMUSG00000074139,ortholog_one2many,50,NA,NA,NA,protein_coding,protein_coding,NA,FALSE,FALSE,FALSE,FALSE
Plscr1,PLSCR1,Daneman,liver_only,TRUE,TRUE,TRUE,3,ENSG00000188313,ENSMUSG00000032369,ortholog_one2many,77.044,NA,NA,NA,protein_coding,protein_coding,NA,FALSE,FALSE,FALSE,FALSE
Plscr4,PLSCR4,Daneman,liver_only,TRUE,TRUE,TRUE,3,ENSG00000114698,ENSMUSG00000032377,ortholog_one2one,79.3313,ENSMMUG00000007976,ortholog_one2one,92.0973,protein_coding,protein_coding,protein_coding,FALSE,FALSE,FALSE,FALSE
Pltp,PLTP,Munji,NA,TRUE,FALSE,FALSE,1,ENSG00000100979,ENSMUSG00000017754,ortholog_one2one,81.9473,ENSMMUG00000009963,ortholog_one2one,98.3773,protein_coding,protein_coding,protein_coding,FALSE,FALSE,FALSE,FALSE
Plvap,PLVAP,Daneman,lung_only,TRUE,FALSE,FALSE,1,ENSG00000130300,ENSMUSG00000034845,ortholog_one2one,61.7647,ENSMMUG00000002413,ortholog_one2one,94.5701,protein_coding,protein_coding,protein_coding,FALSE,FALSE,FALSE,FALSE
Plxdc1,PLXDC1,Daneman,liver_and_lung,TRUE,FALSE,FALSE,1,ENSG00000161381,ENSMUSG00000017417,ortholog_one2one,81.4,ENSMMUG00000004917,ortholog_one2one,96.8,protein_coding,protein_coding,protein_coding,FALSE,FALSE,FALSE,FALSE
Plxdc2,PLXDC2,Daneman,liver_and_lung,TRUE,FALSE,TRUE,2,ENSG00000120594,ENSMUSG00000026748,ortholog_one2one,91.8715,ENSMMUG00000015370,ortholog_one2one,97.9206,protein_coding,protein_coding,protein_coding,FALSE,FALSE,FALSE,FALSE
Plxna2,PLXNA2,Daneman,liver_only,TRUE,FALSE,TRUE,2,ENSG00000076356,ENSMUSG00000026640,ortholog_one2one,96.5681,ENSMMUG00000004563,ortholog_one2one,99.5776,protein_coding,protein_coding,protein_coding,FALSE,FALSE,FALSE,FALSE
Plxnb1,PLXNB1,Daneman,liver_and_lung,TRUE,FALSE,FALSE,1,ENSG00000164050,ENSMUSG00000053646,ortholog_one2one,86.6979,ENSMMUG00000003074,ortholog_one2one,97.3302,protein_coding,protein_coding,protein_coding,FALSE,FALSE,FALSE,FALSE
Plxnb2,PLXNB2,Daneman,liver_and_lung,TRUE,FALSE,FALSE,1,ENSG00000196576,ENSMUSG00000036606,ortholog_one2one,87.5952,ENSMMUG00000008331,ortholog_one2one,97.1708,protein_coding,protein_coding,protein_coding,FALSE,FALSE,FALSE,FALSE
Plxnd1,PLXND1,Daneman,lung_only,TRUE,FALSE,TRUE,2,ENSG00000004399,ENSMUSG00000030123,ortholog_one2one,91.4286,ENSMMUG00000012737,ortholog_one2one,98.4416,protein_coding,protein_coding,protein_coding,FALSE,FALSE,FALSE,FALSE
Pmepa1,PMEPA1,Munji,NA,TRUE,FALSE,TRUE,2,ENSG00000124225,ENSMUSG00000038400,ortholog_one2one,87.108,ENSMMUG00000022589,ortholog_one2one,99.3031,protein_coding,protein_coding,protein_coding,FALSE,FALSE,FALSE,FALSE
Pml,PML,Daneman,liver_only,TRUE,FALSE,FALSE,1,ENSG00000140464,ENSMUSG00000036986,ortholog_one2one,67.3469,ENSMMUG00000002569,ortholog_one2one,95.1247,protein_coding,protein_coding,protein_coding,FALSE,FALSE,FALSE,FALSE
Pnpla6,PNPLA6,Munji,NA,TRUE,FALSE,FALSE,1,ENSG00000032444,ENSMUSG00000004565,ortholog_one2one,92.8205,ENSMMUG00000011392,ortholog_one2one,96.044,protein_coding,protein_coding,protein_coding,FALSE,FALSE,FALSE,FALSE
Pole4,POLE4,Daneman,liver_only,TRUE,FALSE,FALSE,1,ENSG00000115350,ENSMUSG00000030042,ortholog_one2one,93.1624,ENSMMUG00000001845,ortholog_one2one,99.1453,protein_coding,protein_coding,protein_coding,FALSE,FALSE,FALSE,FALSE
Polg2,POLG2,Daneman,liver_only,TRUE,FALSE,FALSE,1,ENSG00000256525,ENSMUSG00000020718,ortholog_one2one,72.7835,ENSMMUG00000009464,ortholog_one2one,96.9072,protein_coding,protein_coding,protein_coding,FALSE,FALSE,FALSE,FALSE
Polk,POLK,Both,liver_only,TRUE,FALSE,FALSE,1,ENSG00000122008,ENSMUSG00000021668,ortholog_one2one,75.8621,ENSMMUG00000006144,ortholog_one2one,94.7126,protein_coding,protein_coding,protein_coding,FALSE,FALSE,FALSE,FALSE
Pomc,POMC,Munji,NA,TRUE,FALSE,FALSE,1,ENSG00000115138,ENSMUSG00000020660,ortholog_one2one,70.0375,ENSMMUG00000055135,ortholog_one2one,76.779,protein_coding,protein_coding,protein_coding,FALSE,FALSE,FALSE,FALSE
Porcn,PORCN,Munji,NA,TRUE,FALSE,FALSE,1,ENSG00000102312,ENSMUSG00000031169,ortholog_one2one,97.18,ENSMMUG00000018895,ortholog_one2one,99.3492,protein_coding,protein_coding,protein_coding,FALSE,FALSE,FALSE,FALSE
Ppapdc2,PPAPDC2,Munji,NA,FALSE,FALSE,FALSE,0,NA,NA,NA,NA,NA,NA,NA,NA,NA,NA,FALSE,FALSE,FALSE,FALSE
Ppard,PPARD,Munji,NA,TRUE,FALSE,TRUE,2,ENSG00000112033,ENSMUSG00000002250,ortholog_one2one,92.2903,ENSMMUG00000015904,ortholog_one2one,99.5465,protein_coding,protein_coding,protein_coding,FALSE,FALSE,FALSE,FALSE
Ppic,PPIC,Daneman,lung_only,TRUE,FALSE,FALSE,1,ENSG00000168938,ENSMUSG00000024538,ortholog_one2one,90.566,ENSMMUG00000010651,ortholog_one2one,96.6981,protein_coding,protein_coding,protein_coding,FALSE,FALSE,FALSE,FALSE
Ppm1a,PPM1A,Daneman,liver_only,TRUE,FALSE,FALSE,1,ENSG00000100614,ENSMUSG00000021096,ortholog_one2one,98.1675,ENSMMUG00000010464,ortholog_one2one,100,protein_coding,protein_coding,protein_coding,FALSE,FALSE,FALSE,FALSE
Ppm1h,PPM1H,Munji,NA,TRUE,FALSE,TRUE,2,ENSG00000111110,ENSMUSG00000034613,ortholog_one2one,96.3035,ENSMMUG00000011952,ortholog_one2one,85.9922,protein_coding,protein_coding,protein_coding,FALSE,FALSE,FALSE,FALSE
Ppp1r14a,PPP1R14A,Daneman,liver_and_lung,TRUE,FALSE,TRUE,2,ENSG00000167641,ENSMUSG00000037166,ortholog_one2one,85.034,ENSMMUG00000028772,ortholog_one2one,99.3197,protein_coding,protein_coding,protein_coding,FALSE,FALSE,FALSE,FALSE
Ppp1r14b,PPP1R14B,Daneman,lung_only,TRUE,FALSE,FALSE,1,ENSG00000173457,ENSMUSG00000073730,ortholog_one2one,74.8299,ENSMMUG00000004924,ortholog_one2many,97.2789,protein_coding,protein_coding,protein_coding,FALSE,FALSE,FALSE,FALSE
Ppp1r14b,PPP1R14B,Daneman,lung_only,TRUE,FALSE,FALSE,1,ENSG00000173457,ENSMUSG00000073730,ortholog_one2one,74.8299,ENSMMUG00000037977,ortholog_one2many,100,protein_coding,protein_coding,protein_coding,FALSE,FALSE,FALSE,FALSE
Ppp1r2,PPP1R2,Daneman,liver_only,TRUE,FALSE,FALSE,1,ENSG00000184203,ENSMUSG00000047714,ortholog_many2many,84.3902,ENSMMUG00000019396,ortholog_one2many,98.5366,protein_coding,protein_coding,protein_coding,FALSE,FALSE,FALSE,FALSE
Ppp1r2,PPP1R2,Daneman,liver_only,TRUE,FALSE,FALSE,1,ENSG00000184203,ENSMUSG00000121976,ortholog_many2many,82.439,ENSMMUG00000019396,ortholog_one2many,98.5366,protein_coding,protein_coding,protein_coding,FALSE,FALSE,FALSE,FALSE
Ppp1r2,PPP1R2,Daneman,liver_only,TRUE,FALSE,FALSE,1,ENSG00000184203,ENSMUSG00000094843,ortholog_many2many,81.9512,ENSMMUG00000019396,ortholog_one2many,98.5366,protein_coding,protein_coding,protein_coding,FALSE,FALSE,FALSE,FALSE
Ppp1r2,PPP1R2,Daneman,liver_only,TRUE,FALSE,FALSE,1,ENSG00000184203,ENSMUSG00000095869,ortholog_many2many,81.9512,ENSMMUG00000019396,ortholog_one2many,98.5366,protein_coding,protein_coding,protein_coding,FALSE,FALSE,FALSE,FALSE
Ppp1r35,PPP1R35,Munji,NA,TRUE,FALSE,FALSE,1,ENSG00000160813,ENSMUSG00000029725,ortholog_one2one,71.9368,ENSMMUG00000012728,ortholog_one2one,91.3043,protein_coding,protein_coding,protein_coding,FALSE,FALSE,FALSE,FALSE
Ppp1r7,PPP1R7,Daneman,liver_only,TRUE,FALSE,FALSE,1,ENSG00000115685,NA,NA,NA,NA,NA,NA,protein_coding,NA,NA,FALSE,FALSE,FALSE,FALSE
Ppp1r8,PPP1R8,Munji,NA,TRUE,FALSE,FALSE,1,ENSG00000117751,ENSMUSG00000028882,ortholog_one2one,98.0057,ENSMMUG00000012252,ortholog_one2one,96.0114,protein_coding,protein_coding,protein_coding,FALSE,FALSE,FALSE,FALSE
Ppp1r9a,PPP1R9A,Daneman,lung_only,TRUE,FALSE,FALSE,1,ENSG00000158528,ENSMUSG00000032827,ortholog_one2one,81.6594,ENSMMUG00000008008,ortholog_one2one,98.1077,protein_coding,protein_coding,protein_coding,FALSE,FALSE,FALSE,FALSE
Ppp2cb,PPP2CB,Daneman,lung_only,TRUE,FALSE,FALSE,1,ENSG00000104695,ENSMUSG00000009630,ortholog_one2one,100,ENSMMUG00000020819,ortholog_one2one,100,protein_coding,protein_coding,protein_coding,FALSE,FALSE,FALSE,FALSE
Ppp3cc,PPP3CC,Both,liver_only,TRUE,FALSE,FALSE,1,ENSG00000120910,ENSMUSG00000022092,ortholog_one2one,86.7188,ENSMMUG00000014442,ortholog_one2one,98.6328,protein_coding,protein_coding,protein_coding,FALSE,FALSE,FALSE,FALSE
Ppp5c,PPP5C,Daneman,lung_only,TRUE,FALSE,FALSE,1,ENSG00000011485,ENSMUSG00000003099,ortholog_one2one,97.7956,ENSMMUG00000000217,ortholog_one2one,96.3928,protein_coding,protein_coding,protein_coding,FALSE,FALSE,FALSE,FALSE
Prcp,PRCP,Daneman,lung_only,TRUE,FALSE,FALSE,1,ENSG00000137509,ENSMUSG00000061119,ortholog_one2one,77.0161,ENSMMUG00000007838,ortholog_one2one,97.7823,protein_coding,protein_coding,protein_coding,FALSE,FALSE,FALSE,FALSE
Prdm1,PRDM1,Daneman,lung_only,TRUE,FALSE,FALSE,1,ENSG00000057657,ENSMUSG00000038151,ortholog_one2one,87.3939,ENSMMUG00000021401,ortholog_one2one,98.4242,protein_coding,protein_coding,protein_coding,FALSE,FALSE,FALSE,FALSE
Prdm16,PRDM16,Daneman,liver_only,TRUE,FALSE,FALSE,1,ENSG00000142611,ENSMUSG00000039410,ortholog_one2one,88.3229,ENSMMUG00000009350,ortholog_one2one,98.0407,protein_coding,protein_coding,protein_coding,FALSE,FALSE,FALSE,FALSE
Prdm9,PRDM9,Munji,NA,FALSE,FALSE,FALSE,0,ENSG00000292167,NA,NA,NA,NA,NA,NA,protein_coding,NA,NA,FALSE,FALSE,FALSE,FALSE
Prdx2,PRDX2,Daneman,lung_only,TRUE,FALSE,FALSE,1,ENSG00000167815,ENSMUSG00000005161,ortholog_one2one,92.4242,ENSMMUG00000061536,ortholog_one2many,94.4444,protein_coding,protein_coding,protein_coding,FALSE,FALSE,FALSE,FALSE
Prdx2,PRDX2,Daneman,lung_only,TRUE,FALSE,FALSE,1,ENSG00000167815,ENSMUSG00000005161,ortholog_one2one,92.4242,ENSMMUG00000005689,ortholog_one2many,100,protein_coding,protein_coding,protein_coding,FALSE,FALSE,FALSE,FALSE
Prdx3,PRDX3,Daneman,liver_and_lung,TRUE,FALSE,FALSE,1,ENSG00000165672,ENSMUSG00000024997,ortholog_one2one,86.3281,ENSMMUG00000008294,ortholog_one2one,97.6562,protein_coding,protein_coding,protein_coding,FALSE,FALSE,FALSE,FALSE
Prdx4,PRDX4,Daneman,lung_only,TRUE,FALSE,FALSE,1,ENSG00000123131,ENSMUSG00000025289,ortholog_one2one,89.6679,ENSMMUG00000021366,ortholog_one2one,85.2399,protein_coding,protein_coding,protein_coding,FALSE,FALSE,FALSE,FALSE
Prdx5,PRDX5,Daneman,lung_only,TRUE,FALSE,FALSE,1,ENSG00000126432,ENSMUSG00000024953,ortholog_one2one,76.1682,ENSMMUG00000013397,ortholog_one2one,95.3271,protein_coding,protein_coding,protein_coding,FALSE,FALSE,FALSE,FALSE
Prdx6,PRDX6,Daneman,lung_only,TRUE,FALSE,FALSE,1,ENSG00000117592,ENSMUSG00000026701,ortholog_one2many,89.7321,ENSMMUG00000008776,ortholog_one2one,98.6607,protein_coding,protein_coding,protein_coding,FALSE,FALSE,FALSE,FALSE
Prdx6,PRDX6,Daneman,lung_only,TRUE,FALSE,FALSE,1,ENSG00000117592,ENSMUSG00000050114,ortholog_one2many,79.4643,ENSMMUG00000008776,ortholog_one2one,98.6607,protein_coding,protein_coding,protein_coding,FALSE,FALSE,FALSE,FALSE
Prelp,PRELP,Daneman,liver_and_lung,TRUE,FALSE,TRUE,2,ENSG00000188783,ENSMUSG00000041577,ortholog_one2one,89.7906,ENSMMUG00000021641,ortholog_one2one,98.4293,protein_coding,protein_coding,protein_coding,FALSE,FALSE,FALSE,FALSE
Prep,PREP,Daneman,lung_only,TRUE,FALSE,FALSE,1,ENSG00000085377,ENSMUSG00000019849,ortholog_one2one,95.7747,ENSMMUG00000013483,ortholog_one2one,98.8732,protein_coding,protein_coding,protein_coding,FALSE,FALSE,FALSE,FALSE
Prickle1,PRICKLE1,Daneman,liver_only,TRUE,FALSE,FALSE,1,ENSG00000139174,ENSMUSG00000036158,ortholog_one2one,93.2611,ENSMMUG00000021733,ortholog_one2one,99.5187,protein_coding,protein_coding,protein_coding,FALSE,FALSE,FALSE,FALSE
Prickle2,PRICKLE2,Daneman,liver_and_lung,TRUE,FALSE,TRUE,2,ENSG00000163637,ENSMUSG00000030020,ortholog_one2one,95.2607,ENSMMUG00000001513,ortholog_one2one,99.763,protein_coding,protein_coding,protein_coding,FALSE,FALSE,FALSE,FALSE
Prkar1b,PRKAR1B,Daneman,liver_and_lung,TRUE,FALSE,FALSE,1,ENSG00000188191,ENSMUSG00000025855,ortholog_one2one,94.7507,ENSMMUG00000053014,ortholog_one2one,74.8031,protein_coding,protein_coding,protein_coding,FALSE,FALSE,FALSE,FALSE
Prkch,PRKCH,Daneman,liver_only,TRUE,FALSE,TRUE,2,ENSG00000027075,ENSMUSG00000021108,ortholog_one2one,97.6574,ENSMMUG00000002260,ortholog_one2one,99.4143,protein_coding,protein_coding,protein_coding,FALSE,FALSE,FALSE,FALSE
Prnd,PRND,Daneman,lung_only,TRUE,FALSE,FALSE,1,ENSG00000171864,ENSMUSG00000027338,ortholog_one2one,73.8636,ENSMMUG00000061435,ortholog_one2one,91.4773,protein_coding,protein_coding,protein_coding,FALSE,FALSE,FALSE,FALSE
Prnp,PRNP,Daneman,lung_only,TRUE,FALSE,FALSE,1,ENSG00000171867,ENSMUSG00000079037,ortholog_one2one,89.7233,ENSMMUG00000062847,ortholog_one2one,96.4427,protein_coding,protein_coding,protein_coding,FALSE,FALSE,FALSE,FALSE
Prom1,PROM1,Both,liver_only,TRUE,FALSE,FALSE,1,ENSG00000007062,ENSMUSG00000029086,ortholog_one2one,60.9249,ENSMMUG00000008164,ortholog_one2one,94.9133,protein_coding,protein_coding,protein_coding,FALSE,FALSE,FALSE,FALSE
Prpf39,PRPF39,Daneman,liver_only,TRUE,FALSE,FALSE,1,ENSG00000185246,ENSMUSG00000035597,ortholog_one2one,94.0209,ENSMMUG00000010862,ortholog_one2one,99.701,protein_coding,protein_coding,protein_coding,FALSE,FALSE,FALSE,FALSE
Prpf4b,PRPF4B,Daneman,liver_only,TRUE,FALSE,FALSE,1,NA,NA,NA,NA,NA,NA,NA,NA,NA,NA,FALSE,FALSE,FALSE,FALSE
Prr12,PRR12,Munji,NA,TRUE,FALSE,FALSE,1,ENSG00000126464,ENSMUSG00000046574,ortholog_one2one,93.1729,ENSMMUG00000012937,ortholog_one2one,99.5088,protein_coding,protein_coding,protein_coding,FALSE,FALSE,FALSE,FALSE
Prss23,PRSS23,Daneman,liver_only,TRUE,FALSE,TRUE,2,ENSG00000150687,ENSMUSG00000039405,ortholog_one2one,90.6005,ENSMMUG00000003717,ortholog_one2one,98.6945,protein_coding,protein_coding,protein_coding,FALSE,FALSE,FALSE,FALSE
Prune,PRUNE,Munji,NA,FALSE,FALSE,FALSE,0,NA,NA,NA,NA,NA,NA,NA,NA,NA,NA,FALSE,FALSE,FALSE,FALSE
Psat1,PSAT1,Daneman,lung_only,TRUE,FALSE,FALSE,1,ENSG00000135069,ENSMUSG00000024640,ortholog_one2one,92.4324,NA,NA,NA,protein_coding,protein_coding,NA,FALSE,FALSE,FALSE,FALSE
Psip1,PSIP1,Daneman,lung_only,TRUE,FALSE,FALSE,1,ENSG00000164985,ENSMUSG00000028484,ortholog_one2one,92.2642,ENSMMUG00000002224,ortholog_one2one,96.4151,protein_coding,protein_coding,protein_coding,FALSE,FALSE,FALSE,FALSE
Psma5,PSMA5,Daneman,lung_only,TRUE,FALSE,FALSE,1,ENSG00000143106,ENSMUSG00000068749,ortholog_one2one,100,ENSMMUG00000051186,ortholog_one2one,100,protein_coding,protein_coding,protein_coding,FALSE,FALSE,FALSE,FALSE
Psmb10,PSMB10,Daneman,liver_only,TRUE,FALSE,FALSE,1,ENSG00000205220,ENSMUSG00000031897,ortholog_one2one,88.6447,ENSMMUG00000064535,ortholog_one2one,95.9707,protein_coding,protein_coding,protein_coding,FALSE,FALSE,FALSE,FALSE
Psmb2,PSMB2,Daneman,lung_only,TRUE,FALSE,FALSE,1,ENSG00000126067,ENSMUSG00000028837,ortholog_one2one,96.5174,ENSMMUG00000013090,ortholog_one2one,100,protein_coding,protein_coding,protein_coding,FALSE,FALSE,FALSE,FALSE
Psmb4,PSMB4,Daneman,lung_only,TRUE,FALSE,FALSE,1,ENSG00000159377,ENSMUSG00000005779,ortholog_one2one,93.5606,ENSMMUG00000020924,ortholog_one2one,99.2424,protein_coding,protein_coding,protein_coding,FALSE,FALSE,FALSE,FALSE
Psmc4,PSMC4,Daneman,lung_only,TRUE,FALSE,FALSE,1,ENSG00000281221,NA,NA,NA,NA,NA,NA,protein_coding,NA,NA,FALSE,FALSE,FALSE,FALSE
Psmc5,PSMC5,Daneman,lung_only,TRUE,FALSE,FALSE,1,ENSG00000087191,ENSMUSG00000020708,ortholog_one2one,100,ENSMMUG00000016769,ortholog_one2one,100,protein_coding,protein_coding,protein_coding,FALSE,FALSE,FALSE,FALSE
Psmd13,PSMD13,Daneman,lung_only,TRUE,FALSE,FALSE,1,ENSG00000185627,ENSMUSG00000025487,ortholog_one2one,96.5426,ENSMMUG00000011511,ortholog_one2one,90.4255,protein_coding,protein_coding,protein_coding,FALSE,FALSE,FALSE,FALSE
Psmd8,PSMD8,Daneman,lung_only,TRUE,FALSE,FALSE,1,ENSG00000099341,ENSMUSG00000030591,ortholog_one2one,90.2857,ENSMMUG00000038221,ortholog_one2one,78,protein_coding,protein_coding,protein_coding,FALSE,FALSE,FALSE,FALSE
Ptdss2,PTDSS2,Daneman,lung_only,TRUE,FALSE,FALSE,1,ENSG00000282367,NA,NA,NA,NA,NA,NA,protein_coding,NA,NA,FALSE,FALSE,FALSE,FALSE
Pten,PTEN,Daneman,liver_and_lung,TRUE,FALSE,FALSE,1,ENSG00000284792,NA,NA,NA,NA,NA,NA,protein_coding,NA,NA,FALSE,FALSE,FALSE,FALSE
Ptgds,PTGDS,Munji,NA,TRUE,FALSE,TRUE,2,ENSG00000107317,ENSMUSG00000015090,ortholog_one2one,72.1053,ENSMMUG00000052688,ortholog_one2one,94.2105,protein_coding,protein_coding,protein_coding,FALSE,FALSE,FALSE,FALSE
Ptger4,PTGER4,Daneman,liver_only,TRUE,FALSE,FALSE,1,ENSG00000171522,ENSMUSG00000039942,ortholog_one2one,88.3197,ENSMMUG00000016167,ortholog_one2one,98.1557,protein_coding,protein_coding,protein_coding,FALSE,FALSE,FALSE,FALSE
Ptgfrn,PTGFRN,Daneman,lung_only,TRUE,FALSE,FALSE,1,ENSG00000134247,ENSMUSG00000027864,ortholog_one2one,89.9886,ENSMMUG00000016900,ortholog_one2one,98.7486,protein_coding,protein_coding,protein_coding,FALSE,FALSE,FALSE,FALSE
Ptgis,PTGIS,Daneman,lung_only,TRUE,FALSE,FALSE,1,ENSG00000124212,ENSMUSG00000017969,ortholog_one2one,86,ENSMMUG00000021692,ortholog_one2one,97.2,protein_coding,protein_coding,protein_coding,FALSE,FALSE,FALSE,FALSE
Ptn,PTN,Both,liver_only,TRUE,FALSE,TRUE,2,ENSG00000105894,ENSMUSG00000029838,ortholog_one2one,97.619,ENSMMUG00000011836,ortholog_one2one,99.4048,protein_coding,protein_coding,protein_coding,FALSE,FALSE,FALSE,FALSE
Ptov1,PTOV1,Daneman,lung_only,TRUE,FALSE,FALSE,1,ENSG00000104960,ENSMUSG00000038502,ortholog_one2one,96.6346,ENSMMUG00000011618,ortholog_one2one,99.0385,protein_coding,protein_coding,protein_coding,FALSE,FALSE,FALSE,FALSE
Ptp4a3,PTP4A3,Daneman,lung_only,TRUE,FALSE,FALSE,1,ENSG00000291470,NA,NA,NA,NA,NA,NA,protein_coding,NA,NA,FALSE,FALSE,FALSE,FALSE
Ptpla,PTPLA,Daneman,lung_only,FALSE,FALSE,FALSE,0,NA,NA,NA,NA,NA,NA,NA,NA,NA,NA,FALSE,FALSE,FALSE,FALSE
Ptpn9,PTPN9,Daneman,liver_and_lung,TRUE,FALSE,FALSE,1,ENSG00000169410,ENSMUSG00000032290,ortholog_one2one,97.3019,ENSMMUG00000003783,ortholog_one2one,99.4941,protein_coding,protein_coding,protein_coding,FALSE,FALSE,FALSE,FALSE
Ptpre,PTPRE,Daneman,lung_only,TRUE,FALSE,FALSE,1,ENSG00000132334,ENSMUSG00000041836,ortholog_one2one,86,ENSMMUG00000005383,ortholog_one2one,98.7143,protein_coding,protein_coding,protein_coding,FALSE,FALSE,FALSE,FALSE
Ptprf,PTPRF,Daneman,lung_only,TRUE,FALSE,FALSE,1,ENSG00000142949,ENSMUSG00000033295,ortholog_one2one,95.3854,ENSMMUG00000012477,ortholog_one2one,98.8988,protein_coding,protein_coding,protein_coding,FALSE,FALSE,FALSE,FALSE
Ptprk,PTPRK,Daneman,lung_only,TRUE,FALSE,FALSE,1,ENSG00000273993,NA,NA,NA,NA,NA,NA,protein_coding,NA,NA,FALSE,FALSE,FALSE,FALSE
Ptprr,PTPRR,Daneman,liver_only,TRUE,FALSE,TRUE,2,ENSG00000153233,ENSMUSG00000020151,ortholog_one2one,89.1933,ENSMMUG00000011075,ortholog_one2one,98.3257,protein_coding,protein_coding,protein_coding,FALSE,FALSE,FALSE,FALSE
Pttg1,PTTG1,Daneman,lung_only,TRUE,FALSE,FALSE,1,ENSG00000164611,ENSMUSG00000020415,ortholog_one2many,71.7822,ENSMMUG00000023077,ortholog_one2one,98.5149,protein_coding,protein_coding,protein_coding,FALSE,FALSE,FALSE,FALSE
Pura,PURA,Daneman,liver_only,TRUE,FALSE,FALSE,1,ENSG00000185129,ENSMUSG00000043991,ortholog_one2one,99.3789,ENSMMUG00000010305,ortholog_one2one,100,protein_coding,protein_coding,protein_coding,FALSE,FALSE,FALSE,FALSE
Pvrl2,PVRL2,Daneman,lung_only,FALSE,FALSE,FALSE,0,NA,NA,NA,NA,NA,NA,NA,NA,NA,NA,FALSE,FALSE,FALSE,FALSE
Pygb,PYGB,Daneman,lung_only,TRUE,FALSE,FALSE,1,ENSG00000100994,ENSMUSG00000033059,ortholog_one2one,95.6109,ENSMMUG00000009199,ortholog_one2one,93.5943,protein_coding,protein_coding,protein_coding,FALSE,FALSE,FALSE,FALSE
Rab11fip1,RAB11FIP1,Munji,NA,TRUE,FALSE,FALSE,1,ENSG00000156675,ENSMUSG00000031488,ortholog_one2one,61.5744,ENSMMUG00000063888,ortholog_one2one,93.4528,protein_coding,protein_coding,protein_coding,FALSE,FALSE,FALSE,FALSE
Rab11fip5,RAB11FIP5,Daneman,liver_only,TRUE,FALSE,FALSE,1,ENSG00000135631,ENSMUSG00000051343,ortholog_one2one,74.1692,ENSMMUG00000002301,ortholog_one2one,88.6707,protein_coding,protein_coding,protein_coding,FALSE,FALSE,FALSE,FALSE
Rab12,RAB12,Daneman,lung_only,TRUE,FALSE,FALSE,1,ENSG00000206418,ENSMUSG00000023460,ortholog_one2one,79.4118,ENSMMUG00000062113,ortholog_one2one,96.4706,protein_coding,protein_coding,protein_coding,FALSE,FALSE,FALSE,FALSE
Rab13,RAB13,Daneman,lung_only,TRUE,FALSE,FALSE,1,ENSG00000143545,ENSMUSG00000027935,ortholog_one2one,91.6256,ENSMMUG00000017586,ortholog_one2one,90.6404,protein_coding,protein_coding,protein_coding,FALSE,FALSE,FALSE,FALSE
Rab24,RAB24,Daneman,lung_only,TRUE,FALSE,FALSE,1,ENSG00000169228,ENSMUSG00000034789,ortholog_one2one,98.5222,ENSMMUG00000009045,ortholog_one2one,100,protein_coding,protein_coding,protein_coding,FALSE,FALSE,FALSE,FALSE
Rab3il1,RAB3IL1,Daneman,lung_only,TRUE,FALSE,FALSE,1,ENSG00000167994,ENSMUSG00000024663,ortholog_one2one,85.6021,ENSMMUG00000015148,ortholog_one2one,91.0995,protein_coding,protein_coding,protein_coding,FALSE,FALSE,FALSE,FALSE
Rad1,RAD1,Munji,NA,TRUE,FALSE,FALSE,1,ENSG00000113456,ENSMUSG00000022248,ortholog_one2one,90.0709,ENSMMUG00000045918,ortholog_one2one,100,protein_coding,protein_coding,protein_coding,FALSE,FALSE,FALSE,FALSE
Rad51ap1,RAD51AP1,Daneman,lung_only,TRUE,FALSE,FALSE,1,ENSG00000111247,ENSMUSG00000030346,ortholog_one2one,63.2836,ENSMMUG00000015189,ortholog_one2one,94.9254,protein_coding,protein_coding,protein_coding,FALSE,FALSE,FALSE,FALSE
Rad54b,RAD54B,Both,liver_only,TRUE,FALSE,FALSE,1,ENSG00000197275,ENSMUSG00000078773,ortholog_one2one,77.6923,ENSMMUG00000005659,ortholog_one2one,97.4725,protein_coding,protein_coding,protein_coding,FALSE,FALSE,FALSE,FALSE
Ralb,RALB,Daneman,lung_only,TRUE,FALSE,FALSE,1,ENSG00000144118,ENSMUSG00000004451,ortholog_one2one,95.1456,ENSMMUG00000046774,ortholog_one2one,99.5146,protein_coding,protein_coding,protein_coding,FALSE,FALSE,FALSE,FALSE
Ralgds,RALGDS,Daneman,lung_only,TRUE,FALSE,FALSE,1,ENSG00000160271,ENSMUSG00000026821,ortholog_one2one,86.6521,ENSMMUG00000015274,ortholog_one2one,90.7002,protein_coding,protein_coding,protein_coding,FALSE,FALSE,FALSE,FALSE
Ralgps2,RALGPS2,Daneman,lung_only,TRUE,FALSE,FALSE,1,ENSG00000116191,ENSMUSG00000026594,ortholog_one2one,91.2521,ENSMMUG00000017551,ortholog_one2one,99.6569,protein_coding,protein_coding,protein_coding,FALSE,FALSE,FALSE,FALSE
Ranbp1,RANBP1,Daneman,lung_only,TRUE,FALSE,FALSE,1,ENSG00000099901,ENSMUSG00000005732,ortholog_one2one,66.5468,ENSMMUG00000020100,ortholog_one2one,100,protein_coding,protein_coding,protein_coding,FALSE,FALSE,FALSE,FALSE
Rap2c,RAP2C,Daneman,lung_only,TRUE,FALSE,FALSE,1,ENSG00000123728,ENSMUSG00000050029,ortholog_one2one,100,ENSMMUG00000048745,ortholog_one2one,100,protein_coding,protein_coding,protein_coding,FALSE,FALSE,FALSE,FALSE
Rapgef3,RAPGEF3,Daneman,liver_only,TRUE,FALSE,FALSE,1,ENSG00000079337,ENSMUSG00000022469,ortholog_one2one,90.6826,ENSMMUG00000000477,ortholog_one2one,98.1582,protein_coding,protein_coding,protein_coding,FALSE,FALSE,FALSE,FALSE
Raph1,RAPH1,Daneman,liver_and_lung,TRUE,FALSE,FALSE,1,ENSG00000173166,ENSMUSG00000026014,ortholog_one2one,91.84,ENSMMUG00000000314,ortholog_one2one,98.64,protein_coding,protein_coding,protein_coding,FALSE,FALSE,FALSE,FALSE
Rarres2,RARRES2,Daneman,liver_and_lung,TRUE,FALSE,TRUE,2,ENSG00000106538,ENSMUSG00000009281,ortholog_one2one,63.1902,ENSMMUG00000005232,ortholog_one2one,95.092,protein_coding,protein_coding,protein_coding,FALSE,FALSE,FALSE,FALSE
Rasgrp4,RASGRP4,Munji,NA,FALSE,FALSE,FALSE,0,ENSG00000171777,ENSMUSG00000030589,ortholog_one2one,85.7355,ENSMMUG00000020469,ortholog_one2one,97.0282,protein_coding,protein_coding,protein_coding,FALSE,FALSE,FALSE,FALSE
Rassf4,RASSF4,Daneman,liver_only,TRUE,FALSE,FALSE,1,ENSG00000107551,ENSMUSG00000042129,ortholog_one2one,84.7352,ENSMMUG00000017489,ortholog_one2one,97.1963,protein_coding,protein_coding,protein_coding,FALSE,FALSE,FALSE,FALSE
Rassf8,RASSF8,Munji,NA,TRUE,FALSE,TRUE,2,ENSG00000123094,ENSMUSG00000030259,ortholog_one2one,91.6468,ENSMMUG00000018385,ortholog_one2one,100,protein_coding,protein_coding,protein_coding,FALSE,FALSE,FALSE,FALSE
Rb1,RB1,Daneman,liver_only,TRUE,FALSE,FALSE,1,ENSG00000139687,ENSMUSG00000022105,ortholog_one2one,90.5172,ENSMMUG00000007891,ortholog_one2one,99.3534,protein_coding,protein_coding,protein_coding,FALSE,FALSE,FALSE,FALSE
Rbm20,RBM20,Munji,NA,TRUE,FALSE,FALSE,1,ENSG00000203867,ENSMUSG00000043639,ortholog_one2one,77.3431,ENSMMUG00000019883,ortholog_one2one,94.5395,protein_coding,protein_coding,protein_coding,FALSE,FALSE,FALSE,FALSE
Rbp1,RBP1,Daneman,lung_only,TRUE,FALSE,FALSE,1,ENSG00000114115,ENSMUSG00000046402,ortholog_one2one,65.9898,NA,NA,NA,protein_coding,protein_coding,NA,FALSE,FALSE,FALSE,FALSE
Rcan2,RCAN2,Munji,NA,TRUE,FALSE,TRUE,2,ENSG00000172348,ENSMUSG00000039601,ortholog_one2one,70.7819,ENSMMUG00000019246,ortholog_one2one,99.177,protein_coding,protein_coding,protein_coding,FALSE,FALSE,FALSE,FALSE
Rcc2,RCC2,Daneman,lung_only,TRUE,FALSE,FALSE,1,ENSG00000281540,NA,NA,NA,NA,NA,NA,protein_coding,NA,NA,FALSE,FALSE,FALSE,FALSE
Rcn1,RCN1,Daneman,lung_only,TRUE,FALSE,FALSE,1,ENSG00000049449,ENSMUSG00000005973,ortholog_one2one,94.2598,NA,NA,NA,protein_coding,protein_coding,NA,FALSE,FALSE,FALSE,FALSE
Rcn3,RCN3,Daneman,lung_only,TRUE,FALSE,FALSE,1,ENSG00000142552,ENSMUSG00000019539,ortholog_one2one,92.6829,ENSMMUG00000051545,ortholog_one2many,98.4756,protein_coding,protein_coding,protein_coding,FALSE,FALSE,FALSE,FALSE
Rcn3,RCN3,Daneman,lung_only,TRUE,FALSE,FALSE,1,ENSG00000142552,ENSMUSG00000019539,ortholog_one2one,92.6829,ENSMMUG00000009787,ortholog_one2many,98.1707,protein_coding,protein_coding,protein_coding,FALSE,FALSE,FALSE,FALSE
Rdx,RDX,Daneman,liver_only,TRUE,FALSE,FALSE,1,ENSG00000137710,ENSMUSG00000032050,ortholog_one2one,98.4563,ENSMMUG00000002241,ortholog_one2one,99.8285,protein_coding,protein_coding,protein_coding,FALSE,FALSE,FALSE,FALSE
Reck,RECK,Both,liver_only,TRUE,FALSE,FALSE,1,ENSG00000122707,ENSMUSG00000028476,ortholog_one2one,93.5118,ENSMMUG00000022613,ortholog_one2one,95.8805,protein_coding,protein_coding,protein_coding,FALSE,FALSE,FALSE,FALSE
Relb,RELB,Daneman,lung_only,TRUE,FALSE,FALSE,1,ENSG00000104856,ENSMUSG00000002983,ortholog_one2one,86.5285,ENSMMUG00000014153,ortholog_one2one,97.4093,protein_coding,protein_coding,protein_coding,FALSE,FALSE,FALSE,FALSE
Rep15,REP15,Munji,NA,TRUE,FALSE,FALSE,1,ENSG00000174236,ENSMUSG00000040121,ortholog_one2one,72.8814,ENSMMUG00000053271,ortholog_one2one,94.9153,protein_coding,protein_coding,protein_coding,FALSE,FALSE,FALSE,FALSE
Ret,RET,Munji,NA,FALSE,FALSE,FALSE,0,ENSG00000165731,ENSMUSG00000030110,ortholog_one2one,83.3034,ENSMMUG00000015400,ortholog_one2one,97.9354,protein_coding,protein_coding,protein_coding,FALSE,FALSE,FALSE,FALSE
Rfk,RFK,Daneman,liver_only,TRUE,FALSE,FALSE,1,ENSG00000135002,ENSMUSG00000024712,ortholog_one2one,93.5484,ENSMMUG00000057759,ortholog_one2one,98.0645,protein_coding,protein_coding,protein_coding,FALSE,FALSE,FALSE,FALSE
Rfxank,RFXANK,Munji,NA,TRUE,FALSE,FALSE,1,ENSG00000064490,ENSMUSG00000036120,ortholog_one2one,85,ENSMMUG00000010722,ortholog_one2one,74.2308,protein_coding,protein_coding,protein_coding,FALSE,FALSE,FALSE,FALSE
Rgs16,RGS16,Daneman,lung_only,TRUE,FALSE,TRUE,2,ENSG00000143333,ENSMUSG00000026475,ortholog_one2one,84.6535,ENSMMUG00000055481,ortholog_one2one,89.1089,protein_coding,protein_coding,protein_coding,FALSE,FALSE,FALSE,FALSE
Rgs2,RGS2,Daneman,lung_only,TRUE,FALSE,FALSE,1,ENSG00000116741,ENSMUSG00000026360,ortholog_one2one,96.2085,ENSMMUG00000049590,ortholog_one2one,99.5261,protein_coding,protein_coding,protein_coding,FALSE,FALSE,FALSE,FALSE
Rgs4,RGS4,Daneman,liver_and_lung,TRUE,FALSE,FALSE,1,ENSG00000117152,ENSMUSG00000038530,ortholog_one2one,96.0976,ENSMMUG00000005185,ortholog_one2one,100,protein_coding,protein_coding,protein_coding,FALSE,FALSE,FALSE,FALSE
Rhobtb1,RHOBTB1,Munji,NA,TRUE,FALSE,TRUE,2,ENSG00000072422,ENSMUSG00000019944,ortholog_one2one,88.7931,ENSMMUG00000021400,ortholog_one2one,97.8448,protein_coding,protein_coding,protein_coding,FALSE,FALSE,FALSE,FALSE
Rhobtb3,RHOBTB3,Daneman,lung_only,TRUE,FALSE,TRUE,2,ENSG00000164292,ENSMUSG00000021589,ortholog_one2one,95.7447,ENSMMUG00000021165,ortholog_one2one,99.1817,protein_coding,protein_coding,protein_coding,FALSE,FALSE,FALSE,FALSE
Rhoc,RHOC,Daneman,lung_only,TRUE,FALSE,FALSE,1,ENSG00000155366,ENSMUSG00000002233,ortholog_one2one,100,NA,NA,NA,protein_coding,protein_coding,NA,FALSE,FALSE,FALSE,FALSE
Rhoj,RHOJ,Daneman,lung_only,TRUE,FALSE,TRUE,2,ENSG00000126785,ENSMUSG00000046768,ortholog_one2one,92.9907,ENSMMUG00000008203,ortholog_one2one,99.5327,protein_coding,protein_coding,protein_coding,FALSE,FALSE,FALSE,FALSE
Rhpn2,RHPN2,Daneman,liver_only,TRUE,FALSE,FALSE,1,ENSG00000131941,ENSMUSG00000030494,ortholog_one2one,85.8601,ENSMMUG00000028798,ortholog_one2one,98.2507,protein_coding,protein_coding,protein_coding,FALSE,FALSE,FALSE,FALSE
Ribc1,RIBC1,Munji,NA,TRUE,FALSE,FALSE,1,ENSG00000158423,ENSMUSG00000025257,ortholog_one2one,65.9631,ENSMMUG00000009295,ortholog_one2one,96.3061,protein_coding,protein_coding,protein_coding,FALSE,FALSE,FALSE,FALSE
Rnase4,RNASE4,Daneman,liver_only,TRUE,FALSE,FALSE,1,ENSG00000258818,ENSMUSG00000021876,ortholog_one2one,83.6735,ENSMMUG00000005496,ortholog_one2one,95.9184,protein_coding,protein_coding,protein_coding,FALSE,FALSE,FALSE,FALSE
Rnf103,RNF103,Daneman,liver_only,TRUE,FALSE,FALSE,1,ENSG00000239305,ENSMUSG00000052656,ortholog_one2one,95.4744,ENSMMUG00000015778,ortholog_one2one,98.9781,protein_coding,protein_coding,protein_coding,FALSE,FALSE,FALSE,FALSE
Rnf141,RNF141,Daneman,liver_only,TRUE,FALSE,FALSE,1,ENSG00000110315,ENSMUSG00000030788,ortholog_one2one,99.1304,ENSMMUG00000040144,ortholog_one2one,100,protein_coding,protein_coding,protein_coding,FALSE,FALSE,FALSE,FALSE
Rnf144b,RNF144B,Munji,NA,TRUE,TRUE,TRUE,3,ENSG00000137393,ENSMUSG00000038068,ortholog_one2one,87.7888,ENSMMUG00000062089,ortholog_one2one,98.3498,protein_coding,protein_coding,protein_coding,FALSE,FALSE,FALSE,FALSE
Rnf168,RNF168,Munji,NA,TRUE,FALSE,FALSE,1,ENSG00000163961,ENSMUSG00000014074,ortholog_one2one,63.7478,ENSMMUG00000004035,ortholog_one2one,87.5657,protein_coding,protein_coding,protein_coding,FALSE,FALSE,FALSE,FALSE
Rpl11,RPL11,Daneman,lung_only,TRUE,FALSE,FALSE,1,ENSG00000142676,ENSMUSG00000059291,ortholog_one2one,100,ENSMMUG00000061630,ortholog_one2one,72.4719,protein_coding,protein_coding,protein_coding,FALSE,FALSE,FALSE,FALSE
Rpl12,RPL12,Daneman,lung_only,TRUE,FALSE,FALSE,1,ENSG00000197958,ENSMUSG00000038900,ortholog_one2one,99.3939,ENSMMUG00000056363,ortholog_one2many,74.5455,protein_coding,protein_coding,protein_coding,FALSE,FALSE,FALSE,FALSE
Rpl12,RPL12,Daneman,lung_only,TRUE,FALSE,FALSE,1,ENSG00000197958,ENSMUSG00000038900,ortholog_one2one,99.3939,ENSMMUG00000002309,ortholog_one2many,94.5455,protein_coding,protein_coding,protein_coding,FALSE,FALSE,FALSE,FALSE
Rpl12,RPL12,Daneman,lung_only,TRUE,FALSE,FALSE,1,ENSG00000197958,ENSMUSG00000038900,ortholog_one2one,99.3939,ENSMMUG00000032031,ortholog_one2many,76.9697,protein_coding,protein_coding,protein_coding,FALSE,FALSE,FALSE,FALSE
Rpl12,RPL12,Daneman,lung_only,TRUE,FALSE,FALSE,1,ENSG00000197958,ENSMUSG00000038900,ortholog_one2one,99.3939,ENSMMUG00000000422,ortholog_one2many,99.3939,protein_coding,protein_coding,protein_coding,FALSE,FALSE,FALSE,FALSE
Rpl12,RPL12,Daneman,lung_only,TRUE,FALSE,FALSE,1,ENSG00000197958,ENSMUSG00000038900,ortholog_one2one,99.3939,ENSMMUG00000059840,ortholog_one2many,72.7273,protein_coding,protein_coding,protein_coding,FALSE,FALSE,FALSE,FALSE
Rpl12,RPL12,Daneman,lung_only,TRUE,FALSE,FALSE,1,ENSG00000197958,ENSMUSG00000038900,ortholog_one2one,99.3939,ENSMMUG00000041517,ortholog_one2many,97.5758,protein_coding,protein_coding,protein_coding,FALSE,FALSE,FALSE,FALSE
Rpl13a,RPL13A,Daneman,lung_only,TRUE,FALSE,TRUE,2,ENSG00000142541,ENSMUSG00000074129,ortholog_one2one,95.5665,NA,NA,NA,protein_coding,protein_coding,NA,FALSE,FALSE,FALSE,FALSE
Rpl18,RPL18,Daneman,lung_only,TRUE,FALSE,FALSE,1,ENSG00000063177,NA,NA,NA,ENSMMUG00000022158,ortholog_one2one,100,protein_coding,NA,protein_coding,FALSE,FALSE,FALSE,FALSE
Rpl23,RPL23,Daneman,lung_only,TRUE,FALSE,TRUE,2,ENSG00000125691,ENSMUSG00000071415,ortholog_one2one,100,ENSMMUG00000062400,ortholog_one2one,100,protein_coding,protein_coding,protein_coding,FALSE,FALSE,FALSE,FALSE
Rpl27,RPL27,Daneman,lung_only,TRUE,FALSE,FALSE,1,ENSG00000131469,ENSMUSG00000063316,ortholog_one2one,100,ENSMMUG00000008090,ortholog_one2one,100,protein_coding,protein_coding,protein_coding,FALSE,FALSE,FALSE,FALSE
Rpl35,RPL35,Daneman,lung_only,TRUE,FALSE,FALSE,1,ENSG00000136942,ENSMUSG00000078193,ortholog_one2many,98.374,ENSMMUG00000031947,ortholog_one2many,99.187,protein_coding,protein_coding,protein_coding,FALSE,FALSE,FALSE,FALSE
Rpl35,RPL35,Daneman,lung_only,TRUE,FALSE,FALSE,1,ENSG00000136942,ENSMUSG00000078193,ortholog_one2many,98.374,ENSMMUG00000005260,ortholog_one2many,100,protein_coding,protein_coding,protein_coding,FALSE,FALSE,FALSE,FALSE
Rpl35,RPL35,Daneman,lung_only,TRUE,FALSE,FALSE,1,ENSG00000136942,ENSMUSG00000062997,ortholog_one2many,98.374,ENSMMUG00000031947,ortholog_one2many,99.187,protein_coding,protein_coding,protein_coding,FALSE,FALSE,FALSE,FALSE
Rpl35,RPL35,Daneman,lung_only,TRUE,FALSE,FALSE,1,ENSG00000136942,ENSMUSG00000062997,ortholog_one2many,98.374,ENSMMUG00000005260,ortholog_one2many,100,protein_coding,protein_coding,protein_coding,FALSE,FALSE,FALSE,FALSE
Rps17,RPS17,Daneman,lung_only,TRUE,FALSE,FALSE,1,ENSG00000278229,NA,NA,NA,NA,NA,NA,protein_coding,NA,NA,FALSE,FALSE,FALSE,FALSE
Rps18,RPS18,Daneman,lung_only,TRUE,FALSE,FALSE,1,ENSG00000223367,NA,NA,NA,NA,NA,NA,protein_coding,NA,NA,FALSE,FALSE,FALSE,FALSE
Rps26,RPS26,Daneman,lung_only,TRUE,FALSE,FALSE,1,ENSG00000197728,NA,NA,NA,NA,NA,NA,protein_coding,NA,NA,FALSE,FALSE,FALSE,FALSE
Rps27l,RPS27L,Daneman,lung_only,TRUE,FALSE,FALSE,1,ENSG00000185088,ENSMUSG00000036781,ortholog_one2one,100,ENSMMUG00000016350,ortholog_one2one,100,protein_coding,protein_coding,protein_coding,FALSE,FALSE,FALSE,FALSE
Rps3,RPS3,Daneman,lung_only,TRUE,FALSE,TRUE,2,ENSG00000149273,NA,NA,NA,ENSMMUG00000009019,ortholog_one2one,100,protein_coding,NA,protein_coding,FALSE,FALSE,FALSE,FALSE
Rps6ka2,RPS6KA2,Daneman,lung_only,TRUE,FALSE,TRUE,2,ENSG00000071242,ENSMUSG00000023809,ortholog_one2one,95.6344,ENSMMUG00000005670,ortholog_one2one,94.8158,protein_coding,protein_coding,protein_coding,FALSE,FALSE,FALSE,FALSE
Rps6ka3,RPS6KA3,Daneman,lung_only,TRUE,FALSE,FALSE,1,ENSG00000177189,ENSMUSG00000031309,ortholog_one2one,99.8649,ENSMMUG00000002134,ortholog_one2one,95.9459,protein_coding,protein_coding,protein_coding,FALSE,FALSE,FALSE,FALSE
Rps6ka5,RPS6KA5,Daneman,liver_only,TRUE,TRUE,TRUE,3,ENSG00000100784,ENSMUSG00000021180,ortholog_one2one,96.01,ENSMMUG00000005586,ortholog_one2one,99.6259,protein_coding,protein_coding,protein_coding,FALSE,FALSE,FALSE,FALSE
Rps7,RPS7,Daneman,lung_only,TRUE,FALSE,FALSE,1,ENSG00000171863,ENSMUSG00000061477,ortholog_one2one,100,ENSMMUG00000010418,ortholog_one2many,89.1753,protein_coding,protein_coding,protein_coding,FALSE,FALSE,FALSE,FALSE
Rps7,RPS7,Daneman,lung_only,TRUE,FALSE,FALSE,1,ENSG00000171863,ENSMUSG00000061477,ortholog_one2one,100,ENSMMUG00000011870,ortholog_one2many,100,protein_coding,protein_coding,protein_coding,FALSE,FALSE,FALSE,FALSE
Rps8,RPS8,Daneman,lung_only,TRUE,FALSE,FALSE,1,ENSG00000142937,ENSMUSG00000047675,ortholog_one2one,100,ENSMMUG00000015270,ortholog_one2one,100,protein_coding,protein_coding,protein_coding,FALSE,FALSE,FALSE,FALSE
Rps9,RPS9,Daneman,lung_only,TRUE,FALSE,FALSE,1,ENSG00000278081,NA,NA,NA,NA,NA,NA,protein_coding,NA,NA,FALSE,FALSE,FALSE,FALSE
Rras2,RRAS2,Daneman,lung_only,TRUE,FALSE,FALSE,1,ENSG00000133818,ENSMUSG00000055723,ortholog_one2one,100,ENSMMUG00000056680,ortholog_one2one,100,protein_coding,protein_coding,protein_coding,FALSE,FALSE,FALSE,FALSE
Rrm2,RRM2,Daneman,lung_only,TRUE,FALSE,FALSE,1,ENSG00000171848,ENSMUSG00000020649,ortholog_one2one,91.5167,ENSMMUG00000002057,ortholog_one2one,98.7147,protein_coding,protein_coding,protein_coding,FALSE,FALSE,FALSE,FALSE
Rrm2b,RRM2B,Daneman,liver_only,TRUE,FALSE,FALSE,1,ENSG00000048392,ENSMUSG00000022292,ortholog_one2one,93.4473,ENSMMUG00000020765,ortholog_one2one,98.2906,protein_coding,protein_coding,protein_coding,FALSE,FALSE,FALSE,FALSE
Rrnad1,RRNAD1,Munji,NA,TRUE,FALSE,FALSE,1,NA,NA,NA,NA,NA,NA,NA,NA,NA,NA,FALSE,FALSE,FALSE,FALSE
Rsad2,RSAD2,Daneman,liver_only,TRUE,FALSE,TRUE,2,ENSG00000134321,ENSMUSG00000020641,ortholog_one2one,81.9945,ENSMMUG00000015969,ortholog_one2one,96.3989,protein_coding,protein_coding,protein_coding,FALSE,FALSE,FALSE,FALSE
Rsbn1,RSBN1,Daneman,liver_only,TRUE,FALSE,FALSE,1,ENSG00000081019,ENSMUSG00000044098,ortholog_one2one,94.1396,ENSMMUG00000017823,ortholog_one2one,99.5012,protein_coding,protein_coding,protein_coding,FALSE,FALSE,FALSE,FALSE
Rsc1a1,RSC1A1,Daneman,lung_only,FALSE,FALSE,FALSE,0,ENSG00000215695,ENSMUSG00000078515,ortholog_one2one,54.295,ENSMMUG00000019912,ortholog_one2one,93.3549,protein_coding,protein_coding,protein_coding,FALSE,FALSE,FALSE,FALSE
Rtn4,RTN4,Daneman,lung_only,TRUE,FALSE,TRUE,2,ENSG00000115310,ENSMUSG00000020458,ortholog_one2one,75.4195,ENSMMUG00000021299,ortholog_one2one,96.1409,protein_coding,protein_coding,protein_coding,FALSE,FALSE,FALSE,FALSE
Rybp,RYBP,Daneman,liver_only,TRUE,FALSE,FALSE,1,ENSG00000281766,NA,NA,NA,NA,NA,NA,protein_coding,NA,NA,FALSE,FALSE,FALSE,FALSE
S100a1,S100A1,Daneman,liver_only,TRUE,FALSE,FALSE,1,ENSG00000160678,ENSMUSG00000044080,ortholog_one2one,93.617,ENSMMUG00000008145,ortholog_one2one,76.5957,protein_coding,protein_coding,protein_coding,FALSE,FALSE,FALSE,FALSE
S100a10,S100A10,Daneman,liver_only,TRUE,FALSE,TRUE,2,ENSG00000197747,ENSMUSG00000041959,ortholog_one2one,91.7526,ENSMMUG00000052533,ortholog_one2one,100,protein_coding,protein_coding,protein_coding,FALSE,FALSE,FALSE,FALSE
Sacm1l,SACM1L,Daneman,liver_only,TRUE,FALSE,FALSE,1,ENSG00000211456,ENSMUSG00000025240,ortholog_one2one,95.0596,ENSMMUG00000002130,ortholog_one2one,98.9779,protein_coding,protein_coding,protein_coding,FALSE,FALSE,FALSE,FALSE
Samd9l,SAMD9L,Daneman,liver_only,TRUE,FALSE,FALSE,1,ENSG00000177409,ENSMUSG00000047735,ortholog_one2one,72.0328,ENSMMUG00000020803,ortholog_one2one,95.3914,protein_coding,protein_coding,protein_coding,FALSE,FALSE,FALSE,FALSE
Samhd1,SAMHD1,Daneman,liver_only,TRUE,FALSE,FALSE,1,ENSG00000101347,ENSMUSG00000027639,ortholog_one2one,72.8435,ENSMMUG00000002091,ortholog_one2one,93.77,protein_coding,protein_coding,protein_coding,FALSE,FALSE,FALSE,FALSE
Sap18,SAP18,Daneman,liver_only,TRUE,FALSE,FALSE,1,ENSG00000150459,ENSMUSG00000061104,ortholog_one2many,97.6744,ENSMMUG00000010416,ortholog_one2one,100,protein_coding,protein_coding,protein_coding,FALSE,FALSE,FALSE,FALSE
Sap18,SAP18,Daneman,liver_only,TRUE,FALSE,FALSE,1,ENSG00000150459,ENSMUSG00000021963,ortholog_one2many,97.6744,ENSMMUG00000010416,ortholog_one2one,100,protein_coding,protein_coding,protein_coding,FALSE,FALSE,FALSE,FALSE
Sass6,SASS6,Munji,NA,TRUE,FALSE,FALSE,1,ENSG00000156876,ENSMUSG00000027959,ortholog_one2one,84.6271,ENSMMUG00000004240,ortholog_one2one,97.8691,protein_coding,protein_coding,protein_coding,FALSE,FALSE,FALSE,FALSE
Sc5d,SC5D,Daneman,liver_only,TRUE,FALSE,FALSE,1,ENSG00000109929,ENSMUSG00000032018,ortholog_one2one,83.612,ENSMMUG00000053625,ortholog_one2one,95.9866,protein_coding,protein_coding,protein_coding,FALSE,FALSE,FALSE,FALSE
Sccpdh,SCCPDH,Daneman,lung_only,TRUE,FALSE,FALSE,1,ENSG00000143653,ENSMUSG00000038936,ortholog_one2one,87.1795,ENSMMUG00000022208,ortholog_one2one,98.8345,protein_coding,protein_coding,protein_coding,FALSE,FALSE,FALSE,FALSE
Scfd2,SCFD2,Munji,NA,TRUE,FALSE,FALSE,1,ENSG00000184178,ENSMUSG00000062110,ortholog_one2one,83.4795,ENSMMUG00000017393,ortholog_one2one,96.4912,protein_coding,protein_coding,protein_coding,FALSE,FALSE,FALSE,FALSE
Scgb3a1,SCGB3A1,Daneman,lung_only,TRUE,FALSE,FALSE,1,ENSG00000161055,ENSMUSG00000064057,ortholog_one2one,57.6923,ENSMMUG00000018692,ortholog_one2one,80.7692,protein_coding,protein_coding,protein_coding,FALSE,FALSE,FALSE,FALSE
Schip1,SCHIP1,Daneman,lung_only,TRUE,FALSE,FALSE,1,ENSG00000151967,ENSMUSG00000027777,ortholog_one2one,92.1971,ENSMMUG00000023081,ortholog_one2one,96.0986,protein_coding,protein_coding,protein_coding,FALSE,FALSE,FALSE,FALSE
Scn2b,SCN2B,Daneman,liver_and_lung,TRUE,FALSE,FALSE,1,ENSG00000149575,ENSMUSG00000070304,ortholog_one2one,92.093,ENSMMUG00000061384,ortholog_one2one,98.6047,protein_coding,protein_coding,protein_coding,FALSE,FALSE,FALSE,FALSE
Scn3b,SCN3B,Daneman,liver_only,TRUE,FALSE,FALSE,1,ENSG00000166257,ENSMUSG00000049281,ortholog_one2one,97.6744,ENSMMUG00000000343,ortholog_one2one,91.1628,protein_coding,protein_coding,protein_coding,FALSE,FALSE,FALSE,FALSE
Scrn3,SCRN3,Munji,NA,TRUE,FALSE,FALSE,1,ENSG00000144306,ENSMUSG00000008226,ortholog_one2one,80.8962,ENSMMUG00000023009,ortholog_one2one,96.6981,protein_coding,protein_coding,protein_coding,FALSE,FALSE,FALSE,FALSE
Scube2,SCUBE2,Daneman,liver_only,TRUE,FALSE,FALSE,1,ENSG00000175356,ENSMUSG00000007279,ortholog_one2one,84.3385,ENSMMUG00000006692,ortholog_one2one,92.8988,protein_coding,protein_coding,protein_coding,FALSE,FALSE,FALSE,FALSE
Sdc2,SDC2,Daneman,liver_and_lung,TRUE,FALSE,TRUE,2,ENSG00000169439,ENSMUSG00000022261,ortholog_one2one,84.0796,ENSMMUG00000000963,ortholog_one2one,98.0099,protein_coding,protein_coding,protein_coding,FALSE,FALSE,FALSE,FALSE
Sdcbp2,SDCBP2,Daneman,lung_only,TRUE,FALSE,FALSE,1,ENSG00000125775,ENSMUSG00000027456,ortholog_one2one,78.7671,ENSMMUG00000018165,ortholog_one2one,95.5479,protein_coding,protein_coding,protein_coding,FALSE,FALSE,FALSE,FALSE
Sdf4,SDF4,Daneman,liver_only,TRUE,FALSE,FALSE,1,ENSG00000078808,ENSMUSG00000029076,ortholog_one2one,87.3239,ENSMMUG00000019518,ortholog_one2one,84.7887,protein_coding,protein_coding,protein_coding,FALSE,FALSE,FALSE,FALSE
Sdhd,SDHD,Daneman,lung_only,TRUE,FALSE,FALSE,1,ENSG00000204370,ENSMUSG00000000171,ortholog_one2one,82.3899,ENSMMUG00000015247,ortholog_one2one,96.2264,protein_coding,protein_coding,protein_coding,FALSE,FALSE,FALSE,FALSE
Sdpr,SDPR,Daneman,liver_only,FALSE,FALSE,FALSE,0,NA,NA,NA,NA,NA,NA,NA,NA,NA,NA,FALSE,FALSE,FALSE,FALSE
Sec63,SEC63,Daneman,lung_only,TRUE,FALSE,FALSE,1,ENSG00000025796,ENSMUSG00000019802,ortholog_one2one,96.3158,ENSMMUG00000016598,ortholog_one2one,100,protein_coding,protein_coding,protein_coding,FALSE,FALSE,FALSE,FALSE
Sema3c,SEMA3C,Daneman,liver_only,TRUE,FALSE,FALSE,1,ENSG00000075223,ENSMUSG00000028780,ortholog_one2one,97.0706,ENSMMUG00000011785,ortholog_one2one,99.3342,protein_coding,protein_coding,protein_coding,FALSE,FALSE,FALSE,FALSE
Sema3g,SEMA3G,Daneman,liver_only,TRUE,FALSE,TRUE,2,ENSG00000010319,ENSMUSG00000021904,ortholog_one2one,87.0844,ENSMMUG00000018872,ortholog_one2one,97.8261,protein_coding,protein_coding,protein_coding,FALSE,FALSE,FALSE,FALSE
Sema5a,SEMA5A,Daneman,liver_only,TRUE,FALSE,FALSE,1,ENSG00000112902,ENSMUSG00000022231,ortholog_one2one,94.1341,ENSMMUG00000020160,ortholog_one2one,98.324,protein_coding,protein_coding,protein_coding,FALSE,FALSE,FALSE,FALSE
Sema7a,SEMA7A,Both,liver_only,TRUE,FALSE,FALSE,1,ENSG00000288455,NA,NA,NA,NA,NA,NA,protein_coding,NA,NA,FALSE,FALSE,FALSE,FALSE
Serbp1,SERBP1,Daneman,lung_only,TRUE,FALSE,FALSE,1,ENSG00000142864,ENSMUSG00000036371,ortholog_one2one,98.4733,ENSMMUG00000000652,ortholog_one2one,99.7455,protein_coding,protein_coding,protein_coding,FALSE,FALSE,FALSE,FALSE
Serinc5,SERINC5,Munji,NA,TRUE,FALSE,TRUE,2,ENSG00000164300,ENSMUSG00000021703,ortholog_one2one,81.7787,ENSMMUG00000023533,ortholog_one2one,91.757,protein_coding,protein_coding,protein_coding,FALSE,FALSE,FALSE,FALSE
Serpina1b,SERPINA1,Daneman,liver_only,TRUE,FALSE,FALSE,1,ENSG00000277377,NA,NA,NA,NA,NA,NA,protein_coding,NA,NA,FALSE,FALSE,FALSE,FALSE
Serpinb1a,SERPINB1,Daneman,liver_only,TRUE,FALSE,TRUE,2,ENSG00000021355,ENSMUSG00000051029,ortholog_one2many,76.2533,ENSMMUG00000042368,ortholog_one2one,96.0422,protein_coding,protein_coding,protein_coding,FALSE,FALSE,FALSE,FALSE
Serpinb1a,SERPINB1,Daneman,liver_only,TRUE,FALSE,TRUE,2,ENSG00000021355,ENSMUSG00000079049,ortholog_one2many,71.504,ENSMMUG00000042368,ortholog_one2one,96.0422,protein_coding,protein_coding,protein_coding,FALSE,FALSE,FALSE,FALSE
Serpinb1a,SERPINB1,Daneman,liver_only,TRUE,FALSE,TRUE,2,ENSG00000021355,ENSMUSG00000044734,ortholog_one2many,80.4749,ENSMMUG00000042368,ortholog_one2one,96.0422,protein_coding,protein_coding,protein_coding,FALSE,FALSE,FALSE,FALSE
Serpinb9,SERPINB9,Daneman,liver_only,TRUE,FALSE,FALSE,1,ENSG00000170542,ENSMUSG00000021404,ortholog_one2many,62.5,ENSMMUG00000011719,ortholog_one2one,83.2447,protein_coding,protein_coding,protein_coding,FALSE,FALSE,FALSE,FALSE
Serpinb9,SERPINB9,Daneman,liver_only,TRUE,FALSE,FALSE,1,ENSG00000170542,ENSMUSG00000045827,ortholog_one2many,68.883,ENSMMUG00000011719,ortholog_one2one,83.2447,protein_coding,protein_coding,protein_coding,FALSE,FALSE,FALSE,FALSE
Serpinb9,SERPINB9,Daneman,liver_only,TRUE,FALSE,FALSE,1,ENSG00000170542,ENSMUSG00000021403,ortholog_one2many,65.9574,ENSMMUG00000011719,ortholog_one2one,83.2447,protein_coding,protein_coding,protein_coding,FALSE,FALSE,FALSE,FALSE
Serpinb9,SERPINB9,Daneman,liver_only,TRUE,FALSE,FALSE,1,ENSG00000170542,ENSMUSG00000062342,ortholog_one2many,63.2979,ENSMMUG00000011719,ortholog_one2one,83.2447,protein_coding,protein_coding,protein_coding,FALSE,FALSE,FALSE,FALSE
Serpinb9,SERPINB9,Daneman,liver_only,TRUE,FALSE,FALSE,1,ENSG00000170542,ENSMUSG00000071452,ortholog_one2many,62.5,ENSMMUG00000011719,ortholog_one2one,83.2447,protein_coding,protein_coding,protein_coding,FALSE,FALSE,FALSE,FALSE
Serpinb9,SERPINB9,Daneman,liver_only,TRUE,FALSE,FALSE,1,ENSG00000170542,ENSMUSG00000038327,ortholog_one2many,63.0319,ENSMMUG00000011719,ortholog_one2one,83.2447,protein_coding,protein_coding,protein_coding,FALSE,FALSE,FALSE,FALSE
Serpinb9,SERPINB9,Daneman,liver_only,TRUE,FALSE,FALSE,1,ENSG00000170542,ENSMUSG00000057726,ortholog_one2many,62.5,ENSMMUG00000011719,ortholog_one2one,83.2447,protein_coding,protein_coding,protein_coding,FALSE,FALSE,FALSE,FALSE
Serpinb9,SERPINB9,Daneman,liver_only,TRUE,FALSE,FALSE,1,ENSG00000170542,ENSMUSG00000054266,ortholog_one2many,64.3617,ENSMMUG00000011719,ortholog_one2one,83.2447,protein_coding,protein_coding,protein_coding,FALSE,FALSE,FALSE,FALSE
Serpine1,SERPINE1,Daneman,lung_only,TRUE,FALSE,FALSE,1,ENSG00000106366,ENSMUSG00000037411,ortholog_one2one,79.1045,ENSMMUG00000009926,ortholog_one2one,95.0249,protein_coding,protein_coding,protein_coding,FALSE,FALSE,FALSE,FALSE
Serpinf1,SERPINF1,Daneman,lung_only,TRUE,FALSE,FALSE,1,ENSG00000282307,NA,NA,NA,NA,NA,NA,protein_coding,NA,NA,FALSE,FALSE,FALSE,FALSE
Serping1,SERPING1,Daneman,liver_and_lung,TRUE,FALSE,FALSE,1,ENSG00000149131,ENSMUSG00000023224,ortholog_one2one,69.2,ENSMMUG00000012618,ortholog_one2one,92.6,protein_coding,protein_coding,protein_coding,FALSE,FALSE,FALSE,FALSE
Serpinh1,SERPINH1,Daneman,lung_only,TRUE,FALSE,FALSE,1,ENSG00000149257,ENSMUSG00000070436,ortholog_one2one,94.7368,ENSMMUG00000007675,ortholog_one2one,98.8038,protein_coding,protein_coding,protein_coding,FALSE,FALSE,FALSE,FALSE
Serpini1,SERPINI1,Daneman,liver_and_lung,TRUE,FALSE,FALSE,1,ENSG00000163536,ENSMUSG00000027834,ortholog_one2one,86.3415,ENSMMUG00000005939,ortholog_one2one,98.0488,protein_coding,protein_coding,protein_coding,FALSE,FALSE,FALSE,FALSE
Sesn1,SESN1,Daneman,liver_only,TRUE,FALSE,FALSE,1,ENSG00000080546,ENSMUSG00000038332,ortholog_one2one,82.2142,ENSMMUG00000018232,ortholog_one2one,94.7368,protein_coding,protein_coding,protein_coding,FALSE,FALSE,FALSE,FALSE
Sestd1,SESTD1,Munji,NA,TRUE,FALSE,FALSE,1,ENSG00000187231,ENSMUSG00000042272,ortholog_one2one,98.2759,ENSMMUG00000019690,ortholog_one2one,99.8563,protein_coding,protein_coding,protein_coding,FALSE,FALSE,FALSE,FALSE
Sf3b4,SF3B4,Munji,NA,TRUE,FALSE,FALSE,1,ENSG00000143368,ENSMUSG00000068856,ortholog_one2one,99.5283,ENSMMUG00000007256,ortholog_one2one,100,protein_coding,protein_coding,protein_coding,FALSE,FALSE,FALSE,FALSE
Sfxn1,SFXN1,Daneman,lung_only,TRUE,FALSE,FALSE,1,ENSG00000164466,ENSMUSG00000021474,ortholog_one2one,94.7205,ENSMMUG00000005148,ortholog_one2one,99.0683,protein_coding,protein_coding,protein_coding,FALSE,FALSE,FALSE,FALSE
Sgce,SGCE,Daneman,liver_and_lung,TRUE,FALSE,FALSE,1,ENSG00000127990,ENSMUSG00000004631,ortholog_one2one,94.9657,ENSMMUG00000016394,ortholog_one2one,96.7963,protein_coding,protein_coding,protein_coding,FALSE,FALSE,FALSE,FALSE
D8Ertd82e,SGK223,Daneman,lung_only,FALSE,FALSE,FALSE,0,NA,NA,NA,NA,NA,NA,NA,NA,NA,NA,FALSE,FALSE,FALSE,FALSE
Sgms1,SGMS1,Munji,NA,TRUE,FALSE,TRUE,2,ENSG00000198964,ENSMUSG00000040451,ortholog_one2one,97.8208,ENSMMUG00000007081,ortholog_one2one,100,protein_coding,protein_coding,protein_coding,FALSE,FALSE,FALSE,FALSE
Sgms2,SGMS2,Munji,NA,TRUE,FALSE,FALSE,1,ENSG00000164023,ENSMUSG00000050931,ortholog_one2one,91.5069,ENSMMUG00000017834,ortholog_one2one,99.1781,protein_coding,protein_coding,protein_coding,FALSE,FALSE,FALSE,FALSE
Sgpp1,SGPP1,Daneman,liver_only,TRUE,FALSE,FALSE,1,ENSG00000285281,NA,NA,NA,NA,NA,NA,protein_coding,NA,NA,FALSE,FALSE,FALSE,FALSE
Sgpp2,SGPP2,Both,liver_only,TRUE,FALSE,TRUE,2,ENSG00000163082,ENSMUSG00000032908,ortholog_one2one,79.9499,ENSMMUG00000062499,ortholog_one2one,96.7419,protein_coding,protein_coding,protein_coding,FALSE,FALSE,FALSE,FALSE
Sh3bp4,SH3BP4,Munji,NA,TRUE,FALSE,TRUE,2,ENSG00000130147,ENSMUSG00000036206,ortholog_one2one,91.6926,ENSMMUG00000013808,ortholog_one2one,98.6501,protein_coding,protein_coding,protein_coding,FALSE,FALSE,FALSE,FALSE
Sh3bp5,SH3BP5,Daneman,lung_only,TRUE,FALSE,FALSE,1,ENSG00000131370,ENSMUSG00000021892,ortholog_one2one,92.5275,ENSMMUG00000006661,ortholog_one2one,97.8022,protein_coding,protein_coding,protein_coding,FALSE,FALSE,FALSE,FALSE
Sh3kbp1,SH3KBP1,Daneman,lung_only,TRUE,FALSE,FALSE,1,ENSG00000147010,ENSMUSG00000040990,ortholog_one2one,94.1353,ENSMMUG00000004744,ortholog_one2one,99.2481,protein_coding,protein_coding,protein_coding,FALSE,FALSE,FALSE,FALSE
Shroom1,SHROOM1,Munji,NA,TRUE,FALSE,TRUE,2,ENSG00000164403,ENSMUSG00000018387,ortholog_one2one,59.2723,ENSMMUG00000010312,ortholog_one2one,92.8404,protein_coding,protein_coding,protein_coding,FALSE,FALSE,FALSE,FALSE
Siah1a,SIAH1,Daneman,liver_only,TRUE,FALSE,FALSE,1,ENSG00000196470,ENSMUSG00000036840,ortholog_one2many,99.6454,ENSMMUG00000007400,ortholog_one2one,100,protein_coding,protein_coding,protein_coding,FALSE,FALSE,FALSE,FALSE
Siah1a,SIAH1,Daneman,liver_only,TRUE,FALSE,FALSE,1,ENSG00000196470,ENSMUSG00000040749,ortholog_one2many,97.5177,ENSMMUG00000007400,ortholog_one2one,100,protein_coding,protein_coding,protein_coding,FALSE,FALSE,FALSE,FALSE
Sin3b,SIN3B,Daneman,lung_only,TRUE,FALSE,FALSE,1,ENSG00000127511,ENSMUSG00000031622,ortholog_one2one,89.7345,ENSMMUG00000018504,ortholog_one2one,99.469,protein_coding,protein_coding,protein_coding,FALSE,FALSE,FALSE,FALSE
Sirt1,SIRT1,Daneman,liver_only,TRUE,FALSE,FALSE,1,ENSG00000096717,ENSMUSG00000020063,ortholog_one2one,86.2115,ENSMMUG00000030531,ortholog_one2one,97.3226,protein_coding,protein_coding,protein_coding,FALSE,FALSE,FALSE,FALSE
Skap1,SKAP1,Munji,NA,TRUE,FALSE,FALSE,1,ENSG00000141293,ENSMUSG00000057058,ortholog_one2one,81.6156,ENSMMUG00000050742,ortholog_one2one,97.493,protein_coding,protein_coding,protein_coding,FALSE,FALSE,FALSE,FALSE
Ski,SKI,Daneman,liver_only,TRUE,FALSE,FALSE,1,ENSG00000157933,ENSMUSG00000029050,ortholog_one2one,93.2692,ENSMMUG00000010280,ortholog_one2one,99.3132,protein_coding,protein_coding,protein_coding,FALSE,FALSE,FALSE,FALSE
Slc12a2,SLC12A2,Daneman,liver_and_lung,TRUE,TRUE,TRUE,3,ENSG00000064651,ENSMUSG00000024597,ortholog_one2one,94.0594,ENSMMUG00000011214,ortholog_one2one,99.0099,protein_coding,protein_coding,protein_coding,FALSE,FALSE,FALSE,FALSE
Slc12a5,SLC12A5,Daneman,lung_only,TRUE,FALSE,FALSE,1,ENSG00000124140,ENSMUSG00000017740,ortholog_one2one,97.3118,ENSMMUG00000016553,ortholog_one2one,97.6702,protein_coding,protein_coding,protein_coding,FALSE,FALSE,FALSE,FALSE
Slc12a6,SLC12A6,Daneman,liver_only,TRUE,FALSE,FALSE,1,ENSG00000140199,ENSMUSG00000027130,ortholog_one2one,98.1739,ENSMMUG00000020935,ortholog_one2one,99.3913,protein_coding,protein_coding,protein_coding,FALSE,FALSE,FALSE,FALSE
Slc16a2,SLC16A2,Both,liver_only,TRUE,FALSE,FALSE,1,ENSG00000147100,ENSMUSG00000033965,ortholog_one2one,94.2486,ENSMMUG00000013165,ortholog_one2one,99.2579,protein_coding,protein_coding,protein_coding,FALSE,FALSE,FALSE,FALSE
Slc16a4,SLC16A4,Munji,NA,TRUE,FALSE,FALSE,1,ENSG00000168679,ENSMUSG00000027896,ortholog_one2one,82.7515,ENSMMUG00000015022,ortholog_one2one,96.9199,protein_coding,protein_coding,protein_coding,FALSE,FALSE,FALSE,FALSE
Slc16a6,SLC16A6,Munji,NA,TRUE,FALSE,FALSE,1,ENSG00000108932,ENSMUSG00000041920,ortholog_one2one,84.7036,ENSMMUG00000011094,ortholog_one2one,98.2792,protein_coding,protein_coding,protein_coding,FALSE,FALSE,FALSE,FALSE
Slc19a1,SLC19A1,Daneman,liver_and_lung,TRUE,FALSE,FALSE,1,ENSG00000173638,ENSMUSG00000001436,ortholog_one2one,57.5296,ENSMMUG00000004477,ortholog_one2one,91.3706,protein_coding,protein_coding,protein_coding,FALSE,FALSE,FALSE,FALSE
Slc19a3,SLC19A3,Both,liver_only,TRUE,FALSE,FALSE,1,ENSG00000135917,ENSMUSG00000038496,ortholog_one2one,68.3468,ENSMMUG00000013249,ortholog_one2one,94.9597,protein_coding,protein_coding,protein_coding,FALSE,FALSE,FALSE,FALSE
Slc1a1,SLC1A1,Both,liver_only,TRUE,TRUE,TRUE,3,ENSG00000106688,ENSMUSG00000024935,ortholog_one2one,90.0763,ENSMMUG00000000135,ortholog_one2one,98.4733,protein_coding,protein_coding,protein_coding,FALSE,FALSE,FALSE,FALSE
Slc1a4,SLC1A4,Daneman,lung_only,TRUE,FALSE,FALSE,1,ENSG00000115902,ENSMUSG00000020142,ortholog_one2one,89.8496,ENSMMUG00000010279,ortholog_one2one,98.8722,protein_coding,protein_coding,protein_coding,FALSE,FALSE,FALSE,FALSE
Slc22a5,SLC22A5,Daneman,liver_only,TRUE,FALSE,FALSE,1,ENSG00000197375,ENSMUSG00000063652,ortholog_one2many,78.456,ENSMMUG00000007087,ortholog_one2one,98.3842,protein_coding,protein_coding,protein_coding,FALSE,FALSE,FALSE,FALSE
Slc22a5,SLC22A5,Daneman,liver_only,TRUE,FALSE,FALSE,1,ENSG00000197375,ENSMUSG00000018900,ortholog_one2many,85.4578,ENSMMUG00000007087,ortholog_one2one,98.3842,protein_coding,protein_coding,protein_coding,FALSE,FALSE,FALSE,FALSE
Slc22a8,SLC22A8,Munji,NA,TRUE,FALSE,FALSE,1,ENSG00000149452,ENSMUSG00000063796,ortholog_one2one,77.4908,ENSMMUG00000016225,ortholog_one2one,96.31,protein_coding,protein_coding,protein_coding,FALSE,FALSE,FALSE,FALSE
Slc25a10,SLC25A10,Daneman,lung_only,TRUE,FALSE,FALSE,1,ENSG00000183048,ENSMUSG00000025792,ortholog_one2one,89.547,ENSMMUG00000004457,ortholog_one2one,90.5923,protein_coding,protein_coding,protein_coding,FALSE,FALSE,FALSE,FALSE
Slc25a20,SLC25A20,Daneman,lung_only,TRUE,FALSE,FALSE,1,ENSG00000178537,ENSMUSG00000032602,ortholog_one2one,93.0233,ENSMMUG00000015418,ortholog_one2one,99.0033,protein_coding,protein_coding,protein_coding,FALSE,FALSE,FALSE,FALSE
Slc25a24,SLC25A24,Daneman,liver_only,TRUE,FALSE,FALSE,1,ENSG00000284468,NA,NA,NA,NA,NA,NA,protein_coding,NA,NA,FALSE,FALSE,FALSE,FALSE
Slc27a1,SLC27A1,Munji,NA,TRUE,FALSE,FALSE,1,ENSG00000130304,ENSMUSG00000031808,ortholog_one2one,89.4737,ENSMMUG00000000194,ortholog_one2one,97.0588,protein_coding,protein_coding,protein_coding,FALSE,FALSE,FALSE,FALSE
Slc29a1,SLC29A1,Daneman,lung_only,TRUE,FALSE,FALSE,1,ENSG00000112759,ENSMUSG00000023942,ortholog_one2one,79.8246,NA,NA,NA,protein_coding,protein_coding,NA,FALSE,FALSE,FALSE,FALSE
Slc2a1,SLC2A1,Munji,NA,TRUE,FALSE,TRUE,2,ENSG00000117394,ENSMUSG00000028645,ortholog_one2one,97.1545,ENSMMUG00000000373,ortholog_one2one,98.5772,protein_coding,protein_coding,protein_coding,FALSE,FALSE,FALSE,FALSE
Slc30a1,SLC30A1,Munji,NA,TRUE,FALSE,TRUE,2,ENSG00000170385,ENSMUSG00000037434,ortholog_one2one,85.2071,ENSMMUG00000056449,ortholog_one2one,98.2249,protein_coding,protein_coding,protein_coding,FALSE,FALSE,FALSE,FALSE
Slc30a10,SLC30A10,Daneman,liver_and_lung,TRUE,FALSE,FALSE,1,ENSG00000196660,ENSMUSG00000026614,ortholog_one2one,78.1443,ENSMMUG00000061301,ortholog_one2one,96.4948,protein_coding,protein_coding,protein_coding,FALSE,FALSE,FALSE,FALSE
Slc31a1,SLC31A1,Daneman,lung_only,TRUE,FALSE,FALSE,1,ENSG00000136868,ENSMUSG00000066150,ortholog_one2one,92.6316,ENSMMUG00000011197,ortholog_one2one,98.9474,protein_coding,protein_coding,protein_coding,FALSE,FALSE,FALSE,FALSE
Slc35d2,SLC35D2,Daneman,liver_only,TRUE,FALSE,FALSE,1,ENSG00000130958,ENSMUSG00000033114,ortholog_one2one,87.5371,ENSMMUG00000007992,ortholog_one2one,83.3828,protein_coding,protein_coding,protein_coding,FALSE,FALSE,FALSE,FALSE
Slc35f2,SLC35F2,Munji,NA,TRUE,FALSE,FALSE,1,ENSG00000110660,ENSMUSG00000042195,ortholog_one2one,89.8396,ENSMMUG00000010358,ortholog_one2one,97.861,protein_coding,protein_coding,protein_coding,FALSE,FALSE,FALSE,FALSE
Slc36a1,SLC36A1,Munji,NA,TRUE,FALSE,FALSE,1,ENSG00000123643,ENSMUSG00000020261,ortholog_one2one,85.9244,ENSMMUG00000003499,ortholog_one2one,98.5294,protein_coding,protein_coding,protein_coding,FALSE,FALSE,FALSE,FALSE
Slc38a1,SLC38A1,Daneman,lung_only,TRUE,FALSE,FALSE,1,ENSG00000111371,ENSMUSG00000023169,ortholog_one2one,93.0185,ENSMMUG00000011999,ortholog_one2one,94.2505,protein_coding,protein_coding,protein_coding,FALSE,FALSE,FALSE,FALSE
Slc38a3,SLC38A3,Munji,NA,TRUE,FALSE,FALSE,1,ENSG00000188338,ENSMUSG00000010064,ortholog_one2one,90.0794,ENSMMUG00000010342,ortholog_one2one,97.4206,protein_coding,protein_coding,protein_coding,FALSE,FALSE,FALSE,FALSE
Slc38a5,SLC38A5,Both,lung_only,TRUE,FALSE,TRUE,2,ENSG00000017483,ENSMUSG00000031170,ortholog_one2one,87.5,ENSMMUG00000016975,ortholog_one2one,97.2458,protein_coding,protein_coding,protein_coding,FALSE,FALSE,FALSE,FALSE
Slc39a10,SLC39A10,Munji,NA,TRUE,TRUE,TRUE,3,ENSG00000196950,ENSMUSG00000025986,ortholog_one2one,87.3646,ENSMMUG00000005621,ortholog_one2one,99.5187,protein_coding,protein_coding,protein_coding,FALSE,FALSE,FALSE,FALSE
Slc39a8,SLC39A8,Daneman,lung_only,TRUE,FALSE,TRUE,2,ENSG00000138821,ENSMUSG00000053897,ortholog_one2one,89.3478,ENSMMUG00000016880,ortholog_one2one,99.7826,protein_coding,protein_coding,protein_coding,FALSE,FALSE,FALSE,FALSE
Slc40a1,SLC40A1,Daneman,liver_only,TRUE,FALSE,FALSE,1,ENSG00000138449,ENSMUSG00000025993,ortholog_one2one,90.5429,ENSMMUG00000003506,ortholog_one2one,99.2995,protein_coding,protein_coding,protein_coding,FALSE,FALSE,FALSE,FALSE
Slc41a1,SLC41A1,Daneman,lung_only,TRUE,FALSE,FALSE,1,ENSG00000133065,ENSMUSG00000013275,ortholog_one2one,97.8558,ENSMMUG00000021426,ortholog_one2one,100,protein_coding,protein_coding,protein_coding,FALSE,FALSE,FALSE,FALSE
Slc43a2,SLC43A2,Daneman,lung_only,TRUE,FALSE,FALSE,1,ENSG00000278550,NA,NA,NA,NA,NA,NA,protein_coding,NA,NA,FALSE,FALSE,FALSE,FALSE
Slc43a3,SLC43A3,Daneman,lung_only,TRUE,FALSE,FALSE,1,ENSG00000134802,ENSMUSG00000027074,ortholog_one2one,74.3381,ENSMMUG00000010601,ortholog_one2one,96.5377,protein_coding,protein_coding,protein_coding,FALSE,FALSE,FALSE,FALSE
Slc44a5,SLC44A5,Munji,NA,TRUE,FALSE,FALSE,1,ENSG00000137968,ENSMUSG00000028360,ortholog_one2one,68.7587,ENSMMUG00000017907,ortholog_one2one,94.5607,protein_coding,protein_coding,protein_coding,FALSE,FALSE,FALSE,FALSE
Slc45a4,SLC45A4,Daneman,lung_only,TRUE,FALSE,FALSE,1,ENSG00000022567,ENSMUSG00000079020,ortholog_one2one,81.6832,ENSMMUG00000013579,ortholog_one2one,95.9158,protein_coding,protein_coding,protein_coding,FALSE,FALSE,FALSE,FALSE
Slc4a1,SLC4A1,Munji,NA,TRUE,FALSE,FALSE,1,ENSG00000004939,ENSMUSG00000006574,ortholog_one2one,82.4369,ENSMMUG00000017100,ortholog_one2one,94.8408,protein_coding,protein_coding,protein_coding,FALSE,FALSE,FALSE,FALSE
Slc52a2,SLC52A2,Munji,NA,TRUE,FALSE,FALSE,1,ENSG00000285112,NA,NA,NA,NA,NA,NA,protein_coding,NA,NA,FALSE,FALSE,FALSE,FALSE
Slc52a3,SLC52A3,Munji,NA,TRUE,FALSE,FALSE,1,ENSG00000101276,ENSMUSG00000027463,ortholog_one2one,73.9872,ENSMMUG00000021670,ortholog_one2one,97.0149,protein_coding,protein_coding,protein_coding,FALSE,FALSE,FALSE,FALSE
Slc5a6,SLC5A6,Munji,NA,TRUE,FALSE,FALSE,1,ENSG00000138074,ENSMUSG00000006641,ortholog_one2one,82.5197,ENSMMUG00000010257,ortholog_one2one,95.2756,protein_coding,protein_coding,protein_coding,FALSE,FALSE,FALSE,FALSE
Slc6a13,SLC6A13,Munji,NA,TRUE,FALSE,FALSE,1,ENSG00000010379,ENSMUSG00000030108,ortholog_one2one,91.0299,NA,NA,NA,protein_coding,protein_coding,NA,FALSE,FALSE,FALSE,FALSE
Slc6a6,SLC6A6,Munji,NA,TRUE,FALSE,FALSE,1,ENSG00000131389,ENSMUSG00000030096,ortholog_one2one,93.3871,ENSMMUG00000006340,ortholog_one2one,99.5161,protein_coding,protein_coding,protein_coding,FALSE,FALSE,FALSE,FALSE
Slc7a1,SLC7A1,Munji,NA,TRUE,FALSE,TRUE,2,ENSG00000139514,ENSMUSG00000041313,ortholog_one2one,86.6455,ENSMMUG00000008661,ortholog_one2one,98.5692,protein_coding,protein_coding,protein_coding,FALSE,FALSE,FALSE,FALSE
Slc7a11,SLC7A11,Munji,NA,TRUE,FALSE,FALSE,1,ENSG00000151012,ENSMUSG00000027737,ortholog_one2one,89.2216,ENSMMUG00000020317,ortholog_one2one,98.2036,protein_coding,protein_coding,protein_coding,FALSE,FALSE,FALSE,FALSE
Slc7a3,SLC7A3,Munji,NA,FALSE,FALSE,FALSE,0,ENSG00000165349,ENSMUSG00000031297,ortholog_one2one,81.5832,ENSMMUG00000003274,ortholog_one2one,97.0921,protein_coding,protein_coding,protein_coding,FALSE,FALSE,FALSE,FALSE
Slc7a5,SLC7A5,Munji,NA,TRUE,FALSE,TRUE,2,ENSG00000103257,ENSMUSG00000040010,ortholog_one2one,91.9132,ENSMMUG00000052851,ortholog_one2one,97.6331,protein_coding,protein_coding,protein_coding,FALSE,FALSE,FALSE,FALSE
Slc7a7,SLC7A7,Daneman,lung_only,TRUE,FALSE,FALSE,1,ENSG00000155465,ENSMUSG00000000958,ortholog_one2one,90.2153,ENSMMUG00000000413,ortholog_one2one,98.4344,protein_coding,protein_coding,protein_coding,FALSE,FALSE,FALSE,FALSE
Slc7a8,SLC7A8,Daneman,lung_only,TRUE,FALSE,FALSE,1,ENSG00000092068,ENSMUSG00000022180,ortholog_one2one,91.215,ENSMMUG00000019653,ortholog_one2one,98.6916,protein_coding,protein_coding,protein_coding,FALSE,FALSE,FALSE,FALSE
Slc9a2,SLC9A2,Munji,NA,TRUE,FALSE,FALSE,1,ENSG00000115616,ENSMUSG00000026062,ortholog_one2one,91.133,ENSMMUG00000004165,ortholog_one2one,96.6749,protein_coding,protein_coding,protein_coding,FALSE,FALSE,FALSE,FALSE
Slco1c1,SLCO1C1,Munji,NA,TRUE,FALSE,FALSE,1,ENSG00000139155,ENSMUSG00000030235,ortholog_one2one,83.9888,ENSMMUG00000008271,ortholog_one2one,98.4551,protein_coding,protein_coding,protein_coding,FALSE,FALSE,FALSE,FALSE
Slco2a1,SLCO2A1,Daneman,lung_only,TRUE,FALSE,FALSE,1,ENSG00000174640,ENSMUSG00000032548,ortholog_one2one,83.2037,ENSMMUG00000012605,ortholog_one2one,97.5117,protein_coding,protein_coding,protein_coding,FALSE,FALSE,FALSE,FALSE
Slco2b1,SLCO2B1,Munji,NA,TRUE,FALSE,TRUE,2,ENSG00000137491,ENSMUSG00000030737,ortholog_one2one,73.3427,ENSMMUG00000009126,ortholog_one2one,96.615,protein_coding,protein_coding,protein_coding,FALSE,FALSE,FALSE,FALSE
Slco3a1,SLCO3A1,Daneman,liver_and_lung,TRUE,FALSE,TRUE,2,ENSG00000176463,ENSMUSG00000025790,ortholog_one2one,97.8873,ENSMMUG00000001740,ortholog_one2one,94.0845,protein_coding,protein_coding,protein_coding,FALSE,FALSE,FALSE,FALSE
Slfn5,SLFN5,Daneman,liver_only,TRUE,FALSE,TRUE,2,ENSG00000166750,ENSMUSG00000054404,ortholog_one2one,58.8103,ENSMMUG00000010082,ortholog_one2one,92.7048,protein_coding,protein_coding,protein_coding,FALSE,FALSE,FALSE,FALSE
Smad1,SMAD1,Daneman,lung_only,TRUE,FALSE,FALSE,1,ENSG00000170365,ENSMUSG00000031681,ortholog_one2one,99.1398,ENSMMUG00000018384,ortholog_one2one,100,protein_coding,protein_coding,protein_coding,FALSE,FALSE,FALSE,FALSE
Smad3,SMAD3,Daneman,lung_only,TRUE,FALSE,FALSE,1,ENSG00000166949,ENSMUSG00000032402,ortholog_one2one,100,ENSMMUG00000015455,ortholog_one2one,99.7647,protein_coding,protein_coding,protein_coding,FALSE,FALSE,FALSE,FALSE
Smad6,SMAD6,Daneman,liver_only,TRUE,FALSE,TRUE,2,ENSG00000137834,ENSMUSG00000036867,ortholog_one2one,92.9436,ENSMMUG00000019018,ortholog_one2one,99.3952,protein_coding,protein_coding,protein_coding,FALSE,FALSE,FALSE,FALSE
Smad7,SMAD7,Both,liver_only,TRUE,FALSE,FALSE,1,ENSG00000101665,ENSMUSG00000025880,ortholog_one2one,98.1221,ENSMMUG00000056276,ortholog_one2one,99.7653,protein_coding,protein_coding,protein_coding,FALSE,FALSE,FALSE,FALSE
Smap1,SMAP1,Munji,NA,TRUE,FALSE,FALSE,1,ENSG00000112305,ENSMUSG00000026155,ortholog_one2one,87.152,ENSMMUG00000029592,ortholog_one2one,91.6488,protein_coding,protein_coding,protein_coding,FALSE,FALSE,FALSE,FALSE
Smarce1,SMARCE1,Daneman,lung_only,TRUE,FALSE,FALSE,1,ENSG00000073584,ENSMUSG00000037935,ortholog_one2one,97.3236,ENSMMUG00000004005,ortholog_one2one,100,protein_coding,protein_coding,protein_coding,FALSE,FALSE,FALSE,FALSE
Smox,SMOX,Both,lung_only,TRUE,FALSE,FALSE,1,ENSG00000088826,ENSMUSG00000027333,ortholog_one2one,95.3153,ENSMMUG00000020912,ortholog_one2one,98.7387,protein_coding,protein_coding,protein_coding,FALSE,FALSE,FALSE,FALSE
Snca,SNCA,Daneman,lung_only,TRUE,FALSE,FALSE,1,ENSG00000145335,ENSMUSG00000025889,ortholog_one2one,95,ENSMMUG00000012123,ortholog_one2one,92.1429,protein_coding,protein_coding,protein_coding,FALSE,FALSE,FALSE,FALSE
Snrnp35,SNRNP35,Munji,NA,TRUE,FALSE,FALSE,1,ENSG00000184209,ENSMUSG00000029402,ortholog_one2one,89.0244,ENSMMUG00000008411,ortholog_one2one,98.7805,protein_coding,protein_coding,protein_coding,FALSE,FALSE,FALSE,FALSE
Snrpa1,SNRPA1,Daneman,lung_only,TRUE,FALSE,FALSE,1,ENSG00000131876,ENSMUSG00000030512,ortholog_one2one,98.0392,ENSMMUG00000053633,ortholog_one2one,90.9804,protein_coding,protein_coding,protein_coding,FALSE,FALSE,FALSE,FALSE
Snrpd3,SNRPD3,Daneman,lung_only,TRUE,FALSE,FALSE,1,ENSG00000100028,ENSMUSG00000020180,ortholog_one2one,100,ENSMMUG00000000264,ortholog_one2one,100,protein_coding,protein_coding,protein_coding,FALSE,FALSE,FALSE,FALSE
Snrpf,SNRPF,Daneman,lung_only,TRUE,FALSE,FALSE,1,ENSG00000139343,ENSMUSG00000020018,ortholog_one2one,100,NA,NA,NA,protein_coding,protein_coding,NA,FALSE,FALSE,FALSE,FALSE
Snx13,SNX13,Daneman,liver_only,TRUE,FALSE,FALSE,1,ENSG00000071189,ENSMUSG00000020590,ortholog_one2one,97.1787,ENSMMUG00000021915,ortholog_one2one,99.6865,protein_coding,protein_coding,protein_coding,FALSE,FALSE,FALSE,FALSE
Snx16,SNX16,Daneman,liver_only,TRUE,FALSE,FALSE,1,ENSG00000104497,ENSMUSG00000027534,ortholog_one2one,84.0116,ENSMMUG00000007694,ortholog_one2one,97.9651,protein_coding,protein_coding,protein_coding,FALSE,FALSE,FALSE,FALSE
Snx4,SNX4,Daneman,lung_only,TRUE,FALSE,FALSE,1,ENSG00000114520,ENSMUSG00000022808,ortholog_one2one,94,ENSMMUG00000011106,ortholog_one2one,98.4444,protein_coding,protein_coding,protein_coding,FALSE,FALSE,FALSE,FALSE
Snx5,SNX5,Daneman,lung_only,TRUE,FALSE,FALSE,1,ENSG00000089006,ENSMUSG00000027423,ortholog_one2one,98.2673,ENSMMUG00000011476,ortholog_one2one,99.505,protein_coding,protein_coding,protein_coding,FALSE,FALSE,FALSE,FALSE
Socs1,SOCS1,Daneman,liver_only,TRUE,FALSE,FALSE,1,ENSG00000185338,ENSMUSG00000038037,ortholog_one2one,95.7346,ENSMMUG00000010956,ortholog_one2one,99.0521,protein_coding,protein_coding,protein_coding,FALSE,FALSE,FALSE,FALSE
Socs4,SOCS4,Daneman,liver_only,TRUE,FALSE,FALSE,1,ENSG00000180008,ENSMUSG00000048379,ortholog_one2one,86.3636,NA,NA,NA,protein_coding,protein_coding,NA,FALSE,FALSE,FALSE,FALSE
Socs5,SOCS5,Daneman,liver_only,TRUE,FALSE,FALSE,1,ENSG00000171150,ENSMUSG00000037104,ortholog_one2one,94.403,ENSMMUG00000039303,ortholog_one2one,99.6269,protein_coding,protein_coding,protein_coding,FALSE,FALSE,FALSE,FALSE
Sorbs1,SORBS1,Both,liver_only,TRUE,FALSE,FALSE,1,ENSG00000095637,ENSMUSG00000025006,ortholog_one2one,55.7276,ENSMMUG00000004818,ortholog_one2one,98.065,protein_coding,protein_coding,protein_coding,FALSE,FALSE,FALSE,FALSE
Sorbs2,SORBS2,Both,liver_only,TRUE,FALSE,TRUE,2,ENSG00000154556,ENSMUSG00000031626,ortholog_one2one,84,ENSMMUG00000015733,ortholog_one2one,53,protein_coding,protein_coding,protein_coding,FALSE,FALSE,FALSE,FALSE
Sos1,SOS1,Munji,NA,TRUE,FALSE,TRUE,2,ENSG00000115904,ENSMUSG00000024241,ortholog_one2one,96.7742,ENSMMUG00000020575,ortholog_one2one,98.1245,protein_coding,protein_coding,protein_coding,FALSE,FALSE,FALSE,FALSE
Sox11,SOX11,Daneman,lung_only,TRUE,FALSE,FALSE,1,ENSG00000176887,ENSMUSG00000063632,ortholog_one2one,78.2313,ENSMMUG00000038367,ortholog_one2one,99.093,protein_coding,protein_coding,protein_coding,FALSE,FALSE,FALSE,FALSE
Sox17,SOX17,Daneman,liver_only,TRUE,FALSE,TRUE,2,ENSG00000164736,ENSMUSG00000025902,ortholog_one2one,84.5411,ENSMMUG00000063192,ortholog_one2one,96.6184,protein_coding,protein_coding,protein_coding,FALSE,FALSE,FALSE,FALSE
Sox18,SOX18,Daneman,liver_and_lung,TRUE,FALSE,TRUE,2,ENSG00000203883,ENSMUSG00000046470,ortholog_one2one,86.1979,ENSMMUG00000050871,ortholog_one2one,98.6979,protein_coding,protein_coding,protein_coding,FALSE,FALSE,FALSE,FALSE
Sox4,SOX4,Daneman,lung_only,TRUE,FALSE,TRUE,2,ENSG00000124766,ENSMUSG00000076431,ortholog_one2one,81.2236,ENSMMUG00000014454,ortholog_one2one,95.3587,protein_coding,protein_coding,protein_coding,FALSE,FALSE,FALSE,FALSE
Sox9,SOX9,Munji,NA,TRUE,FALSE,FALSE,1,ENSG00000125398,ENSMUSG00000000567,ortholog_one2one,97.053,ENSMMUG00000063817,ortholog_one2one,99.6071,protein_coding,protein_coding,protein_coding,FALSE,FALSE,FALSE,FALSE
Sparcl1,SPARCL1,Munji,NA,TRUE,FALSE,TRUE,2,ENSG00000152583,ENSMUSG00000029309,ortholog_one2one,64.759,ENSMMUG00000019047,ortholog_one2one,92.3193,protein_coding,protein_coding,protein_coding,FALSE,FALSE,FALSE,FALSE
Spata5l1,SPATA5L1,Munji,NA,TRUE,FALSE,FALSE,1,NA,NA,NA,NA,NA,NA,NA,NA,NA,NA,FALSE,FALSE,FALSE,FALSE
Spock2,SPOCK2,Munji,NA,TRUE,FALSE,TRUE,2,ENSG00000107742,ENSMUSG00000058297,ortholog_one2one,93.6321,ENSMMUG00000002122,ortholog_one2one,98.3491,protein_coding,protein_coding,protein_coding,FALSE,FALSE,FALSE,FALSE
Spred2,SPRED2,Daneman,liver_only,TRUE,FALSE,TRUE,2,ENSG00000198369,ENSMUSG00000045671,ortholog_one2one,92.1053,ENSMMUG00000044784,ortholog_one2one,98.0861,protein_coding,protein_coding,protein_coding,FALSE,FALSE,FALSE,FALSE
Spry4,SPRY4,Daneman,lung_only,TRUE,FALSE,FALSE,1,ENSG00000187678,ENSMUSG00000024427,ortholog_one2one,92.9766,ENSMMUG00000014175,ortholog_one2one,97.9933,protein_coding,protein_coding,protein_coding,FALSE,FALSE,FALSE,FALSE
Spsb1,SPSB1,Daneman,lung_only,TRUE,FALSE,FALSE,1,ENSG00000171621,ENSMUSG00000039911,ortholog_one2one,98.5348,ENSMMUG00000002052,ortholog_one2one,99.6337,protein_coding,protein_coding,protein_coding,FALSE,FALSE,FALSE,FALSE
Srf,SRF,Munji,NA,TRUE,FALSE,FALSE,1,ENSG00000112658,ENSMUSG00000015605,ortholog_one2one,96.4567,ENSMMUG00000000033,ortholog_one2one,99.4094,protein_coding,protein_coding,protein_coding,FALSE,FALSE,FALSE,FALSE
Srgap2,SRGAP2,Munji,NA,TRUE,FALSE,TRUE,2,ENSG00000266028,ENSMUSG00000026425,ortholog_one2many,98.226,ENSMMUG00000022614,ortholog_one2many,99.9066,protein_coding,protein_coding,protein_coding,FALSE,FALSE,FALSE,FALSE
Srm,SRM,Daneman,lung_only,TRUE,FALSE,FALSE,1,ENSG00000116649,ENSMUSG00000006442,ortholog_one2one,94.702,ENSMMUG00000021570,ortholog_one2one,81.1258,protein_coding,protein_coding,protein_coding,FALSE,FALSE,FALSE,FALSE
Srp9,SRP9,Daneman,lung_only,TRUE,FALSE,FALSE,1,ENSG00000143742,ENSMUSG00000026511,ortholog_one2one,93.0233,ENSMMUG00000000134,ortholog_one2one,60.4651,protein_coding,protein_coding,protein_coding,FALSE,FALSE,FALSE,FALSE
Srpk2,SRPK2,Daneman,liver_only,TRUE,FALSE,TRUE,2,ENSG00000135250,ENSMUSG00000062604,ortholog_one2one,90.9871,ENSMMUG00000022732,ortholog_one2one,96.4235,protein_coding,protein_coding,protein_coding,FALSE,FALSE,FALSE,FALSE
Ssbp4,SSBP4,Munji,NA,TRUE,FALSE,FALSE,1,ENSG00000130511,ENSMUSG00000070003,ortholog_one2one,83.6364,ENSMMUG00000021182,ortholog_one2one,96.6234,protein_coding,protein_coding,protein_coding,FALSE,FALSE,FALSE,FALSE
Ssr2,SSR2,Daneman,lung_only,TRUE,FALSE,FALSE,1,ENSG00000163479,ENSMUSG00000041355,ortholog_one2one,97.2678,ENSMMUG00000013495,ortholog_one2one,99.4536,protein_coding,protein_coding,protein_coding,FALSE,FALSE,FALSE,FALSE
Ssr4,SSR4,Daneman,lung_only,TRUE,FALSE,FALSE,1,ENSG00000180879,ENSMUSG00000002014,ortholog_one2one,95.3757,ENSMMUG00000003375,ortholog_one2one,98.8439,protein_coding,protein_coding,protein_coding,FALSE,FALSE,FALSE,FALSE
St3gal6,ST3GAL6,Munji,NA,TRUE,FALSE,FALSE,1,ENSG00000064225,ENSMUSG00000022747,ortholog_one2one,74.0181,ENSMMUG00000017436,ortholog_one2one,100,protein_coding,protein_coding,protein_coding,FALSE,FALSE,FALSE,FALSE
St6gal1,ST6GAL1,Daneman,liver_only,TRUE,FALSE,TRUE,2,ENSG00000073849,ENSMUSG00000022885,ortholog_one2one,79.5566,ENSMMUG00000014905,ortholog_one2one,97.5369,protein_coding,protein_coding,protein_coding,FALSE,FALSE,FALSE,FALSE
St6galnac2,ST6GALNAC2,Both,liver_only,TRUE,FALSE,FALSE,1,ENSG00000070731,ENSMUSG00000057286,ortholog_one2one,74.8663,ENSMMUG00000022273,ortholog_one2one,81.2834,protein_coding,protein_coding,protein_coding,FALSE,FALSE,FALSE,FALSE
St6galnac3,ST6GALNAC3,Daneman,liver_only,TRUE,FALSE,TRUE,2,ENSG00000184005,ENSMUSG00000052544,ortholog_one2one,84.918,ENSMMUG00000005990,ortholog_one2one,97.7049,protein_coding,protein_coding,protein_coding,FALSE,FALSE,FALSE,FALSE
St8sia4,ST8SIA4,Munji,NA,TRUE,FALSE,FALSE,1,ENSG00000113532,ENSMUSG00000040710,ortholog_one2one,97.7716,ENSMMUG00000013109,ortholog_one2one,99.7215,protein_coding,protein_coding,protein_coding,FALSE,FALSE,FALSE,FALSE
Stab1,STAB1,Daneman,lung_only,TRUE,FALSE,FALSE,1,ENSG00000010327,ENSMUSG00000042286,ortholog_one2one,81.8288,ENSMMUG00000017351,ortholog_one2one,96.537,protein_coding,protein_coding,protein_coding,FALSE,FALSE,FALSE,FALSE
Stard10,STARD10,Daneman,liver_only,TRUE,FALSE,FALSE,1,ENSG00000214530,ENSMUSG00000030688,ortholog_one2one,97.2509,ENSMMUG00000039301,ortholog_one2one,98.9691,protein_coding,protein_coding,protein_coding,FALSE,FALSE,FALSE,FALSE
Stard3,STARD3,Daneman,lung_only,TRUE,FALSE,FALSE,1,ENSG00000131748,ENSMUSG00000018167,ortholog_one2one,93.7079,ENSMMUG00000001343,ortholog_one2one,97.7528,protein_coding,protein_coding,protein_coding,FALSE,FALSE,FALSE,FALSE
Stat1,STAT1,Daneman,liver_only,TRUE,FALSE,FALSE,1,ENSG00000115415,ENSMUSG00000026104,ortholog_one2one,93.4667,ENSMMUG00000005613,ortholog_one2one,99.3333,protein_coding,protein_coding,protein_coding,FALSE,FALSE,FALSE,FALSE
Stat3,STAT3,Daneman,liver_only,TRUE,TRUE,FALSE,2,ENSG00000168610,ENSMUSG00000004040,ortholog_one2one,99.8701,ENSMMUG00000010707,ortholog_one2one,100,protein_coding,protein_coding,protein_coding,FALSE,FALSE,FALSE,FALSE
Steap3,STEAP3,Munji,NA,TRUE,FALSE,FALSE,1,ENSG00000115107,ENSMUSG00000026389,ortholog_one2one,85.1406,ENSMMUG00000039972,ortholog_one2one,97.5904,protein_coding,protein_coding,protein_coding,FALSE,FALSE,FALSE,FALSE
Stk11ip,STK11IP,Munji,NA,TRUE,FALSE,FALSE,1,ENSG00000144589,ENSMUSG00000026213,ortholog_one2one,74.6324,ENSMMUG00000002519,ortholog_one2one,90.9007,protein_coding,protein_coding,protein_coding,FALSE,FALSE,FALSE,FALSE
Stmn2,STMN2,Daneman,liver_only,FALSE,FALSE,FALSE,0,ENSG00000104435,ENSMUSG00000027500,ortholog_one2one,100,ENSMMUG00000000507,ortholog_one2one,100,protein_coding,protein_coding,protein_coding,FALSE,FALSE,FALSE,FALSE
Stom,STOM,Daneman,liver_only,TRUE,FALSE,TRUE,2,ENSG00000148175,ENSMUSG00000026880,ortholog_one2one,86.1111,ENSMMUG00000013024,ortholog_one2many,99.3056,protein_coding,protein_coding,protein_coding,FALSE,FALSE,FALSE,FALSE
Stom,STOM,Daneman,liver_only,TRUE,FALSE,TRUE,2,ENSG00000148175,ENSMUSG00000026880,ortholog_one2one,86.1111,ENSMMUG00000062333,ortholog_one2many,75,protein_coding,protein_coding,protein_coding,FALSE,FALSE,FALSE,FALSE
Stra6,STRA6,Munji,NA,TRUE,FALSE,FALSE,1,ENSG00000288257,NA,NA,NA,NA,NA,NA,protein_coding,NA,NA,FALSE,FALSE,FALSE,FALSE
Stx12,STX12,Daneman,liver_only,TRUE,FALSE,TRUE,2,ENSG00000117758,ENSMUSG00000028879,ortholog_one2one,92.029,NA,NA,NA,protein_coding,protein_coding,NA,FALSE,FALSE,FALSE,FALSE
Stx3,STX3,Daneman,liver_only,TRUE,FALSE,FALSE,1,ENSG00000166900,ENSMUSG00000041488,ortholog_one2one,87.8893,ENSMMUG00000062571,ortholog_one2one,98.9619,protein_coding,protein_coding,protein_coding,FALSE,FALSE,FALSE,FALSE
Stx6,STX6,Daneman,lung_only,TRUE,FALSE,FALSE,1,ENSG00000135823,ENSMUSG00000026470,ortholog_one2one,94.5098,ENSMMUG00000020021,ortholog_one2one,99.6078,protein_coding,protein_coding,protein_coding,FALSE,FALSE,FALSE,FALSE
Stxbp6,STXBP6,Daneman,liver_only,TRUE,TRUE,TRUE,3,ENSG00000168952,ENSMUSG00000046314,ortholog_one2one,98.5714,ENSMMUG00000015442,ortholog_one2one,100,protein_coding,protein_coding,protein_coding,FALSE,FALSE,FALSE,FALSE
Sugp2,SUGP2,Munji,NA,TRUE,FALSE,FALSE,1,ENSG00000064607,ENSMUSG00000036054,ortholog_one2one,73.9372,ENSMMUG00000019665,ortholog_one2one,97.597,protein_coding,protein_coding,protein_coding,FALSE,FALSE,FALSE,FALSE
Sulf2,SULF2,Daneman,liver_only,TRUE,TRUE,TRUE,3,ENSG00000196562,ENSMUSG00000006800,ortholog_one2one,94.2529,ENSMMUG00000012029,ortholog_one2one,98.8506,protein_coding,protein_coding,protein_coding,FALSE,FALSE,FALSE,FALSE
Surf6,SURF6,Munji,NA,TRUE,FALSE,FALSE,1,ENSG00000281309,NA,NA,NA,NA,NA,NA,protein_coding,NA,NA,FALSE,FALSE,FALSE,FALSE
Sycp3,SYCP3,Daneman,liver_only,TRUE,FALSE,FALSE,1,ENSG00000139351,ENSMUSG00000096626,ortholog_one2many,24.1525,ENSMMUG00000063989,ortholog_one2one,98.7288,protein_coding,protein_coding,protein_coding,FALSE,FALSE,FALSE,FALSE
Sycp3,SYCP3,Daneman,liver_only,TRUE,FALSE,FALSE,1,ENSG00000139351,ENSMUSG00000101399,ortholog_one2many,25.4237,ENSMMUG00000063989,ortholog_one2one,98.7288,protein_coding,protein_coding,protein_coding,FALSE,FALSE,FALSE,FALSE
Sycp3,SYCP3,Daneman,liver_only,TRUE,FALSE,FALSE,1,ENSG00000139351,ENSMUSG00000095135,ortholog_one2many,25.8475,ENSMMUG00000063989,ortholog_one2one,98.7288,protein_coding,protein_coding,protein_coding,FALSE,FALSE,FALSE,FALSE
Sycp3,SYCP3,Daneman,liver_only,TRUE,FALSE,FALSE,1,ENSG00000139351,ENSMUSG00000099792,ortholog_one2many,25.8475,ENSMMUG00000063989,ortholog_one2one,98.7288,protein_coding,protein_coding,protein_coding,FALSE,FALSE,FALSE,FALSE
Sycp3,SYCP3,Daneman,liver_only,TRUE,FALSE,FALSE,1,ENSG00000139351,ENSMUSG00000054727,ortholog_one2many,35.5932,ENSMMUG00000063989,ortholog_one2one,98.7288,protein_coding,protein_coding,protein_coding,FALSE,FALSE,FALSE,FALSE
Sycp3,SYCP3,Daneman,liver_only,TRUE,FALSE,FALSE,1,ENSG00000139351,ENSMUSG00000095606,ortholog_one2many,25.8475,ENSMMUG00000063989,ortholog_one2one,98.7288,protein_coding,protein_coding,protein_coding,FALSE,FALSE,FALSE,FALSE
Sycp3,SYCP3,Daneman,liver_only,TRUE,FALSE,FALSE,1,ENSG00000139351,ENSMUSG00000095153,ortholog_one2many,25.4237,ENSMMUG00000063989,ortholog_one2one,98.7288,protein_coding,protein_coding,protein_coding,FALSE,FALSE,FALSE,FALSE
Sycp3,SYCP3,Daneman,liver_only,TRUE,FALSE,FALSE,1,ENSG00000139351,ENSMUSG00000096457,ortholog_one2many,14.8305,ENSMMUG00000063989,ortholog_one2one,98.7288,protein_coding,protein_coding,protein_coding,FALSE,FALSE,FALSE,FALSE
Sycp3,SYCP3,Daneman,liver_only,TRUE,FALSE,FALSE,1,ENSG00000139351,ENSMUSG00000073177,ortholog_one2many,25,ENSMMUG00000063989,ortholog_one2one,98.7288,protein_coding,protein_coding,protein_coding,FALSE,FALSE,FALSE,FALSE
Sycp3,SYCP3,Daneman,liver_only,TRUE,FALSE,FALSE,1,ENSG00000139351,ENSMUSG00000101146,ortholog_one2many,25.8475,ENSMMUG00000063989,ortholog_one2one,98.7288,protein_coding,protein_coding,protein_coding,FALSE,FALSE,FALSE,FALSE
Sycp3,SYCP3,Daneman,liver_only,TRUE,FALSE,FALSE,1,ENSG00000139351,ENSMUSG00000100535,ortholog_one2many,25.8475,ENSMMUG00000063989,ortholog_one2one,98.7288,protein_coding,protein_coding,protein_coding,FALSE,FALSE,FALSE,FALSE
Sycp3,SYCP3,Daneman,liver_only,TRUE,FALSE,FALSE,1,ENSG00000139351,ENSMUSG00000101158,ortholog_one2many,25.8475,ENSMMUG00000063989,ortholog_one2one,98.7288,protein_coding,protein_coding,protein_coding,FALSE,FALSE,FALSE,FALSE
Sycp3,SYCP3,Daneman,liver_only,TRUE,FALSE,FALSE,1,ENSG00000139351,ENSMUSG00000020059,ortholog_one2many,71.6102,ENSMMUG00000063989,ortholog_one2one,98.7288,protein_coding,protein_coding,protein_coding,FALSE,FALSE,FALSE,FALSE
Sycp3,SYCP3,Daneman,liver_only,TRUE,FALSE,FALSE,1,ENSG00000139351,ENSMUSG00000100667,ortholog_one2many,24.1525,ENSMMUG00000063989,ortholog_one2one,98.7288,protein_coding,protein_coding,protein_coding,FALSE,FALSE,FALSE,FALSE
Sycp3,SYCP3,Daneman,liver_only,TRUE,FALSE,FALSE,1,ENSG00000139351,ENSMUSG00000103371,ortholog_one2many,25.8475,ENSMMUG00000063989,ortholog_one2one,98.7288,protein_coding,protein_coding,protein_coding,FALSE,FALSE,FALSE,FALSE
Sycp3,SYCP3,Daneman,liver_only,TRUE,FALSE,FALSE,1,ENSG00000139351,ENSMUSG00000104191,ortholog_one2many,25.8475,ENSMMUG00000063989,ortholog_one2one,98.7288,protein_coding,protein_coding,protein_coding,FALSE,FALSE,FALSE,FALSE
Sycp3,SYCP3,Daneman,liver_only,TRUE,FALSE,FALSE,1,ENSG00000139351,ENSMUSG00000094789,ortholog_one2many,24.1525,ENSMMUG00000063989,ortholog_one2one,98.7288,protein_coding,protein_coding,protein_coding,FALSE,FALSE,FALSE,FALSE
Sycp3,SYCP3,Daneman,liver_only,TRUE,FALSE,FALSE,1,ENSG00000139351,ENSMUSG00000102045,ortholog_one2many,25.8475,ENSMMUG00000063989,ortholog_one2one,98.7288,protein_coding,protein_coding,protein_coding,FALSE,FALSE,FALSE,FALSE
Sycp3,SYCP3,Daneman,liver_only,TRUE,FALSE,FALSE,1,ENSG00000139351,ENSMUSG00000094759,ortholog_one2many,14.8305,ENSMMUG00000063989,ortholog_one2one,98.7288,protein_coding,protein_coding,protein_coding,FALSE,FALSE,FALSE,FALSE
Sycp3,SYCP3,Daneman,liver_only,TRUE,FALSE,FALSE,1,ENSG00000139351,ENSMUSG00000096650,ortholog_one2many,25.8475,ENSMMUG00000063989,ortholog_one2one,98.7288,protein_coding,protein_coding,protein_coding,FALSE,FALSE,FALSE,FALSE
Sycp3,SYCP3,Daneman,liver_only,TRUE,FALSE,FALSE,1,ENSG00000139351,ENSMUSG00000101471,ortholog_one2many,24.5763,ENSMMUG00000063989,ortholog_one2one,98.7288,protein_coding,protein_coding,protein_coding,FALSE,FALSE,FALSE,FALSE
Sycp3,SYCP3,Daneman,liver_only,TRUE,FALSE,FALSE,1,ENSG00000139351,ENSMUSG00000100045,ortholog_one2many,25.8475,ENSMMUG00000063989,ortholog_one2one,98.7288,protein_coding,protein_coding,protein_coding,FALSE,FALSE,FALSE,FALSE
Sycp3,SYCP3,Daneman,liver_only,TRUE,FALSE,FALSE,1,ENSG00000139351,ENSMUSG00000101396,ortholog_one2many,26.6949,ENSMMUG00000063989,ortholog_one2one,98.7288,protein_coding,protein_coding,protein_coding,FALSE,FALSE,FALSE,FALSE
Sycp3,SYCP3,Daneman,liver_only,TRUE,FALSE,FALSE,1,ENSG00000139351,ENSMUSG00000073255,ortholog_one2many,14.8305,ENSMMUG00000063989,ortholog_one2one,98.7288,protein_coding,protein_coding,protein_coding,FALSE,FALSE,FALSE,FALSE
Sycp3,SYCP3,Daneman,liver_only,TRUE,FALSE,FALSE,1,ENSG00000139351,ENSMUSG00000095578,ortholog_one2many,25.8475,ENSMMUG00000063989,ortholog_one2one,98.7288,protein_coding,protein_coding,protein_coding,FALSE,FALSE,FALSE,FALSE
Sycp3,SYCP3,Daneman,liver_only,TRUE,FALSE,FALSE,1,ENSG00000139351,ENSMUSG00000102668,ortholog_one2many,25.8475,ENSMMUG00000063989,ortholog_one2one,98.7288,protein_coding,protein_coding,protein_coding,FALSE,FALSE,FALSE,FALSE
Sycp3,SYCP3,Daneman,liver_only,TRUE,FALSE,FALSE,1,ENSG00000139351,ENSMUSG00000095979,ortholog_one2many,25.8475,ENSMMUG00000063989,ortholog_one2one,98.7288,protein_coding,protein_coding,protein_coding,FALSE,FALSE,FALSE,FALSE
Sycp3,SYCP3,Daneman,liver_only,TRUE,FALSE,FALSE,1,ENSG00000139351,ENSMUSG00000101155,ortholog_one2many,25.8475,ENSMMUG00000063989,ortholog_one2one,98.7288,protein_coding,protein_coding,protein_coding,FALSE,FALSE,FALSE,FALSE
Sycp3,SYCP3,Daneman,liver_only,TRUE,FALSE,FALSE,1,ENSG00000139351,ENSMUSG00000101243,ortholog_one2many,27.5424,ENSMMUG00000063989,ortholog_one2one,98.7288,protein_coding,protein_coding,protein_coding,FALSE,FALSE,FALSE,FALSE
Sycp3,SYCP3,Daneman,liver_only,TRUE,FALSE,FALSE,1,ENSG00000139351,ENSMUSG00000081218,ortholog_one2many,16.1017,ENSMMUG00000063989,ortholog_one2one,98.7288,protein_coding,protein_coding,protein_coding,FALSE,FALSE,FALSE,FALSE
Sycp3,SYCP3,Daneman,liver_only,TRUE,FALSE,FALSE,1,ENSG00000139351,ENSMUSG00000093993,ortholog_one2many,25.8475,ENSMMUG00000063989,ortholog_one2one,98.7288,protein_coding,protein_coding,protein_coding,FALSE,FALSE,FALSE,FALSE
Sycp3,SYCP3,Daneman,liver_only,TRUE,FALSE,FALSE,1,ENSG00000139351,ENSMUSG00000103528,ortholog_one2many,25.8475,ENSMMUG00000063989,ortholog_one2one,98.7288,protein_coding,protein_coding,protein_coding,FALSE,FALSE,FALSE,FALSE
Sycp3,SYCP3,Daneman,liver_only,TRUE,FALSE,FALSE,1,ENSG00000139351,ENSMUSG00000079655,ortholog_one2many,15.2542,ENSMMUG00000063989,ortholog_one2one,98.7288,protein_coding,protein_coding,protein_coding,FALSE,FALSE,FALSE,FALSE
Sycp3,SYCP3,Daneman,liver_only,TRUE,FALSE,FALSE,1,ENSG00000139351,ENSMUSG00000101928,ortholog_one2many,25,ENSMMUG00000063989,ortholog_one2one,98.7288,protein_coding,protein_coding,protein_coding,FALSE,FALSE,FALSE,FALSE
Sycp3,SYCP3,Daneman,liver_only,TRUE,FALSE,FALSE,1,ENSG00000139351,ENSMUSG00000099740,ortholog_one2many,25.8475,ENSMMUG00000063989,ortholog_one2one,98.7288,protein_coding,protein_coding,protein_coding,FALSE,FALSE,FALSE,FALSE
Sycp3,SYCP3,Daneman,liver_only,TRUE,FALSE,FALSE,1,ENSG00000139351,ENSMUSG00000096769,ortholog_one2many,25.4237,ENSMMUG00000063989,ortholog_one2one,98.7288,protein_coding,protein_coding,protein_coding,FALSE,FALSE,FALSE,FALSE
Sycp3,SYCP3,Daneman,liver_only,TRUE,FALSE,FALSE,1,ENSG00000139351,ENSMUSG00000073245,ortholog_one2many,14.8305,ENSMMUG00000063989,ortholog_one2one,98.7288,protein_coding,protein_coding,protein_coding,FALSE,FALSE,FALSE,FALSE
Sycp3,SYCP3,Daneman,liver_only,TRUE,FALSE,FALSE,1,ENSG00000139351,ENSMUSG00000095887,ortholog_one2many,14.8305,ENSMMUG00000063989,ortholog_one2one,98.7288,protein_coding,protein_coding,protein_coding,FALSE,FALSE,FALSE,FALSE
Sycp3,SYCP3,Daneman,liver_only,TRUE,FALSE,FALSE,1,ENSG00000139351,ENSMUSG00000100231,ortholog_one2many,24.1525,ENSMMUG00000063989,ortholog_one2one,98.7288,protein_coding,protein_coding,protein_coding,FALSE,FALSE,FALSE,FALSE
Sycp3,SYCP3,Daneman,liver_only,TRUE,FALSE,FALSE,1,ENSG00000139351,ENSMUSG00000096178,ortholog_one2many,24.1525,ENSMMUG00000063989,ortholog_one2one,98.7288,protein_coding,protein_coding,protein_coding,FALSE,FALSE,FALSE,FALSE
Sycp3,SYCP3,Daneman,liver_only,TRUE,FALSE,FALSE,1,ENSG00000139351,ENSMUSG00000094647,ortholog_one2many,25.8475,ENSMMUG00000063989,ortholog_one2one,98.7288,protein_coding,protein_coding,protein_coding,FALSE,FALSE,FALSE,FALSE
Sycp3,SYCP3,Daneman,liver_only,TRUE,FALSE,FALSE,1,ENSG00000139351,ENSMUSG00000073257,ortholog_one2many,14.8305,ENSMMUG00000063989,ortholog_one2one,98.7288,protein_coding,protein_coding,protein_coding,FALSE,FALSE,FALSE,FALSE
Sycp3,SYCP3,Daneman,liver_only,TRUE,FALSE,FALSE,1,ENSG00000139351,ENSMUSG00000083628,ortholog_one2many,15.678,ENSMMUG00000063989,ortholog_one2one,98.7288,protein_coding,protein_coding,protein_coding,FALSE,FALSE,FALSE,FALSE
Sycp3,SYCP3,Daneman,liver_only,TRUE,FALSE,FALSE,1,ENSG00000139351,ENSMUSG00000100708,ortholog_one2many,25.8475,ENSMMUG00000063989,ortholog_one2one,98.7288,protein_coding,protein_coding,protein_coding,FALSE,FALSE,FALSE,FALSE
Sycp3,SYCP3,Daneman,liver_only,TRUE,FALSE,FALSE,1,ENSG00000139351,ENSMUSG00000103919,ortholog_one2many,25.8475,ENSMMUG00000063989,ortholog_one2one,98.7288,protein_coding,protein_coding,protein_coding,FALSE,FALSE,FALSE,FALSE
Sycp3,SYCP3,Daneman,liver_only,TRUE,FALSE,FALSE,1,ENSG00000139351,ENSMUSG00000096468,ortholog_one2many,13.1356,ENSMMUG00000063989,ortholog_one2one,98.7288,protein_coding,protein_coding,protein_coding,FALSE,FALSE,FALSE,FALSE
Sycp3,SYCP3,Daneman,liver_only,TRUE,FALSE,FALSE,1,ENSG00000139351,ENSMUSG00000100972,ortholog_one2many,25.8475,ENSMMUG00000063989,ortholog_one2one,98.7288,protein_coding,protein_coding,protein_coding,FALSE,FALSE,FALSE,FALSE
Sycp3,SYCP3,Daneman,liver_only,TRUE,FALSE,FALSE,1,ENSG00000139351,ENSMUSG00000054626,ortholog_one2many,28.3898,ENSMMUG00000063989,ortholog_one2one,98.7288,protein_coding,protein_coding,protein_coding,FALSE,FALSE,FALSE,FALSE
Sycp3,SYCP3,Daneman,liver_only,TRUE,FALSE,FALSE,1,ENSG00000139351,ENSMUSG00000073267,ortholog_one2many,15.678,ENSMMUG00000063989,ortholog_one2one,98.7288,protein_coding,protein_coding,protein_coding,FALSE,FALSE,FALSE,FALSE
Sycp3,SYCP3,Daneman,liver_only,TRUE,FALSE,FALSE,1,ENSG00000139351,ENSMUSG00000101933,ortholog_one2many,25.8475,ENSMMUG00000063989,ortholog_one2one,98.7288,protein_coding,protein_coding,protein_coding,FALSE,FALSE,FALSE,FALSE
Sycp3,SYCP3,Daneman,liver_only,TRUE,FALSE,FALSE,1,ENSG00000139351,ENSMUSG00000099531,ortholog_one2many,25.8475,ENSMMUG00000063989,ortholog_one2one,98.7288,protein_coding,protein_coding,protein_coding,FALSE,FALSE,FALSE,FALSE
Sycp3,SYCP3,Daneman,liver_only,TRUE,FALSE,FALSE,1,ENSG00000139351,ENSMUSG00000094782,ortholog_one2many,24.1525,ENSMMUG00000063989,ortholog_one2one,98.7288,protein_coding,protein_coding,protein_coding,FALSE,FALSE,FALSE,FALSE
Sycp3,SYCP3,Daneman,liver_only,TRUE,FALSE,FALSE,1,ENSG00000139351,ENSMUSG00000094821,ortholog_one2many,25.8475,ENSMMUG00000063989,ortholog_one2one,98.7288,protein_coding,protein_coding,protein_coding,FALSE,FALSE,FALSE,FALSE
Sycp3,SYCP3,Daneman,liver_only,TRUE,FALSE,FALSE,1,ENSG00000139351,ENSMUSG00000094399,ortholog_one2many,25.8475,ENSMMUG00000063989,ortholog_one2one,98.7288,protein_coding,protein_coding,protein_coding,FALSE,FALSE,FALSE,FALSE
Sycp3,SYCP3,Daneman,liver_only,TRUE,FALSE,FALSE,1,ENSG00000139351,ENSMUSG00000093923,ortholog_one2many,15.678,ENSMMUG00000063989,ortholog_one2one,98.7288,protein_coding,protein_coding,protein_coding,FALSE,FALSE,FALSE,FALSE
Sycp3,SYCP3,Daneman,liver_only,TRUE,FALSE,FALSE,1,ENSG00000139351,ENSMUSG00000093895,ortholog_one2many,25.8475,ENSMMUG00000063989,ortholog_one2one,98.7288,protein_coding,protein_coding,protein_coding,FALSE,FALSE,FALSE,FALSE
Sycp3,SYCP3,Daneman,liver_only,TRUE,FALSE,FALSE,1,ENSG00000139351,ENSMUSG00000099541,ortholog_one2many,25.4237,ENSMMUG00000063989,ortholog_one2one,98.7288,protein_coding,protein_coding,protein_coding,FALSE,FALSE,FALSE,FALSE
Sycp3,SYCP3,Daneman,liver_only,TRUE,FALSE,FALSE,1,ENSG00000139351,ENSMUSG00000094714,ortholog_one2many,13.1356,ENSMMUG00000063989,ortholog_one2one,98.7288,protein_coding,protein_coding,protein_coding,FALSE,FALSE,FALSE,FALSE
Sycp3,SYCP3,Daneman,liver_only,TRUE,FALSE,FALSE,1,ENSG00000139351,ENSMUSG00000095011,ortholog_one2many,24.1525,ENSMMUG00000063989,ortholog_one2one,98.7288,protein_coding,protein_coding,protein_coding,FALSE,FALSE,FALSE,FALSE
Sycp3,SYCP3,Daneman,liver_only,TRUE,FALSE,FALSE,1,ENSG00000139351,ENSMUSG00000100240,ortholog_one2many,25.4237,ENSMMUG00000063989,ortholog_one2one,98.7288,protein_coding,protein_coding,protein_coding,FALSE,FALSE,FALSE,FALSE
Sycp3,SYCP3,Daneman,liver_only,TRUE,FALSE,FALSE,1,ENSG00000139351,ENSMUSG00000099782,ortholog_one2many,25.8475,ENSMMUG00000063989,ortholog_one2one,98.7288,protein_coding,protein_coding,protein_coding,FALSE,FALSE,FALSE,FALSE
Sycp3,SYCP3,Daneman,liver_only,TRUE,FALSE,FALSE,1,ENSG00000139351,ENSMUSG00000100939,ortholog_one2many,25.8475,ENSMMUG00000063989,ortholog_one2one,98.7288,protein_coding,protein_coding,protein_coding,FALSE,FALSE,FALSE,FALSE
Sycp3,SYCP3,Daneman,liver_only,TRUE,FALSE,FALSE,1,ENSG00000139351,ENSMUSG00000100055,ortholog_one2many,25.4237,ENSMMUG00000063989,ortholog_one2one,98.7288,protein_coding,protein_coding,protein_coding,FALSE,FALSE,FALSE,FALSE
Sycp3,SYCP3,Daneman,liver_only,TRUE,FALSE,FALSE,1,ENSG00000139351,ENSMUSG00000095263,ortholog_one2many,24.1525,ENSMMUG00000063989,ortholog_one2one,98.7288,protein_coding,protein_coding,protein_coding,FALSE,FALSE,FALSE,FALSE
Sycp3,SYCP3,Daneman,liver_only,TRUE,FALSE,FALSE,1,ENSG00000139351,ENSMUSG00000101915,ortholog_one2many,25.4237,ENSMMUG00000063989,ortholog_one2one,98.7288,protein_coding,protein_coding,protein_coding,FALSE,FALSE,FALSE,FALSE
Sycp3,SYCP3,Daneman,liver_only,TRUE,FALSE,FALSE,1,ENSG00000139351,ENSMUSG00000095141,ortholog_one2many,24.1525,ENSMMUG00000063989,ortholog_one2one,98.7288,protein_coding,protein_coding,protein_coding,FALSE,FALSE,FALSE,FALSE
Sycp3,SYCP3,Daneman,liver_only,TRUE,FALSE,FALSE,1,ENSG00000139351,ENSMUSG00000099925,ortholog_one2many,25.8475,ENSMMUG00000063989,ortholog_one2one,98.7288,protein_coding,protein_coding,protein_coding,FALSE,FALSE,FALSE,FALSE
Sycp3,SYCP3,Daneman,liver_only,TRUE,FALSE,FALSE,1,ENSG00000139351,ENSMUSG00000101653,ortholog_one2many,24.1525,ENSMMUG00000063989,ortholog_one2one,98.7288,protein_coding,protein_coding,protein_coding,FALSE,FALSE,FALSE,FALSE
Sycp3,SYCP3,Daneman,liver_only,TRUE,FALSE,FALSE,1,ENSG00000139351,ENSMUSG00000096620,ortholog_one2many,15.2542,ENSMMUG00000063989,ortholog_one2one,98.7288,protein_coding,protein_coding,protein_coding,FALSE,FALSE,FALSE,FALSE
Sycp3,SYCP3,Daneman,liver_only,TRUE,FALSE,FALSE,1,ENSG00000139351,ENSMUSG00000101528,ortholog_one2many,25.8475,ENSMMUG00000063989,ortholog_one2one,98.7288,protein_coding,protein_coding,protein_coding,FALSE,FALSE,FALSE,FALSE
Sycp3,SYCP3,Daneman,liver_only,TRUE,FALSE,FALSE,1,ENSG00000139351,ENSMUSG00000096016,ortholog_one2many,25.8475,ENSMMUG00000063989,ortholog_one2one,98.7288,protein_coding,protein_coding,protein_coding,FALSE,FALSE,FALSE,FALSE
Sycp3,SYCP3,Daneman,liver_only,TRUE,FALSE,FALSE,1,ENSG00000139351,ENSMUSG00000067909,ortholog_one2many,12.7119,ENSMMUG00000063989,ortholog_one2one,98.7288,protein_coding,protein_coding,protein_coding,FALSE,FALSE,FALSE,FALSE
Sycp3,SYCP3,Daneman,liver_only,TRUE,FALSE,FALSE,1,ENSG00000139351,ENSMUSG00000100892,ortholog_one2many,25.8475,ENSMMUG00000063989,ortholog_one2one,98.7288,protein_coding,protein_coding,protein_coding,FALSE,FALSE,FALSE,FALSE
Sycp3,SYCP3,Daneman,liver_only,TRUE,FALSE,FALSE,1,ENSG00000139351,ENSMUSG00000084063,ortholog_one2many,15.2542,ENSMMUG00000063989,ortholog_one2one,98.7288,protein_coding,protein_coding,protein_coding,FALSE,FALSE,FALSE,FALSE
Sycp3,SYCP3,Daneman,liver_only,TRUE,FALSE,FALSE,1,ENSG00000139351,ENSMUSG00000101157,ortholog_one2many,25.8475,ENSMMUG00000063989,ortholog_one2one,98.7288,protein_coding,protein_coding,protein_coding,FALSE,FALSE,FALSE,FALSE
Sycp3,SYCP3,Daneman,liver_only,TRUE,FALSE,FALSE,1,ENSG00000139351,ENSMUSG00000094624,ortholog_one2many,14.8305,ENSMMUG00000063989,ortholog_one2one,98.7288,protein_coding,protein_coding,protein_coding,FALSE,FALSE,FALSE,FALSE
Sycp3,SYCP3,Daneman,liver_only,TRUE,FALSE,FALSE,1,ENSG00000139351,ENSMUSG00000100485,ortholog_one2many,25.8475,ENSMMUG00000063989,ortholog_one2one,98.7288,protein_coding,protein_coding,protein_coding,FALSE,FALSE,FALSE,FALSE
Sycp3,SYCP3,Daneman,liver_only,TRUE,FALSE,FALSE,1,ENSG00000139351,ENSMUSG00000071788,ortholog_one2many,15.678,ENSMMUG00000063989,ortholog_one2one,98.7288,protein_coding,protein_coding,protein_coding,FALSE,FALSE,FALSE,FALSE
Sycp3,SYCP3,Daneman,liver_only,TRUE,FALSE,FALSE,1,ENSG00000139351,ENSMUSG00000102122,ortholog_one2many,25.8475,ENSMMUG00000063989,ortholog_one2one,98.7288,protein_coding,protein_coding,protein_coding,FALSE,FALSE,FALSE,FALSE
Sycp3,SYCP3,Daneman,liver_only,TRUE,FALSE,FALSE,1,ENSG00000139351,ENSMUSG00000096902,ortholog_one2many,25.8475,ENSMMUG00000063989,ortholog_one2one,98.7288,protein_coding,protein_coding,protein_coding,FALSE,FALSE,FALSE,FALSE
Sycp3,SYCP3,Daneman,liver_only,TRUE,FALSE,FALSE,1,ENSG00000139351,ENSMUSG00000101286,ortholog_one2many,25.8475,ENSMMUG00000063989,ortholog_one2one,98.7288,protein_coding,protein_coding,protein_coding,FALSE,FALSE,FALSE,FALSE
Sycp3,SYCP3,Daneman,liver_only,TRUE,FALSE,FALSE,1,ENSG00000139351,ENSMUSG00000094181,ortholog_one2many,24.1525,ENSMMUG00000063989,ortholog_one2one,98.7288,protein_coding,protein_coding,protein_coding,FALSE,FALSE,FALSE,FALSE
Sycp3,SYCP3,Daneman,liver_only,TRUE,FALSE,FALSE,1,ENSG00000139351,ENSMUSG00000100856,ortholog_one2many,25.8475,ENSMMUG00000063989,ortholog_one2one,98.7288,protein_coding,protein_coding,protein_coding,FALSE,FALSE,FALSE,FALSE
Sycp3,SYCP3,Daneman,liver_only,TRUE,FALSE,FALSE,1,ENSG00000139351,ENSMUSG00000094570,ortholog_one2many,25.8475,ENSMMUG00000063989,ortholog_one2one,98.7288,protein_coding,protein_coding,protein_coding,FALSE,FALSE,FALSE,FALSE
Sycp3,SYCP3,Daneman,liver_only,TRUE,FALSE,FALSE,1,ENSG00000139351,ENSMUSG00000031125,ortholog_one2many,27.9661,ENSMMUG00000063989,ortholog_one2one,98.7288,protein_coding,protein_coding,protein_coding,FALSE,FALSE,FALSE,FALSE
Sycp3,SYCP3,Daneman,liver_only,TRUE,FALSE,FALSE,1,ENSG00000139351,ENSMUSG00000080725,ortholog_one2many,15.678,ENSMMUG00000063989,ortholog_one2one,98.7288,protein_coding,protein_coding,protein_coding,FALSE,FALSE,FALSE,FALSE
Sycp3,SYCP3,Daneman,liver_only,TRUE,FALSE,FALSE,1,ENSG00000139351,ENSMUSG00000094616,ortholog_one2many,25.8475,ENSMMUG00000063989,ortholog_one2one,98.7288,protein_coding,protein_coding,protein_coding,FALSE,FALSE,FALSE,FALSE
Sycp3,SYCP3,Daneman,liver_only,TRUE,FALSE,FALSE,1,ENSG00000139351,ENSMUSG00000100902,ortholog_one2many,25.8475,ENSMMUG00000063989,ortholog_one2one,98.7288,protein_coding,protein_coding,protein_coding,FALSE,FALSE,FALSE,FALSE
Sycp3,SYCP3,Daneman,liver_only,TRUE,FALSE,FALSE,1,ENSG00000139351,ENSMUSG00000073247,ortholog_one2many,14.8305,ENSMMUG00000063989,ortholog_one2one,98.7288,protein_coding,protein_coding,protein_coding,FALSE,FALSE,FALSE,FALSE
Sycp3,SYCP3,Daneman,liver_only,TRUE,FALSE,FALSE,1,ENSG00000139351,ENSMUSG00000095793,ortholog_one2many,25.8475,ENSMMUG00000063989,ortholog_one2one,98.7288,protein_coding,protein_coding,protein_coding,FALSE,FALSE,FALSE,FALSE
Sycp3,SYCP3,Daneman,liver_only,TRUE,FALSE,FALSE,1,ENSG00000139351,ENSMUSG00000100645,ortholog_one2many,25.8475,ENSMMUG00000063989,ortholog_one2one,98.7288,protein_coding,protein_coding,protein_coding,FALSE,FALSE,FALSE,FALSE
Sycp3,SYCP3,Daneman,liver_only,TRUE,FALSE,FALSE,1,ENSG00000139351,ENSMUSG00000099840,ortholog_one2many,25.8475,ENSMMUG00000063989,ortholog_one2one,98.7288,protein_coding,protein_coding,protein_coding,FALSE,FALSE,FALSE,FALSE
Sycp3,SYCP3,Daneman,liver_only,TRUE,FALSE,FALSE,1,ENSG00000139351,ENSMUSG00000100726,ortholog_one2many,25.8475,ENSMMUG00000063989,ortholog_one2one,98.7288,protein_coding,protein_coding,protein_coding,FALSE,FALSE,FALSE,FALSE
Sycp3,SYCP3,Daneman,liver_only,TRUE,FALSE,FALSE,1,ENSG00000139351,ENSMUSG00000099894,ortholog_one2many,25.4237,ENSMMUG00000063989,ortholog_one2one,98.7288,protein_coding,protein_coding,protein_coding,FALSE,FALSE,FALSE,FALSE
Sycp3,SYCP3,Daneman,liver_only,TRUE,FALSE,FALSE,1,ENSG00000139351,ENSMUSG00000100032,ortholog_one2many,25.8475,ENSMMUG00000063989,ortholog_one2one,98.7288,protein_coding,protein_coding,protein_coding,FALSE,FALSE,FALSE,FALSE
Sycp3,SYCP3,Daneman,liver_only,TRUE,FALSE,FALSE,1,ENSG00000139351,ENSMUSG00000094746,ortholog_one2many,25.8475,ENSMMUG00000063989,ortholog_one2one,98.7288,protein_coding,protein_coding,protein_coding,FALSE,FALSE,FALSE,FALSE
Sycp3,SYCP3,Daneman,liver_only,TRUE,FALSE,FALSE,1,ENSG00000139351,ENSMUSG00000100467,ortholog_one2many,24.1525,ENSMMUG00000063989,ortholog_one2one,98.7288,protein_coding,protein_coding,protein_coding,FALSE,FALSE,FALSE,FALSE
Sycp3,SYCP3,Daneman,liver_only,TRUE,FALSE,FALSE,1,ENSG00000139351,ENSMUSG00000095293,ortholog_one2many,14.8305,ENSMMUG00000063989,ortholog_one2one,98.7288,protein_coding,protein_coding,protein_coding,FALSE,FALSE,FALSE,FALSE
Sycp3,SYCP3,Daneman,liver_only,TRUE,FALSE,FALSE,1,ENSG00000139351,ENSMUSG00000082639,ortholog_one2many,15.678,ENSMMUG00000063989,ortholog_one2one,98.7288,protein_coding,protein_coding,protein_coding,FALSE,FALSE,FALSE,FALSE
Sycp3,SYCP3,Daneman,liver_only,TRUE,FALSE,FALSE,1,ENSG00000139351,ENSMUSG00000101766,ortholog_one2many,25.8475,ENSMMUG00000063989,ortholog_one2one,98.7288,protein_coding,protein_coding,protein_coding,FALSE,FALSE,FALSE,FALSE
Sycp3,SYCP3,Daneman,liver_only,TRUE,FALSE,FALSE,1,ENSG00000139351,ENSMUSG00000100608,ortholog_one2many,24.5763,ENSMMUG00000063989,ortholog_one2one,98.7288,protein_coding,protein_coding,protein_coding,FALSE,FALSE,FALSE,FALSE
Sycp3,SYCP3,Daneman,liver_only,TRUE,FALSE,FALSE,1,ENSG00000139351,ENSMUSG00000100338,ortholog_one2many,25.4237,ENSMMUG00000063989,ortholog_one2one,98.7288,protein_coding,protein_coding,protein_coding,FALSE,FALSE,FALSE,FALSE
Sycp3,SYCP3,Daneman,liver_only,TRUE,FALSE,FALSE,1,ENSG00000139351,ENSMUSG00000095063,ortholog_one2many,15.678,ENSMMUG00000063989,ortholog_one2one,98.7288,protein_coding,protein_coding,protein_coding,FALSE,FALSE,FALSE,FALSE
Sycp3,SYCP3,Daneman,liver_only,TRUE,FALSE,FALSE,1,ENSG00000139351,ENSMUSG00000095546,ortholog_one2many,14.8305,ENSMMUG00000063989,ortholog_one2one,98.7288,protein_coding,protein_coding,protein_coding,FALSE,FALSE,FALSE,FALSE
Sycp3,SYCP3,Daneman,liver_only,TRUE,FALSE,FALSE,1,ENSG00000139351,ENSMUSG00000099856,ortholog_one2many,25.8475,ENSMMUG00000063989,ortholog_one2one,98.7288,protein_coding,protein_coding,protein_coding,FALSE,FALSE,FALSE,FALSE
Syne1,SYNE1,Daneman,liver_only,TRUE,FALSE,TRUE,2,ENSG00000131018,ENSMUSG00000096054,ortholog_one2one,84.9153,ENSMMUG00000019048,ortholog_one2one,98.0903,protein_coding,protein_coding,protein_coding,FALSE,FALSE,FALSE,FALSE
Synm,SYNM,Munji,NA,TRUE,FALSE,FALSE,1,ENSG00000182253,ENSMUSG00000030554,ortholog_one2one,69.1374,ENSMMUG00000005220,ortholog_one2one,94.1853,protein_coding,protein_coding,protein_coding,FALSE,FALSE,FALSE,FALSE
Synpo2,SYNPO2,Munji,NA,TRUE,FALSE,TRUE,2,ENSG00000172403,ENSMUSG00000050315,ortholog_one2one,79.4607,ENSMMUG00000008702,ortholog_one2one,96.9865,protein_coding,protein_coding,protein_coding,FALSE,FALSE,FALSE,FALSE
Syt7,SYT7,Both,liver_only,TRUE,FALSE,FALSE,1,ENSG00000011347,ENSMUSG00000024743,ortholog_one2one,97.9592,ENSMMUG00000005122,ortholog_one2one,95.6268,protein_coding,protein_coding,protein_coding,FALSE,FALSE,FALSE,FALSE
Sytl1,SYTL1,Munji,NA,TRUE,FALSE,FALSE,1,ENSG00000142765,ENSMUSG00000028860,ortholog_one2one,82.2064,ENSMMUG00000004768,ortholog_one2one,96.0854,protein_coding,protein_coding,protein_coding,FALSE,FALSE,FALSE,FALSE
Tacc2,TACC2,Daneman,liver_only,TRUE,FALSE,FALSE,1,ENSG00000138162,ENSMUSG00000030852,ortholog_one2one,59.9389,ENSMMUG00000013033,ortholog_one2one,90.1967,protein_coding,protein_coding,protein_coding,FALSE,FALSE,FALSE,FALSE
Tacc3,TACC3,Munji,NA,TRUE,FALSE,FALSE,1,ENSG00000013810,ENSMUSG00000037313,ortholog_one2one,38.1862,ENSMMUG00000011191,ortholog_one2one,88.7828,protein_coding,protein_coding,protein_coding,FALSE,FALSE,FALSE,FALSE
Tacr3,TACR3,Daneman,lung_only,FALSE,FALSE,FALSE,0,ENSG00000169836,ENSMUSG00000028172,ortholog_one2one,85.8064,ENSMMUG00000049998,ortholog_one2one,97.8495,protein_coding,protein_coding,protein_coding,FALSE,FALSE,FALSE,FALSE
Tada2a,TADA2A,Munji,NA,TRUE,FALSE,FALSE,1,ENSG00000277104,NA,NA,NA,NA,NA,NA,protein_coding,NA,NA,FALSE,FALSE,FALSE,FALSE
Tax1bp3,TAX1BP3,Daneman,lung_only,TRUE,FALSE,FALSE,1,ENSG00000213977,ENSMUSG00000040158,ortholog_one2one,99.1936,ENSMMUG00000058688,ortholog_one2one,100,protein_coding,protein_coding,protein_coding,FALSE,FALSE,FALSE,FALSE
Tbc1d14,TBC1D14,Munji,NA,TRUE,FALSE,FALSE,1,ENSG00000132405,ENSMUSG00000029192,ortholog_one2one,90.6205,ENSMMUG00000017000,ortholog_one2one,98.8456,protein_coding,protein_coding,protein_coding,FALSE,FALSE,FALSE,FALSE
Tbc1d4,TBC1D4,Both,liver_only,TRUE,FALSE,TRUE,2,ENSG00000136111,ENSMUSG00000033083,ortholog_one2one,90.2157,ENSMMUG00000021197,ortholog_one2one,97.5347,protein_coding,protein_coding,protein_coding,FALSE,FALSE,FALSE,FALSE
Tbrg4,TBRG4,Daneman,lung_only,TRUE,FALSE,FALSE,1,ENSG00000136270,ENSMUSG00000000384,ortholog_one2one,75.5943,ENSMMUG00000010823,ortholog_one2one,91.4422,protein_coding,protein_coding,protein_coding,FALSE,FALSE,FALSE,FALSE
Tbx1,TBX1,Both,liver_only,TRUE,FALSE,FALSE,1,ENSG00000184058,ENSMUSG00000009097,ortholog_one2one,88.6905,ENSMMUG00000017140,ortholog_one2one,95.6349,protein_coding,protein_coding,protein_coding,FALSE,FALSE,FALSE,FALSE
Tbx2,TBX2,Daneman,liver_and_lung,TRUE,FALSE,TRUE,2,ENSG00000121068,ENSMUSG00000000093,ortholog_one2one,95.0843,ENSMMUG00000046656,ortholog_one2one,99.5787,protein_coding,protein_coding,protein_coding,FALSE,FALSE,FALSE,FALSE
Tbx3,TBX3,Daneman,liver_only,TRUE,FALSE,FALSE,1,ENSG00000135111,ENSMUSG00000018604,ortholog_one2one,93.7759,ENSMMUG00000015070,ortholog_one2one,99.3084,protein_coding,protein_coding,protein_coding,FALSE,FALSE,FALSE,FALSE
Tceal8,TCEAL8,Daneman,lung_only,TRUE,FALSE,FALSE,1,ENSG00000180964,ENSMUSG00000051579,ortholog_one2one,72.6496,ENSMMUG00000052429,ortholog_one2one,96.5812,protein_coding,protein_coding,protein_coding,FALSE,FALSE,FALSE,FALSE
Tcf19,TCF19,Daneman,lung_only,TRUE,FALSE,FALSE,1,ENSG00000233890,NA,NA,NA,NA,NA,NA,protein_coding,NA,NA,FALSE,FALSE,FALSE,FALSE
Tcf23,TCF23,Daneman,liver_only,TRUE,FALSE,FALSE,1,ENSG00000163792,ENSMUSG00000006642,ortholog_one2one,77.1028,ENSMMUG00000056872,ortholog_one2one,97.1963,protein_coding,protein_coding,protein_coding,FALSE,FALSE,FALSE,FALSE
Tchp,TCHP,Munji,NA,TRUE,FALSE,FALSE,1,ENSG00000139437,NA,NA,NA,ENSMMUG00000031562,ortholog_one2one,94.3775,protein_coding,NA,protein_coding,FALSE,FALSE,FALSE,FALSE
Tdg,TDG,Daneman,lung_only,TRUE,FALSE,FALSE,1,ENSG00000139372,ENSMUSG00000034674,ortholog_one2one,88.0488,ENSMMUG00000021291,ortholog_one2one,97.8049,protein_coding,protein_coding,protein_coding,FALSE,FALSE,FALSE,FALSE
Tecrl,TECRL,Munji,NA,FALSE,FALSE,FALSE,0,ENSG00000205678,ENSMUSG00000049537,ortholog_one2one,82.0937,ENSMMUG00000005537,ortholog_one2one,97.7961,protein_coding,protein_coding,protein_coding,FALSE,FALSE,FALSE,FALSE
Tenc1,TENC1,Daneman,liver_and_lung,FALSE,FALSE,FALSE,0,NA,NA,NA,NA,NA,NA,NA,NA,NA,NA,FALSE,FALSE,FALSE,FALSE
Tes,TES,Daneman,lung_only,TRUE,FALSE,FALSE,1,ENSG00000135269,ENSMUSG00000068113,ortholog_one2many,77.4347,ENSMMUG00000007097,ortholog_one2one,99.5249,protein_coding,protein_coding,protein_coding,FALSE,FALSE,FALSE,FALSE
Tes,TES,Daneman,lung_only,TRUE,FALSE,FALSE,1,ENSG00000135269,ENSMUSG00000029552,ortholog_one2many,91.4489,ENSMMUG00000007097,ortholog_one2one,99.5249,protein_coding,protein_coding,protein_coding,FALSE,FALSE,FALSE,FALSE
Trf,TF,Daneman,lung_only,TRUE,FALSE,FALSE,1,ENSG00000091513,ENSMUSG00000032554,ortholog_one2one,73.0659,ENSMMUG00000008916,ortholog_one2one,91.5473,protein_coding,protein_coding,protein_coding,FALSE,FALSE,FALSE,FALSE
Tfdp1,TFDP1,Daneman,lung_only,TRUE,FALSE,FALSE,1,ENSG00000198176,ENSMUSG00000038482,ortholog_one2one,94.8781,ENSMMUG00000007423,ortholog_one2one,100,protein_coding,protein_coding,protein_coding,FALSE,FALSE,FALSE,FALSE
Tfpi,TFPI,Daneman,lung_only,TRUE,FALSE,TRUE,2,ENSG00000003436,ENSMUSG00000027082,ortholog_one2one,59.2105,ENSMMUG00000009448,ortholog_one2one,93.75,protein_coding,protein_coding,protein_coding,FALSE,FALSE,FALSE,FALSE
Tfpi2,TFPI2,Daneman,lung_only,TRUE,FALSE,FALSE,1,ENSG00000105825,ENSMUSG00000029664,ortholog_one2one,52.3404,ENSMMUG00000020581,ortholog_one2one,93.1915,protein_coding,protein_coding,protein_coding,FALSE,FALSE,FALSE,FALSE
Tfrc,TFRC,Munji,NA,TRUE,FALSE,TRUE,2,ENSG00000072274,ENSMUSG00000022797,ortholog_one2one,76.5789,ENSMMUG00000002114,ortholog_one2one,94.6053,protein_coding,protein_coding,protein_coding,FALSE,FALSE,FALSE,FALSE
Tgfa,TGFA,Munji,NA,TRUE,FALSE,FALSE,1,ENSG00000163235,ENSMUSG00000029999,ortholog_one2one,91.875,ENSMMUG00000010591,ortholog_one2one,93.125,protein_coding,protein_coding,protein_coding,FALSE,FALSE,FALSE,FALSE
Tgfb2,TGFB2,Munji,NA,TRUE,FALSE,FALSE,1,ENSG00000092969,ENSMUSG00000039239,ortholog_one2one,95.8937,ENSMMUG00000004071,ortholog_one2one,99.7585,protein_coding,protein_coding,protein_coding,FALSE,FALSE,FALSE,FALSE
Tgfbi,TGFBI,Daneman,liver_and_lung,TRUE,FALSE,TRUE,2,ENSG00000120708,ENSMUSG00000035493,ortholog_one2one,90.6296,ENSMMUG00000000332,ortholog_one2one,89.4583,protein_coding,protein_coding,protein_coding,FALSE,FALSE,FALSE,FALSE
Tgfbr3,TGFBR3,Daneman,liver_only,TRUE,FALSE,TRUE,2,ENSG00000069702,ENSMUSG00000029287,ortholog_one2one,81.4336,ENSMMUG00000001742,ortholog_one2one,98.0023,protein_coding,protein_coding,protein_coding,FALSE,FALSE,FALSE,FALSE
Tgif2,TGIF2,Daneman,lung_only,TRUE,FALSE,FALSE,1,ENSG00000118707,ENSMUSG00000062175,ortholog_one2one,93.6709,ENSMMUG00000008195,ortholog_one2one,99.1561,protein_coding,protein_coding,protein_coding,FALSE,FALSE,FALSE,FALSE
Tgm2,TGM2,Daneman,liver_only,TRUE,TRUE,TRUE,3,ENSG00000198959,ENSMUSG00000037820,ortholog_one2one,84.1339,ENSMMUG00000018925,ortholog_one2one,98.9811,protein_coding,protein_coding,protein_coding,FALSE,FALSE,FALSE,FALSE
Thbd,THBD,Daneman,liver_only,TRUE,FALSE,TRUE,2,ENSG00000178726,ENSMUSG00000074743,ortholog_one2one,67.8261,ENSMMUG00000016814,ortholog_one2one,87.8261,protein_coding,protein_coding,protein_coding,FALSE,FALSE,FALSE,FALSE
Thra,THRA,Munji,NA,TRUE,FALSE,FALSE,1,ENSG00000126351,ENSMUSG00000058756,ortholog_one2one,99.2683,ENSMMUG00000002931,ortholog_one2one,89.512200000000007,protein_coding,protein_coding,protein_coding,FALSE,FALSE,FALSE,FALSE
Thrsp,THRSP,Daneman,liver_only,FALSE,FALSE,FALSE,0,ENSG00000151365,ENSMUSG00000035686,ortholog_one2one,84.9315,ENSMMUG00000017470,ortholog_one2one,92.4658,protein_coding,protein_coding,protein_coding,FALSE,FALSE,FALSE,FALSE
Thsd1,THSD1,Munji,NA,TRUE,FALSE,FALSE,1,ENSG00000136114,ENSMUSG00000031480,ortholog_one2one,78.6385,ENSMMUG00000009528,ortholog_one2one,96.1268,protein_coding,protein_coding,protein_coding,FALSE,FALSE,FALSE,FALSE
Tiam1,TIAM1,Munji,NA,TRUE,FALSE,FALSE,1,ENSG00000156299,ENSMUSG00000002489,ortholog_one2one,95.4745,ENSMMUG00000019571,ortholog_one2one,99.3086,protein_coding,protein_coding,protein_coding,FALSE,FALSE,FALSE,FALSE
Tie1,TIE1,Daneman,lung_only,TRUE,FALSE,TRUE,2,ENSG00000066056,ENSMUSG00000033191,ortholog_one2one,92.6186,ENSMMUG00000010660,ortholog_one2one,98.2425,protein_coding,protein_coding,protein_coding,FALSE,FALSE,FALSE,FALSE
Timm13,TIMM13,Daneman,lung_only,TRUE,FALSE,FALSE,1,ENSG00000099800,ENSMUSG00000020219,ortholog_one2one,94.7368,NA,NA,NA,protein_coding,protein_coding,NA,FALSE,FALSE,FALSE,FALSE
Timm22,TIMM22,Daneman,lung_only,TRUE,FALSE,FALSE,1,ENSG00000277649,NA,NA,NA,NA,NA,NA,protein_coding,NA,NA,FALSE,FALSE,FALSE,FALSE
Timp3,TIMP3,Daneman,liver_only,TRUE,TRUE,TRUE,3,ENSG00000100234,ENSMUSG00000020044,ortholog_one2one,96.2085,ENSMMUG00000062825,ortholog_one2one,100,protein_coding,protein_coding,protein_coding,FALSE,FALSE,FALSE,FALSE
Tiprl,TIPRL,Daneman,lung_only,TRUE,FALSE,FALSE,1,ENSG00000143155,ENSMUSG00000040843,ortholog_one2one,96.6912,ENSMMUG00000021166,ortholog_one2many,99.6324,protein_coding,protein_coding,protein_coding,FALSE,FALSE,FALSE,FALSE
Tiprl,TIPRL,Daneman,lung_only,TRUE,FALSE,FALSE,1,ENSG00000143155,ENSMUSG00000040843,ortholog_one2one,96.6912,ENSMMUG00000051857,ortholog_one2many,52.9412,protein_coding,protein_coding,protein_coding,FALSE,FALSE,FALSE,FALSE
Tkt,TKT,Daneman,lung_only,TRUE,FALSE,FALSE,1,ENSG00000163931,ENSMUSG00000021957,ortholog_one2one,94.703,ENSMMUG00000014433,ortholog_one2one,99.1974,protein_coding,protein_coding,protein_coding,FALSE,FALSE,FALSE,FALSE
Tm4sf1,TM4SF1,Daneman,liver_only,TRUE,TRUE,TRUE,3,ENSG00000169908,ENSMUSG00000027800,ortholog_one2one,77.2277,ENSMMUG00000052736,ortholog_one2one,98.0198,protein_coding,protein_coding,protein_coding,FALSE,FALSE,FALSE,FALSE
Tm7sf3,TM7SF3,Daneman,liver_only,TRUE,FALSE,FALSE,1,ENSG00000064115,ENSMUSG00000040234,ortholog_one2one,77.5439,ENSMMUG00000003217,ortholog_one2one,97.193,protein_coding,protein_coding,protein_coding,FALSE,FALSE,FALSE,FALSE
Tmc7,TMC7,Munji,NA,TRUE,FALSE,FALSE,1,ENSG00000170537,ENSMUSG00000042246,ortholog_one2one,91.0097,ENSMMUG00000006911,ortholog_one2one,97.787,protein_coding,protein_coding,protein_coding,FALSE,FALSE,FALSE,FALSE
Tmcc2,TMCC2,Daneman,liver_only,TRUE,FALSE,FALSE,1,ENSG00000133069,ENSMUSG00000042066,ortholog_one2one,94.2172,ENSMMUG00000010480,ortholog_one2one,99.1537,protein_coding,protein_coding,protein_coding,FALSE,FALSE,FALSE,FALSE
Tmcc3,TMCC3,Daneman,liver_only,TRUE,FALSE,TRUE,2,ENSG00000057704,ENSMUSG00000020023,ortholog_one2one,93.9203,ENSMMUG00000018242,ortholog_one2one,94.7589,protein_coding,protein_coding,protein_coding,FALSE,FALSE,FALSE,FALSE
Tmeff1,TMEFF1,Both,liver_only,TRUE,FALSE,FALSE,1,ENSG00000241697,ENSMUSG00000028347,ortholog_one2one,92.8947,ENSMMUG00000009775,ortholog_one2one,85.2632,protein_coding,protein_coding,protein_coding,FALSE,FALSE,FALSE,FALSE
Tmem123,TMEM123,Munji,NA,TRUE,FALSE,TRUE,2,ENSG00000152558,ENSMUSG00000050912,ortholog_one2one,50,ENSMMUG00000003403,ortholog_one2one,93.2692,protein_coding,protein_coding,protein_coding,FALSE,FALSE,FALSE,FALSE
Tmem14c,TMEM14C,Daneman,lung_only,TRUE,FALSE,FALSE,1,ENSG00000284936,NA,NA,NA,NA,NA,NA,protein_coding,NA,NA,FALSE,FALSE,FALSE,FALSE
Tmem184a,TMEM184A,Munji,NA,TRUE,FALSE,FALSE,1,ENSG00000164855,ENSMUSG00000036687,ortholog_one2one,83.293,ENSMMUG00000013080,ortholog_one2one,96.368,protein_coding,protein_coding,protein_coding,FALSE,FALSE,FALSE,FALSE
Tmem2,TMEM2,Daneman,lung_only,TRUE,FALSE,FALSE,1,NA,NA,NA,NA,NA,NA,NA,NA,NA,NA,FALSE,FALSE,FALSE,FALSE
Tmem30a,TMEM30A,Daneman,liver_only,TRUE,FALSE,FALSE,1,ENSG00000112697,ENSMUSG00000032328,ortholog_one2one,88.9197,ENSMMUG00000019273,ortholog_one2one,98.892,protein_coding,protein_coding,protein_coding,FALSE,FALSE,FALSE,FALSE
Tmem37,TMEM37,Daneman,lung_only,TRUE,FALSE,FALSE,1,ENSG00000171227,ENSMUSG00000050777,ortholog_one2one,74.7368,ENSMMUG00000060725,ortholog_one2one,92.6316,protein_coding,protein_coding,protein_coding,FALSE,FALSE,FALSE,FALSE
Tmem44,TMEM44,Daneman,lung_only,TRUE,FALSE,TRUE,2,ENSG00000145014,ENSMUSG00000022537,ortholog_one2one,78.271,ENSMMUG00000010706,ortholog_one2one,95.7944,protein_coding,protein_coding,protein_coding,FALSE,FALSE,FALSE,FALSE
Tmem8,TMEM8A,Munji,NA,TRUE,FALSE,FALSE,1,NA,NA,NA,NA,NA,NA,NA,NA,NA,NA,FALSE,FALSE,FALSE,FALSE
Tmub1,TMUB1,Munji,NA,TRUE,FALSE,FALSE,1,ENSG00000164897,ENSMUSG00000028958,ortholog_one2one,56.9106,ENSMMUG00000020466,ortholog_one2one,98.374,protein_coding,protein_coding,protein_coding,FALSE,FALSE,FALSE,FALSE
Tnf,TNF,Daneman,lung_only,TRUE,FALSE,FALSE,1,ENSG00000228978,NA,NA,NA,NA,NA,NA,protein_coding,NA,NA,FALSE,FALSE,FALSE,FALSE
Tnfaip1,TNFAIP1,Daneman,lung_only,TRUE,FALSE,FALSE,1,ENSG00000109079,ENSMUSG00000017615,ortholog_one2one,97.1519,ENSMMUG00000019145,ortholog_one2one,100,protein_coding,protein_coding,protein_coding,FALSE,FALSE,FALSE,FALSE
Tnfaip2,TNFAIP2,Daneman,lung_only,TRUE,FALSE,FALSE,1,ENSG00000185215,ENSMUSG00000021281,ortholog_one2one,72.3242,ENSMMUG00000021634,ortholog_one2one,83.6391,protein_coding,protein_coding,protein_coding,FALSE,FALSE,FALSE,FALSE
Tnfaip8l1,TNFAIP8L1,Daneman,lung_only,TRUE,FALSE,FALSE,1,ENSG00000185361,ENSMUSG00000044469,ortholog_one2one,81.7204,ENSMMUG00000010998,ortholog_one2one,98.9247,protein_coding,protein_coding,protein_coding,FALSE,FALSE,FALSE,FALSE
Tnfrsf19,TNFRSF19,Munji,NA,TRUE,FALSE,FALSE,1,ENSG00000127863,ENSMUSG00000060548,ortholog_one2one,70.7434,ENSMMUG00000004237,ortholog_one2one,92.3261,protein_coding,protein_coding,protein_coding,FALSE,FALSE,FALSE,FALSE
Tnfrsf21,TNFRSF21,Daneman,liver_and_lung,TRUE,FALSE,FALSE,1,ENSG00000146072,ENSMUSG00000023915,ortholog_one2one,89.0076,ENSMMUG00000011905,ortholog_one2one,98.7786,protein_coding,protein_coding,protein_coding,FALSE,FALSE,FALSE,FALSE
Tnfsf10,TNFSF10,Daneman,liver_only,TRUE,FALSE,TRUE,2,ENSG00000121858,ENSMUSG00000039304,ortholog_one2one,64.4128,ENSMMUG00000019302,ortholog_one2one,96.0854,protein_coding,protein_coding,protein_coding,FALSE,FALSE,FALSE,FALSE
Tnrc6c,TNRC6C,Daneman,liver_only,TRUE,FALSE,FALSE,1,ENSG00000078687,ENSMUSG00000025571,ortholog_one2one,88.9463,ENSMMUG00000011924,ortholog_one2one,97.5723,protein_coding,protein_coding,protein_coding,FALSE,FALSE,FALSE,FALSE
Tns1,TNS1,Daneman,liver_only,TRUE,FALSE,FALSE,1,ENSG00000079308,ENSMUSG00000055322,ortholog_one2one,88.2001,ENSMMUG00000013785,ortholog_one2one,97.553,protein_coding,protein_coding,protein_coding,FALSE,FALSE,FALSE,FALSE
Tns3,TNS3,Daneman,liver_and_lung,TRUE,FALSE,FALSE,1,ENSG00000136205,ENSMUSG00000020422,ortholog_one2one,83.1834,ENSMMUG00000019393,ortholog_one2one,97.2318,protein_coding,protein_coding,protein_coding,FALSE,FALSE,FALSE,FALSE
Tob1,TOB1,Both,liver_only,TRUE,FALSE,FALSE,1,ENSG00000141232,ENSMUSG00000037573,ortholog_one2one,96.8116,ENSMMUG00000022740,ortholog_one2one,100,protein_coding,protein_coding,protein_coding,FALSE,FALSE,FALSE,FALSE
Tomm20,TOMM20,Daneman,lung_only,TRUE,FALSE,FALSE,1,ENSG00000173726,ENSMUSG00000093904,ortholog_one2one,99.3103,ENSMMUG00000058824,ortholog_one2one,100,protein_coding,protein_coding,protein_coding,FALSE,FALSE,FALSE,FALSE
Top1mt,TOP1MT,Munji,NA,TRUE,FALSE,FALSE,1,ENSG00000184428,ENSMUSG00000000934,ortholog_one2one,72.8785,ENSMMUG00000022933,ortholog_one2one,88.02,protein_coding,protein_coding,protein_coding,FALSE,FALSE,FALSE,FALSE
Top2a,TOP2A,Daneman,lung_only,TRUE,FALSE,FALSE,1,ENSG00000131747,ENSMUSG00000020914,ortholog_one2one,89.5493,ENSMMUG00000008941,ortholog_one2one,98.3018,protein_coding,protein_coding,protein_coding,FALSE,FALSE,FALSE,FALSE
Tor3a,TOR3A,Daneman,liver_only,TRUE,FALSE,FALSE,1,ENSG00000186283,ENSMUSG00000060519,ortholog_one2one,67.5063,ENSMMUG00000006261,ortholog_one2one,94.9622,protein_coding,protein_coding,protein_coding,FALSE,FALSE,FALSE,FALSE
Trp53i11,TP53I11,Daneman,lung_only,TRUE,FALSE,FALSE,1,ENSG00000175274,ENSMUSG00000068735,ortholog_one2one,90.4762,ENSMMUG00000059728,ortholog_one2one,62.4339,protein_coding,protein_coding,protein_coding,FALSE,FALSE,FALSE,FALSE
Trp53inp1,TP53INP1,Daneman,liver_only,TRUE,FALSE,FALSE,1,ENSG00000164938,ENSMUSG00000028211,ortholog_one2one,87.0833,ENSMMUG00000057219,ortholog_one2one,97.9167,protein_coding,protein_coding,protein_coding,FALSE,FALSE,FALSE,FALSE
Tpcn1,TPCN1,Daneman,lung_only,TRUE,FALSE,FALSE,1,ENSG00000186815,ENSMUSG00000032741,ortholog_one2one,90.9314,ENSMMUG00000004435,ortholog_one2one,98.8971,protein_coding,protein_coding,protein_coding,FALSE,FALSE,FALSE,FALSE
Tpd52,TPD52,Both,liver_only,TRUE,FALSE,FALSE,1,ENSG00000076554,ENSMUSG00000027506,ortholog_one2one,85.0242,ENSMMUG00000022369,ortholog_one2one,98.5507,protein_coding,protein_coding,protein_coding,FALSE,FALSE,FALSE,FALSE
Tprn,TPRN,Munji,NA,TRUE,FALSE,FALSE,1,ENSG00000176058,ENSMUSG00000048707,ortholog_one2one,70.8861,ENSMMUG00000001677,ortholog_one2one,92.827,protein_coding,protein_coding,protein_coding,FALSE,FALSE,FALSE,FALSE
Trappc1,TRAPPC1,Daneman,lung_only,TRUE,FALSE,FALSE,1,ENSG00000170043,ENSMUSG00000049299,ortholog_one2one,98.6207,ENSMMUG00000055778,ortholog_one2one,100,protein_coding,protein_coding,protein_coding,FALSE,FALSE,FALSE,FALSE
Trim47,TRIM47,Daneman,liver_only,TRUE,FALSE,FALSE,1,ENSG00000132481,ENSMUSG00000020773,ortholog_one2one,89.0282,ENSMMUG00000009377,ortholog_one2one,97.0219,protein_coding,protein_coding,protein_coding,FALSE,FALSE,FALSE,FALSE
Trim6,TRIM6,Munji,NA,TRUE,FALSE,FALSE,1,ENSG00000121236,ENSMUSG00000072244,ortholog_one2one,75.7752,ENSMMUG00000013490,ortholog_one2one,95.7364,protein_coding,protein_coding,protein_coding,FALSE,FALSE,FALSE,FALSE
Trip6,TRIP6,Daneman,lung_only,TRUE,FALSE,FALSE,1,ENSG00000087077,ENSMUSG00000023348,ortholog_one2one,87.1849,ENSMMUG00000021252,ortholog_one2one,98.3193,protein_coding,protein_coding,protein_coding,FALSE,FALSE,FALSE,FALSE
Trpc1,TRPC1,Daneman,liver_and_lung,TRUE,FALSE,FALSE,1,ENSG00000144935,ENSMUSG00000032839,ortholog_one2one,99.7478,ENSMMUG00000012405,ortholog_one2one,99.8739,protein_coding,protein_coding,protein_coding,FALSE,FALSE,FALSE,FALSE
Trpm6,TRPM6,Munji,NA,TRUE,FALSE,TRUE,2,ENSG00000119121,ENSMUSG00000024727,ortholog_one2one,78.2394,ENSMMUG00000013102,ortholog_one2one,96.1919,protein_coding,protein_coding,protein_coding,FALSE,FALSE,FALSE,FALSE
Trrap,TRRAP,Daneman,liver_and_lung,TRUE,FALSE,FALSE,1,ENSG00000196367,ENSMUSG00000045482,ortholog_one2one,98.2701,ENSMMUG00000023318,ortholog_one2one,99.8967,protein_coding,protein_coding,protein_coding,FALSE,FALSE,FALSE,FALSE
Tsc22d1,TSC22D1,Munji,NA,TRUE,FALSE,TRUE,2,ENSG00000102804,ENSMUSG00000022010,ortholog_one2one,86.0205,ENSMMUG00000003753,ortholog_one2one,97.2041,protein_coding,protein_coding,protein_coding,FALSE,FALSE,FALSE,FALSE
Tsc22d3,TSC22D3,Daneman,liver_only,TRUE,FALSE,TRUE,2,ENSG00000157514,ENSMUSG00000031431,ortholog_one2one,88.5,ENSMMUG00000057348,ortholog_one2one,99.5,protein_coding,protein_coding,protein_coding,FALSE,FALSE,FALSE,FALSE
Tsc22d4,TSC22D4,Daneman,lung_only,TRUE,FALSE,FALSE,1,ENSG00000166925,ENSMUSG00000144223,ortholog_one2many,84.3038,ENSMMUG00000041566,ortholog_one2one,82.5316,protein_coding,NA,protein_coding,FALSE,FALSE,FALSE,FALSE
Tsc22d4,TSC22D4,Daneman,lung_only,TRUE,FALSE,FALSE,1,ENSG00000166925,ENSMUSG00000144222,ortholog_one2many,70.1266,ENSMMUG00000041566,ortholog_one2one,82.5316,protein_coding,NA,protein_coding,FALSE,FALSE,FALSE,FALSE
Tspan18,TSPAN18,Daneman,lung_only,TRUE,FALSE,FALSE,1,ENSG00000157570,ENSMUSG00000027217,ortholog_one2one,90.7258,ENSMMUG00000000368,ortholog_one2one,100,protein_coding,protein_coding,protein_coding,FALSE,FALSE,FALSE,FALSE
Tspan2,TSPAN2,Daneman,lung_only,TRUE,FALSE,FALSE,1,ENSG00000134198,ENSMUSG00000027858,ortholog_one2one,93.6652,ENSMMUG00000017421,ortholog_one2one,68.3258,protein_coding,protein_coding,protein_coding,FALSE,FALSE,FALSE,FALSE
Tspan4,TSPAN4,Daneman,lung_only,TRUE,FALSE,FALSE,1,ENSG00000214063,ENSMUSG00000025511,ortholog_one2one,93.6975,ENSMMUG00000031282,ortholog_one2one,90.7563,protein_coding,protein_coding,protein_coding,FALSE,FALSE,FALSE,FALSE
Tspan5,TSPAN5,Munji,NA,TRUE,FALSE,TRUE,2,ENSG00000168785,ENSMUSG00000028152,ortholog_one2one,100,ENSMMUG00000011702,ortholog_one2one,100,protein_coding,protein_coding,protein_coding,FALSE,FALSE,FALSE,FALSE
Tspan6,TSPAN6,Daneman,lung_only,TRUE,FALSE,FALSE,1,ENSG00000000003,ENSMUSG00000067377,ortholog_one2one,93.0612,NA,NA,NA,protein_coding,protein_coding,NA,FALSE,FALSE,FALSE,FALSE
Tspan7,TSPAN7,Daneman,lung_only,TRUE,FALSE,FALSE,1,ENSG00000156298,ENSMUSG00000058254,ortholog_one2one,98.3936,ENSMMUG00000006876,ortholog_one2one,99.1968,protein_coding,protein_coding,protein_coding,FALSE,FALSE,FALSE,FALSE
Tspyl1,TSPYL1,Daneman,liver_only,TRUE,FALSE,FALSE,1,ENSG00000189241,ENSMUSG00000047514,ortholog_one2one,59.9542,ENSMMUG00000061148,ortholog_one2one,94.508,protein_coding,protein_coding,protein_coding,FALSE,FALSE,FALSE,FALSE
Tspyl4,TSPYL4,Daneman,liver_only,TRUE,FALSE,FALSE,1,ENSG00000187189,ENSMUSG00000039485,ortholog_one2one,76.8116,ENSMMUG00000014643,ortholog_one2one,96.1353,protein_coding,protein_coding,protein_coding,FALSE,FALSE,FALSE,FALSE
Tsta3,TSTA3,Daneman,lung_only,TRUE,FALSE,FALSE,1,NA,NA,NA,NA,NA,NA,NA,NA,NA,NA,FALSE,FALSE,FALSE,FALSE
Ttll7,TTLL7,Munji,NA,TRUE,FALSE,TRUE,2,ENSG00000137941,ENSMUSG00000036745,ortholog_one2one,88.3878,ENSMMUG00000016591,ortholog_one2one,99.0981,protein_coding,protein_coding,protein_coding,FALSE,FALSE,FALSE,FALSE
Ttyh2,TTYH2,Munji,NA,TRUE,FALSE,FALSE,1,ENSG00000141540,ENSMUSG00000034714,ortholog_one2one,82.5843,ENSMMUG00000003981,ortholog_one2one,92.8839,protein_coding,protein_coding,protein_coding,FALSE,FALSE,FALSE,FALSE
Ttyh3,TTYH3,Daneman,lung_only,TRUE,FALSE,FALSE,1,ENSG00000136295,ENSMUSG00000036565,ortholog_one2one,94.8375,ENSMMUG00000019005,ortholog_one2one,76.8642,protein_coding,protein_coding,protein_coding,FALSE,FALSE,FALSE,FALSE
Tubb5,TUBB,Daneman,lung_only,TRUE,FALSE,FALSE,1,ENSG00000224156,NA,NA,NA,NA,NA,NA,protein_coding,NA,NA,FALSE,FALSE,FALSE,FALSE
Tubb6,TUBB6,Daneman,lung_only,TRUE,FALSE,FALSE,1,ENSG00000176014,ENSMUSG00000001473,ortholog_one2one,97.3094,ENSMMUG00000007588,ortholog_one2one,99.7758,protein_coding,protein_coding,protein_coding,FALSE,FALSE,FALSE,FALSE
Txnip,TXNIP,Daneman,liver_only,TRUE,FALSE,TRUE,2,ENSG00000265972,ENSMUSG00000038393,ortholog_one2one,96.4194,ENSMMUG00000007338,ortholog_one2one,99.2327,protein_coding,protein_coding,protein_coding,FALSE,FALSE,FALSE,FALSE
Txnl1,TXNL1,Daneman,lung_only,TRUE,FALSE,FALSE,1,ENSG00000091164,ENSMUSG00000024583,ortholog_one2one,98.6159,ENSMMUG00000012915,ortholog_one2one,96.5398,protein_coding,protein_coding,protein_coding,FALSE,FALSE,FALSE,FALSE
Tymp,TYMP,Munji,NA,TRUE,FALSE,FALSE,1,ENSG00000025708,ENSMUSG00000022615,ortholog_one2one,79.4606,ENSMMUG00000001764,ortholog_one2one,83.8174,protein_coding,protein_coding,protein_coding,FALSE,FALSE,FALSE,FALSE
Uap1,UAP1,Daneman,liver_only,TRUE,FALSE,FALSE,1,ENSG00000117143,ENSMUSG00000026670,ortholog_one2one,93.4866,ENSMMUG00000019514,ortholog_one2one,98.8506,protein_coding,protein_coding,protein_coding,FALSE,FALSE,FALSE,FALSE
Ube2a,UBE2A,Daneman,lung_only,TRUE,FALSE,FALSE,1,ENSG00000077721,ENSMUSG00000016308,ortholog_one2one,100,ENSMMUG00000022667,ortholog_one2one,100,protein_coding,protein_coding,protein_coding,FALSE,FALSE,FALSE,FALSE
Ube2b,UBE2B,Daneman,liver_only,TRUE,FALSE,FALSE,1,ENSG00000119048,ENSMUSG00000020390,ortholog_one2one,100,ENSMMUG00000016641,ortholog_one2one,100,protein_coding,protein_coding,protein_coding,FALSE,FALSE,FALSE,FALSE
Ube2d3,UBE2D3,Daneman,lung_only,TRUE,FALSE,FALSE,1,ENSG00000109332,ENSMUSG00000078578,ortholog_one2one,97.9592,ENSMMUG00000011201,ortholog_one2one,95.9184,protein_coding,protein_coding,protein_coding,FALSE,FALSE,FALSE,FALSE
Ube2e2,UBE2E2,Daneman,lung_only,TRUE,TRUE,TRUE,3,ENSG00000182247,ENSMUSG00000058317,ortholog_one2one,99.5025,ENSMMUG00000013069,ortholog_one2one,100,protein_coding,protein_coding,protein_coding,FALSE,FALSE,FALSE,FALSE
Ube2i,UBE2I,Daneman,lung_only,TRUE,FALSE,FALSE,1,ENSG00000103275,ENSMUSG00000015120,ortholog_one2one,100,ENSMMUG00000044277,ortholog_one2one,100,protein_coding,protein_coding,protein_coding,FALSE,FALSE,FALSE,FALSE
Ube2l3,UBE2L3,Daneman,lung_only,TRUE,FALSE,FALSE,1,ENSG00000185651,ENSMUSG00000038965,ortholog_one2many,100,NA,NA,NA,protein_coding,protein_coding,NA,FALSE,FALSE,FALSE,FALSE
Ube2m,UBE2M,Daneman,lung_only,TRUE,FALSE,FALSE,1,ENSG00000130725,ENSMUSG00000005575,ortholog_one2one,100,ENSMMUG00000060050,ortholog_one2one,100,protein_coding,protein_coding,protein_coding,FALSE,FALSE,FALSE,FALSE
Ube2n,UBE2N,Daneman,liver_only,TRUE,FALSE,FALSE,1,ENSG00000177889,ENSMUSG00000074781,ortholog_one2one,100,ENSMMUG00000020634,ortholog_one2one,100,protein_coding,protein_coding,protein_coding,FALSE,FALSE,FALSE,FALSE
Ube3b,UBE3B,Daneman,liver_and_lung,TRUE,FALSE,FALSE,1,ENSG00000151148,ENSMUSG00000029577,ortholog_one2one,92.3221,ENSMMUG00000019650,ortholog_one2one,98.5955,protein_coding,protein_coding,protein_coding,FALSE,FALSE,FALSE,FALSE
Ube4b,UBE4B,Daneman,lung_only,TRUE,FALSE,FALSE,1,ENSG00000130939,ENSMUSG00000028960,ortholog_one2one,87.7112,NA,NA,NA,protein_coding,protein_coding,NA,FALSE,FALSE,FALSE,FALSE
Ubl3,UBL3,Daneman,liver_only,TRUE,FALSE,FALSE,1,ENSG00000122042,ENSMUSG00000001687,ortholog_one2one,99.1453,ENSMMUG00000003771,ortholog_one2one,100,protein_coding,protein_coding,protein_coding,FALSE,FALSE,FALSE,FALSE
Ubl4,UBL4A,Daneman,liver_only,TRUE,FALSE,FALSE,1,ENSG00000102178,ENSMUSG00000015290,ortholog_one2one,89.8089,NA,NA,NA,protein_coding,protein_coding,NA,FALSE,FALSE,FALSE,FALSE
Ubtd1,UBTD1,Daneman,lung_only,TRUE,FALSE,FALSE,1,ENSG00000165886,ENSMUSG00000025171,ortholog_one2one,98.6784,ENSMMUG00000063092,ortholog_one2one,100,protein_coding,protein_coding,protein_coding,FALSE,FALSE,FALSE,FALSE
Uchl1,UCHL1,Daneman,liver_and_lung,TRUE,FALSE,FALSE,1,ENSG00000154277,ENSMUSG00000029223,ortholog_one2one,95.5157,ENSMMUG00000013071,ortholog_one2one,99.1031,protein_coding,protein_coding,protein_coding,FALSE,FALSE,FALSE,FALSE
Ucp2,UCP2,Daneman,liver_only,TRUE,FALSE,FALSE,1,ENSG00000175567,ENSMUSG00000033685,ortholog_one2one,96.1165,ENSMMUG00000002605,ortholog_one2one,97.7346,protein_coding,protein_coding,protein_coding,FALSE,FALSE,FALSE,FALSE
Ufc1,UFC1,Daneman,lung_only,TRUE,FALSE,FALSE,1,ENSG00000143222,ENSMUSG00000062963,ortholog_one2one,97.006,ENSMMUG00000022632,ortholog_one2one,100,protein_coding,protein_coding,protein_coding,FALSE,FALSE,FALSE,FALSE
Uhrf1bp1,UHRF1BP1,Munji,NA,TRUE,FALSE,FALSE,1,NA,NA,NA,NA,NA,NA,NA,NA,NA,NA,FALSE,FALSE,FALSE,FALSE
Unc13b,UNC13B,Daneman,liver_only,TRUE,FALSE,TRUE,2,ENSG00000198722,ENSMUSG00000028456,ortholog_one2one,73.1567,ENSMMUG00000016308,ortholog_one2one,29.7465,protein_coding,protein_coding,protein_coding,FALSE,FALSE,FALSE,FALSE
Unc13c,UNC13C,Munji,NA,TRUE,FALSE,TRUE,2,ENSG00000137766,ENSMUSG00000062151,ortholog_one2one,91.0117,ENSMMUG00000015038,ortholog_one2one,98.2385,protein_coding,protein_coding,protein_coding,FALSE,FALSE,FALSE,FALSE
Uqcrc1,UQCRC1,Daneman,lung_only,TRUE,FALSE,FALSE,1,ENSG00000010256,ENSMUSG00000025651,ortholog_one2one,88.75,ENSMMUG00000014705,ortholog_one2one,94.1667,protein_coding,protein_coding,protein_coding,FALSE,FALSE,FALSE,FALSE
Uqcrh,UQCRHL,Daneman,lung_only,TRUE,FALSE,FALSE,1,ENSG00000233954,ENSMUSG00000063882,ortholog_one2many,86.8132,NA,NA,NA,protein_coding,protein_coding,NA,FALSE,FALSE,FALSE,FALSE
Urod,UROD,Daneman,lung_only,TRUE,FALSE,FALSE,1,ENSG00000126088,ENSMUSG00000028684,ortholog_one2one,92.9155,ENSMMUG00000016623,ortholog_one2one,98.6376,protein_coding,protein_coding,protein_coding,FALSE,FALSE,FALSE,FALSE
Usp18,USP18,Daneman,liver_only,TRUE,FALSE,FALSE,1,ENSG00000184979,ENSMUSG00000030107,ortholog_one2one,70.1613,ENSMMUG00000003272,ortholog_one2one,93.2796,protein_coding,protein_coding,protein_coding,FALSE,FALSE,FALSE,FALSE
Usp3,USP3,Daneman,lung_only,TRUE,FALSE,FALSE,1,ENSG00000140455,ENSMUSG00000032376,ortholog_one2one,96.5385,ENSMMUG00000012114,ortholog_one2one,93.8462,protein_coding,protein_coding,protein_coding,FALSE,FALSE,FALSE,FALSE
Usp33,USP33,Munji,NA,TRUE,FALSE,FALSE,1,ENSG00000077254,ENSMUSG00000025437,ortholog_one2one,92.4259,ENSMMUG00000018326,ortholog_one2one,97.9144,protein_coding,protein_coding,protein_coding,FALSE,FALSE,FALSE,FALSE
Usp42,USP42,Munji,NA,TRUE,FALSE,FALSE,1,ENSG00000106346,ENSMUSG00000051306,ortholog_one2one,69.3769,ENSMMUG00000020321,ortholog_one2one,96.3526,protein_coding,protein_coding,protein_coding,FALSE,FALSE,FALSE,FALSE
Usp53,USP53,Munji,NA,TRUE,FALSE,TRUE,2,ENSG00000145390,ENSMUSG00000039701,ortholog_one2one,74.8369,ENSMMUG00000008705,ortholog_one2one,96.2721,protein_coding,protein_coding,protein_coding,FALSE,FALSE,FALSE,FALSE
Usp54,USP54,Both,liver_only,TRUE,FALSE,TRUE,2,ENSG00000166348,ENSMUSG00000034235,ortholog_one2one,75.6532,ENSMMUG00000001821,ortholog_one2one,96.8527,protein_coding,protein_coding,protein_coding,FALSE,FALSE,FALSE,FALSE
Utp14b,UTP14C,Munji,NA,TRUE,FALSE,FALSE,1,ENSG00000253797,ENSMUSG00000079470,ortholog_many2many,65.6658,ENSMMUG00000016517,ortholog_one2one,92.8198,protein_coding,protein_coding,protein_coding,FALSE,FALSE,FALSE,FALSE
Utp14b,UTP14C,Munji,NA,TRUE,FALSE,FALSE,1,ENSG00000253797,ENSMUSG00000063785,ortholog_many2many,75.3264,ENSMMUG00000016517,ortholog_one2one,92.8198,protein_coding,protein_coding,protein_coding,FALSE,FALSE,FALSE,FALSE
Utrn,UTRN,Both,liver_only,TRUE,FALSE,TRUE,2,ENSG00000152818,ENSMUSG00000019820,ortholog_one2one,87.5036,ENSMMUG00000019438,ortholog_one2one,97.1454,protein_coding,protein_coding,protein_coding,FALSE,FALSE,FALSE,FALSE
Vamp4,VAMP4,Daneman,liver_only,TRUE,FALSE,FALSE,1,ENSG00000117533,ENSMUSG00000026696,ortholog_one2one,97.1631,ENSMMUG00000023203,ortholog_one2one,100,protein_coding,protein_coding,protein_coding,FALSE,FALSE,FALSE,FALSE
Vangl2,VANGL2,Munji,NA,TRUE,FALSE,FALSE,1,ENSG00000162738,ENSMUSG00000026556,ortholog_one2one,99.4242,ENSMMUG00000020295,ortholog_one2one,99.8081,protein_coding,protein_coding,protein_coding,FALSE,FALSE,FALSE,FALSE
Vasp,VASP,Daneman,lung_only,TRUE,FALSE,FALSE,1,ENSG00000125753,ENSMUSG00000030403,ortholog_one2one,87.6316,ENSMMUG00000022938,ortholog_one2one,80,protein_coding,protein_coding,protein_coding,FALSE,FALSE,FALSE,FALSE
Vav3,VAV3,Daneman,lung_only,TRUE,FALSE,FALSE,1,ENSG00000134215,ENSMUSG00000033721,ortholog_one2one,95.3955,ENSMMUG00000019714,ortholog_one2one,92.68,protein_coding,protein_coding,protein_coding,FALSE,FALSE,FALSE,FALSE
Vcam1,VCAM1,Daneman,liver_only,TRUE,FALSE,TRUE,2,ENSG00000162692,ENSMUSG00000027962,ortholog_one2one,75.7781,ENSMMUG00000022906,ortholog_one2one,94.452,protein_coding,protein_coding,protein_coding,FALSE,FALSE,FALSE,FALSE
Vcp,VCP,Daneman,lung_only,TRUE,FALSE,FALSE,1,ENSG00000165280,ENSMUSG00000028452,ortholog_one2one,100,ENSMMUG00000020190,ortholog_one2one,99.6278,protein_coding,protein_coding,protein_coding,FALSE,FALSE,FALSE,FALSE
Vdac1,VDAC1,Daneman,lung_only,TRUE,FALSE,FALSE,1,ENSG00000213585,ENSMUSG00000020402,ortholog_one2one,98.5866,NA,NA,NA,protein_coding,protein_coding,NA,FALSE,FALSE,FALSE,FALSE
Vil1,VIL1,Munji,NA,TRUE,FALSE,FALSE,1,ENSG00000127831,ENSMUSG00000026175,ortholog_one2one,89.601,ENSMMUG00000016899,ortholog_one2one,97.7025,protein_coding,protein_coding,protein_coding,FALSE,FALSE,FALSE,FALSE
Vps36,VPS36,Daneman,liver_only,TRUE,FALSE,FALSE,1,ENSG00000136100,ENSMUSG00000031479,ortholog_one2one,95.8549,ENSMMUG00000011360,ortholog_one2one,99.7409,protein_coding,protein_coding,protein_coding,FALSE,FALSE,FALSE,FALSE
Vps41,VPS41,Daneman,liver_only,TRUE,FALSE,FALSE,1,ENSG00000006715,ENSMUSG00000041236,ortholog_one2one,97.1897,ENSMMUG00000010042,ortholog_one2one,99.6487,protein_coding,protein_coding,protein_coding,FALSE,FALSE,FALSE,FALSE
Vstm2b,VSTM2B,Munji,NA,FALSE,FALSE,FALSE,0,ENSG00000187135,ENSMUSG00000039257,ortholog_one2one,89.4737,ENSMMUG00000007392,ortholog_one2one,96.4912,protein_coding,protein_coding,protein_coding,FALSE,FALSE,FALSE,FALSE
Vtn,VTN,Daneman,liver_and_lung,TRUE,FALSE,FALSE,1,ENSG00000109072,ENSMUSG00000017344,ortholog_one2one,74.0586,ENSMMUG00000019148,ortholog_one2one,85.7741,protein_coding,protein_coding,protein_coding,FALSE,FALSE,FALSE,FALSE
Vwa1,VWA1,Munji,NA,TRUE,FALSE,FALSE,1,ENSG00000179403,ENSMUSG00000042116,ortholog_one2one,73.0337,ENSMMUG00000053801,ortholog_one2one,72.3596,protein_coding,protein_coding,protein_coding,FALSE,FALSE,FALSE,FALSE
Wasf3,WASF3,Munji,NA,TRUE,FALSE,FALSE,1,ENSG00000132970,ENSMUSG00000029636,ortholog_one2one,93.6255,ENSMMUG00000005055,ortholog_one2one,99.6016,protein_coding,protein_coding,protein_coding,FALSE,FALSE,FALSE,FALSE
Wdr1,WDR1,Daneman,lung_only,TRUE,FALSE,TRUE,2,ENSG00000071127,ENSMUSG00000005103,ortholog_one2one,95.2145,ENSMMUG00000000960,ortholog_one2one,97.3597,protein_coding,protein_coding,protein_coding,FALSE,FALSE,FALSE,FALSE
Wdr26,WDR26,Daneman,lung_only,TRUE,FALSE,FALSE,1,ENSG00000162923,ENSMUSG00000038733,ortholog_one2one,82.9172,ENSMMUG00000012227,ortholog_one2one,86.8594,protein_coding,protein_coding,protein_coding,FALSE,FALSE,FALSE,FALSE
Wdr6,WDR6,Daneman,lung_only,TRUE,FALSE,FALSE,1,ENSG00000178252,ENSMUSG00000066357,ortholog_one2one,86.7975,ENSMMUG00000005649,ortholog_one2one,97.6806,protein_coding,protein_coding,protein_coding,FALSE,FALSE,FALSE,FALSE
Wdr83,WDR83,Munji,NA,TRUE,FALSE,FALSE,1,ENSG00000123154,ENSMUSG00000005150,ortholog_one2one,93.9683,ENSMMUG00000016868,ortholog_one2one,98.0952,protein_coding,protein_coding,protein_coding,FALSE,FALSE,FALSE,FALSE
Wfdc1,WFDC1,Daneman,liver_only,TRUE,FALSE,FALSE,1,ENSG00000103175,ENSMUSG00000023336,ortholog_one2one,79.5455,ENSMMUG00000004442,ortholog_one2one,77.7273,protein_coding,protein_coding,protein_coding,FALSE,FALSE,FALSE,FALSE
Wnk1,WNK1,Daneman,liver_only,TRUE,FALSE,FALSE,1,ENSG00000060237,ENSMUSG00000045962,ortholog_one2one,80.2267,ENSMMUG00000018650,ortholog_one2one,96.9773,protein_coding,protein_coding,protein_coding,FALSE,FALSE,FALSE,FALSE
Wnk2,WNK2,Munji,NA,TRUE,FALSE,FALSE,1,ENSG00000165238,ENSMUSG00000037989,ortholog_one2one,78.9806,ENSMMUG00000013881,ortholog_one2one,95.1286,protein_coding,protein_coding,protein_coding,FALSE,FALSE,FALSE,FALSE
Wnt5a,WNT5A,Munji,NA,TRUE,FALSE,FALSE,1,ENSG00000114251,ENSMUSG00000021994,ortholog_one2one,98.6842,ENSMMUG00000061281,ortholog_one2one,98.4211,protein_coding,protein_coding,protein_coding,FALSE,FALSE,FALSE,FALSE
Wsb2,WSB2,Daneman,lung_only,TRUE,FALSE,FALSE,1,ENSG00000176871,ENSMUSG00000029364,ortholog_one2one,95.5446,ENSMMUG00000010236,ortholog_one2many,99.0099,protein_coding,protein_coding,protein_coding,FALSE,FALSE,FALSE,FALSE
Wsb2,WSB2,Daneman,lung_only,TRUE,FALSE,FALSE,1,ENSG00000176871,ENSMUSG00000029364,ortholog_one2one,95.5446,ENSMMUG00000044974,ortholog_one2many,89.8515,protein_coding,protein_coding,protein_coding,FALSE,FALSE,FALSE,FALSE
Wwtr1,WWTR1,Daneman,lung_only,TRUE,FALSE,TRUE,2,ENSG00000018408,ENSMUSG00000027803,ortholog_one2one,90.75,ENSMMUG00000018982,ortholog_one2one,98.25,protein_coding,protein_coding,protein_coding,FALSE,FALSE,FALSE,FALSE
Xdh,XDH,Daneman,liver_only,FALSE,FALSE,FALSE,0,ENSG00000158125,ENSMUSG00000024066,ortholog_one2one,89.2723,ENSMMUG00000000561,ortholog_one2one,97.0743,protein_coding,protein_coding,protein_coding,FALSE,FALSE,FALSE,FALSE
Ywhab,YWHAB,Daneman,liver_and_lung,TRUE,FALSE,FALSE,1,ENSG00000166913,ENSMUSG00000018326,ortholog_one2one,98.7805,ENSMMUG00000013206,ortholog_one2one,93.0894,protein_coding,protein_coding,protein_coding,FALSE,FALSE,FALSE,FALSE
Zbtb20,ZBTB20,Daneman,liver_only,TRUE,FALSE,TRUE,2,ENSG00000181722,ENSMUSG00000022708,ortholog_one2one,97.7058,ENSMMUG00000020641,ortholog_one2one,99.3252,protein_coding,protein_coding,protein_coding,FALSE,FALSE,FALSE,FALSE
Zbtb34,ZBTB34,Daneman,lung_only,TRUE,FALSE,FALSE,1,ENSG00000177125,ENSMUSG00000068966,ortholog_one2one,92.8571,ENSMMUG00000050175,ortholog_one2one,100,protein_coding,protein_coding,protein_coding,FALSE,FALSE,FALSE,FALSE
Zbtb4,ZBTB4,Daneman,liver_only,TRUE,FALSE,FALSE,1,ENSG00000283868,NA,NA,NA,NA,NA,NA,protein_coding,NA,NA,FALSE,FALSE,FALSE,FALSE
Zbtb41,ZBTB41,Daneman,liver_only,TRUE,FALSE,FALSE,1,ENSG00000177888,ENSMUSG00000033964,ortholog_one2one,93.7294,ENSMMUG00000058395,ortholog_one2one,99.3399,protein_coding,protein_coding,protein_coding,FALSE,FALSE,FALSE,FALSE
Zbtb45,ZBTB45,Munji,NA,TRUE,FALSE,FALSE,1,ENSG00000119574,ENSMUSG00000049600,ortholog_one2one,87.6712,ENSMMUG00000017874,ortholog_one2one,98.6301,protein_coding,protein_coding,protein_coding,FALSE,FALSE,FALSE,FALSE
Zc3h4,ZC3H4,Munji,NA,TRUE,FALSE,FALSE,1,ENSG00000130749,ENSMUSG00000059273,ortholog_one2one,91.5579,ENSMMUG00000014709,ortholog_one2one,91.8649,protein_coding,protein_coding,protein_coding,FALSE,FALSE,FALSE,FALSE
Zcchc2,ZCCHC2,Daneman,liver_only,TRUE,FALSE,FALSE,1,ENSG00000141664,ENSMUSG00000038866,ortholog_one2one,85.9932,ENSMMUG00000004434,ortholog_one2one,98.3871,protein_coding,protein_coding,protein_coding,FALSE,FALSE,FALSE,FALSE
Zcchc6,ZCCHC6,Daneman,liver_only,TRUE,FALSE,FALSE,1,NA,NA,NA,NA,NA,NA,NA,NA,NA,NA,FALSE,FALSE,FALSE,FALSE
Zdhhc14,ZDHHC14,Daneman,liver_only,TRUE,FALSE,FALSE,1,ENSG00000175048,ENSMUSG00000034265,ortholog_one2one,94.8771,ENSMMUG00000015872,ortholog_one2one,99.7951,protein_coding,protein_coding,protein_coding,FALSE,FALSE,FALSE,FALSE
Zfp3,ZFP3,Munji,NA,TRUE,FALSE,FALSE,1,ENSG00000180787,ENSMUSG00000043602,ortholog_one2one,85.6574,ENSMMUG00000056095,ortholog_one2one,97.4104,protein_coding,protein_coding,protein_coding,FALSE,FALSE,FALSE,FALSE
Zfp37,ZFP37,Daneman,liver_only,TRUE,FALSE,FALSE,1,ENSG00000136866,ENSMUSG00000028389,ortholog_one2one,69.2064,ENSMMUG00000002079,ortholog_one2one,94.9206,protein_coding,protein_coding,protein_coding,FALSE,FALSE,FALSE,FALSE
Zfp69,ZFP69,Daneman,lung_only,TRUE,FALSE,FALSE,1,ENSG00000187815,ENSMUSG00000064141,ortholog_one2one,75.0951,NA,NA,NA,protein_coding,protein_coding,NA,FALSE,FALSE,FALSE,FALSE
Zhx3,ZHX3,Daneman,liver_only,TRUE,FALSE,TRUE,2,ENSG00000174306,ENSMUSG00000035877,ortholog_one2one,85.3557,ENSMMUG00000005904,ortholog_one2one,97.6987,protein_coding,protein_coding,protein_coding,FALSE,FALSE,FALSE,FALSE
Zic1,ZIC1,Daneman,liver_and_lung,TRUE,FALSE,TRUE,2,ENSG00000152977,ENSMUSG00000032368,ortholog_one2one,99.3289,ENSMMUG00000004742,ortholog_one2one,100,protein_coding,protein_coding,protein_coding,FALSE,FALSE,FALSE,FALSE
Zic2,ZIC2,Munji,NA,TRUE,FALSE,FALSE,1,ENSG00000043355,ENSMUSG00000061524,ortholog_one2one,98.1203,ENSMMUG00000014822,ortholog_one2one,99.6241,protein_coding,protein_coding,protein_coding,FALSE,FALSE,FALSE,FALSE
Zic3,ZIC3,Munji,NA,TRUE,FALSE,FALSE,1,ENSG00000156925,ENSMUSG00000067860,ortholog_one2one,98.2869,ENSMMUG00000002023,ortholog_one2one,98.7152,protein_coding,protein_coding,protein_coding,FALSE,FALSE,FALSE,FALSE
Zic5,ZIC5,Both,liver_only,TRUE,FALSE,FALSE,1,ENSG00000139800,ENSMUSG00000041703,ortholog_one2one,86.5415,ENSMMUG00000014821,ortholog_one2one,97.0266,protein_coding,protein_coding,protein_coding,FALSE,FALSE,FALSE,FALSE
Zmynd19,ZMYND19,Munji,NA,TRUE,FALSE,FALSE,1,ENSG00000165724,ENSMUSG00000026974,ortholog_one2one,100,ENSMMUG00000019610,ortholog_one2one,100,protein_coding,protein_coding,protein_coding,FALSE,FALSE,FALSE,FALSE
Zfp219,ZNF219,Munji,NA,TRUE,FALSE,FALSE,1,ENSG00000165804,ENSMUSG00000049295,ortholog_one2one,88.7812,ENSMMUG00000006461,ortholog_one2one,97.6454,protein_coding,protein_coding,protein_coding,FALSE,FALSE,FALSE,FALSE
Zfp647,ZNF250,Munji,NA,TRUE,FALSE,FALSE,1,ENSG00000196150,ENSMUSG00000054967,ortholog_one2one,82.8829,ENSMMUG00000011548,ortholog_one2one,98.3784,protein_coding,protein_coding,protein_coding,FALSE,FALSE,FALSE,FALSE
Zfp110,ZNF274,Daneman,liver_only,TRUE,FALSE,FALSE,1,ENSG00000171606,ENSMUSG00000058638,ortholog_one2many,58.193,ENSMMUG00000020505,ortholog_one2one,95.8652,protein_coding,protein_coding,protein_coding,FALSE,FALSE,FALSE,FALSE
Zfp110,ZNF274,Daneman,liver_only,TRUE,FALSE,FALSE,1,ENSG00000171606,ENSMUSG00000021514,ortholog_one2many,56.8147,ENSMMUG00000020505,ortholog_one2one,95.8652,protein_coding,protein_coding,protein_coding,FALSE,FALSE,FALSE,FALSE
Zfp366,ZNF366,Munji,NA,TRUE,FALSE,TRUE,2,ENSG00000178175,ENSMUSG00000050919,ortholog_one2one,86.0215,ENSMMUG00000003586,ortholog_one2one,97.7151,protein_coding,protein_coding,protein_coding,FALSE,FALSE,FALSE,FALSE
Zfp383,ZNF383,Daneman,liver_only,TRUE,FALSE,FALSE,1,ENSG00000188283,ENSMUSG00000099689,ortholog_one2one,83.7895,NA,NA,NA,protein_coding,protein_coding,NA,FALSE,FALSE,FALSE,FALSE
Zfp423,ZNF423,Munji,NA,TRUE,FALSE,FALSE,1,ENSG00000102935,ENSMUSG00000045333,ortholog_one2one,98.2972,ENSMMUG00000021261,ortholog_one2one,98.7616,protein_coding,protein_coding,protein_coding,FALSE,FALSE,FALSE,FALSE
Zfp521,ZNF521,Daneman,lung_only,TRUE,FALSE,TRUE,2,ENSG00000198795,ENSMUSG00000024420,ortholog_one2one,97.4828,ENSMMUG00000008600,ortholog_one2one,99.7712,protein_coding,protein_coding,protein_coding,FALSE,FALSE,FALSE,FALSE
Zfp668,ZNF668,Munji,NA,TRUE,FALSE,FALSE,1,ENSG00000167394,ENSMUSG00000049728,ortholog_one2one,92.084,ENSMMUG00000011867,ortholog_one2one,98.546,protein_coding,protein_coding,protein_coding,FALSE,FALSE,FALSE,FALSE
Zfp707,ZNF707,Munji,NA,TRUE,FALSE,FALSE,1,ENSG00000274352,NA,NA,NA,NA,NA,NA,protein_coding,NA,NA,FALSE,FALSE,FALSE,FALSE
Zfp865,ZNF865,Munji,NA,TRUE,FALSE,FALSE,1,ENSG00000261221,ENSMUSG00000074405,ortholog_one2one,88.2908,NA,NA,NA,protein_coding,protein_coding,NA,FALSE,FALSE,FALSE,FALSE
Znrf3,ZNRF3,Munji,NA,TRUE,FALSE,FALSE,1,ENSG00000183579,ENSMUSG00000041961,ortholog_one2one,85.1496,ENSMMUG00000000025,ortholog_one2one,98.1838,protein_coding,protein_coding,protein_coding,FALSE,FALSE,FALSE,FALSE
Zswim1,ZSWIM1,Munji,NA,TRUE,FALSE,FALSE,1,ENSG00000168612,ENSMUSG00000017764,ortholog_one2one,79.5876,ENSMMUG00000042855,ortholog_one2one,92.1649,protein_coding,protein_coding,protein_coding,FALSE,FALSE,FALSE,FALSE
Zwint,ZWINT,Daneman,lung_only,TRUE,FALSE,FALSE,1,ENSG00000122952,ENSMUSG00000019923,ortholog_one2one,49.8195,ENSMMUG00000022376,ortholog_one2one,95.6679,protein_coding,protein_coding,protein_coding,FALSE,FALSE,FALSE,FALSE
Zyx,ZYX,Daneman,lung_only,TRUE,FALSE,FALSE,1,ENSG00000285443,NA,NA,NA,NA,NA,NA,protein_coding,NA,NA,FALSE,FALSE,FALSE,FALSE
